id	subject	predicate	object	category	primary_knowledge_source	knowledge_level	agent_type	subject_aspect_qualifier	object_direction_qualifier	anatomical_context_qualifier	geoatlas:context	geoatlas:effect_size	geoatlas:standard_error	geoatlas:detection_floor	geoatlas:detected	geoatlas:source_edge_type	geoatlas:cell_type_context	geoatlas:dataset_context	geoatlas:severity_axis	geoatlas:composition_share	geoatlas:interaction_term	geoatlas:quadrant	geoatlas:vintage
geoatlas:e000000	ENSEMBL:ENSG00000143416	biolink:correlated_with	MONDO:0004975	biolink:GeneToDiseaseAssociation	infores:geoatlas	statistical_association	data_analysis_pipeline	expression	decreased	UBERON:0002771	microglia · MTG	-0.9306704169039532	0.07911645280062092	0.22168430074733983	true	RESPONDS_TO	CL:0000129	geoatlas:DATASET:SEA-AD	geoatlas:AXIS:CPS	0.028596329238002892	-0.0101669761182149	unresolved	unverified
geoatlas:e000001	ENSEMBL:ENSG00000157005	biolink:correlated_with	MONDO:0004975	biolink:GeneToDiseaseAssociation	infores:geoatlas	statistical_association	data_analysis_pipeline	expression	decreased	UBERON:0002771	microglia · MTG	-1.0572083519496978	0.09523275434043799	0.26684217766190726	true	RESPONDS_TO	CL:0000129	geoatlas:DATASET:SEA-AD	geoatlas:AXIS:CPS	0.008245568698585115	-0.0017713628089796	unresolved	unverified
geoatlas:e000002	ENSEMBL:ENSG00000242258	biolink:correlated_with	MONDO:0004975	biolink:GeneToDiseaseAssociation	infores:geoatlas	statistical_association	data_analysis_pipeline	expression	decreased	UBERON:0002771	microglia · MTG	-1.343391018451293	0.11974246282968391	0.33551838084877433	true	RESPONDS_TO	CL:0000129	geoatlas:DATASET:SEA-AD	geoatlas:AXIS:CPS	0.039515110824467736	-0.041640757333558	unresolved	unverified
geoatlas:e000003	ENSEMBL:ENSG00000286195	biolink:correlated_with	MONDO:0004975	biolink:GeneToDiseaseAssociation	infores:geoatlas	statistical_association	data_analysis_pipeline	expression	decreased	UBERON:0002771	microglia · MTG	-0.762613462566095	0.07042789864445487	0.19733897200176254	true	RESPONDS_TO	CL:0000129	geoatlas:DATASET:SEA-AD	geoatlas:AXIS:CPS	0.047461116525443846	-0.0065204907147148	unresolved	unverified
geoatlas:e000004	ENSEMBL:ENSG00000146072	biolink:correlated_with	MONDO:0004975	biolink:GeneToDiseaseAssociation	infores:geoatlas	statistical_association	data_analysis_pipeline	expression	decreased	UBERON:0002771	microglia · MTG	-0.5411391982605358	0.05058544411298773	0.14174041440459162	true	RESPONDS_TO	CL:0000129	geoatlas:DATASET:SEA-AD	geoatlas:AXIS:CPS	0.06499939128175179	-0.0107508725785742	unresolved	unverified
geoatlas:e000005	ENSEMBL:ENSG00000144724	biolink:correlated_with	MONDO:0004975	biolink:GeneToDiseaseAssociation	infores:geoatlas	statistical_association	data_analysis_pipeline	expression	increased	UBERON:0002771	microglia · MTG	0.4691305007879723	0.0455684003055847	0.12768265765624834	true	RESPONDS_TO	CL:0000129	geoatlas:DATASET:SEA-AD	geoatlas:AXIS:CPS	0.09024587735364406	-0.1407170032243343	unresolved	unverified
geoatlas:e000006	ENSEMBL:ENSG00000164761	biolink:correlated_with	MONDO:0004975	biolink:GeneToDiseaseAssociation	infores:geoatlas	statistical_association	data_analysis_pipeline	expression	increased	UBERON:0002771	microglia · MTG	1.0194215102984543	0.09996358538123254	0.2800979662382136	true	RESPONDS_TO	CL:0000129	geoatlas:DATASET:SEA-AD	geoatlas:AXIS:CPS	0.01040163529815866	-0.0159401803655221	unresolved	unverified
geoatlas:e000007	ENSEMBL:ENSG00000253298	biolink:correlated_with	MONDO:0004975	biolink:GeneToDiseaseAssociation	infores:geoatlas	statistical_association	data_analysis_pipeline	expression	decreased	UBERON:0002771	microglia · MTG	-1.1014465027796272	0.11212302211132896	0.31416870795594376	true	RESPONDS_TO	CL:0000129	geoatlas:DATASET:SEA-AD	geoatlas:AXIS:CPS	0.05805996447130342	-0.0075021980078974	unresolved	unverified
geoatlas:e000008	ENSEMBL:ENSG00000099954	biolink:correlated_with	MONDO:0004975	biolink:GeneToDiseaseAssociation	infores:geoatlas	statistical_association	data_analysis_pipeline	expression	decreased	UBERON:0002771	microglia · MTG	-0.5337552301560746	0.05261307380496785	0.14742183280151994	true	RESPONDS_TO	CL:0000129	geoatlas:DATASET:SEA-AD	geoatlas:AXIS:CPS	0.02647519115774991	-0.0332001354078293	unresolved	unverified
geoatlas:e000009	ENSEMBL:ENSG00000253474	biolink:correlated_with	MONDO:0004975	biolink:GeneToDiseaseAssociation	infores:geoatlas	statistical_association	data_analysis_pipeline	expression	decreased	UBERON:0002771	microglia · MTG	-0.9908833295485652	0.09974883956160098	0.279496248451606	true	RESPONDS_TO	CL:0000129	geoatlas:DATASET:SEA-AD	geoatlas:AXIS:CPS	0.028740225801191472	-0.0170405484359724	unresolved	unverified
geoatlas:e000010	ENSEMBL:ENSG00000232591	biolink:correlated_with	MONDO:0004975	biolink:GeneToDiseaseAssociation	infores:geoatlas	statistical_association	data_analysis_pipeline	expression	decreased	UBERON:0002771	microglia · MTG	-0.7207272791086098	0.07526071622615887	0.21088052686569717	true	RESPONDS_TO	CL:0000129	geoatlas:DATASET:SEA-AD	geoatlas:AXIS:CPS	0.009072287030261122	-0.0776687221521562	unresolved	unverified
geoatlas:e000011	ENSEMBL:ENSG00000283052	biolink:correlated_with	MONDO:0004975	biolink:GeneToDiseaseAssociation	infores:geoatlas	statistical_association	data_analysis_pipeline	expression	decreased	UBERON:0002771	microglia · MTG	-0.7739767291771561	0.08184267271298991	0.22932316894179772	true	RESPONDS_TO	CL:0000129	geoatlas:DATASET:SEA-AD	geoatlas:AXIS:CPS	0.04945909022797219	-0.0091692186844638	unresolved	unverified
geoatlas:e000012	ENSEMBL:ENSG00000287826	biolink:correlated_with	MONDO:0004975	biolink:GeneToDiseaseAssociation	infores:geoatlas	statistical_association	data_analysis_pipeline	expression	decreased	UBERON:0002771	microglia · MTG	-0.6674620664246014	0.07168710872339912	0.20086727864296433	true	RESPONDS_TO	CL:0000129	geoatlas:DATASET:SEA-AD	geoatlas:AXIS:CPS	0.019311814118286988	-0.0114805733960965	unresolved	unverified
geoatlas:e000013	ENSEMBL:ENSG00000286625	biolink:correlated_with	MONDO:0004975	biolink:GeneToDiseaseAssociation	infores:geoatlas	statistical_association	data_analysis_pipeline	expression	decreased	UBERON:0002771	microglia · MTG	-0.9214392888477428	0.1022785842064238	0.2865845929463995	true	RESPONDS_TO	CL:0000129	geoatlas:DATASET:SEA-AD	geoatlas:AXIS:CPS	0.038133424706688665	-0.0065178622504914	unresolved	unverified
geoatlas:e000014	ENSEMBL:ENSG00000117984	biolink:correlated_with	MONDO:0004975	biolink:GeneToDiseaseAssociation	infores:geoatlas	statistical_association	data_analysis_pipeline	expression	increased	UBERON:0002771	microglia · MTG	0.3672785914503662	0.04004966668336147	0.11221916604677884	true	RESPONDS_TO	CL:0000129	geoatlas:DATASET:SEA-AD	geoatlas:AXIS:CPS	0.06044187858384144	-0.047883140968036	unresolved	unverified
geoatlas:e000015	ENSEMBL:ENSG00000212907	biolink:correlated_with	MONDO:0004975	biolink:GeneToDiseaseAssociation	infores:geoatlas	statistical_association	data_analysis_pipeline	expression	increased	UBERON:0002771	microglia · MTG	0.715855882512089	0.0783252903608879	0.2194674635912079	true	RESPONDS_TO	CL:0000129	geoatlas:DATASET:SEA-AD	geoatlas:AXIS:CPS			unresolved	unverified
geoatlas:e000016	ENSEMBL:ENSG00000140563	biolink:correlated_with	MONDO:0004975	biolink:GeneToDiseaseAssociation	infores:geoatlas	statistical_association	data_analysis_pipeline	expression	decreased	UBERON:0002771	microglia · MTG	-0.6716583221188079	0.07379947710183833	0.20678613483935102	true	RESPONDS_TO	CL:0000129	geoatlas:DATASET:SEA-AD	geoatlas:AXIS:CPS	0.07194941929222352	-0.0157062562172567	unresolved	unverified
geoatlas:e000017	ENSEMBL:ENSG00000163958	biolink:correlated_with	MONDO:0004975	biolink:GeneToDiseaseAssociation	infores:geoatlas	statistical_association	data_analysis_pipeline	expression	decreased	UBERON:0002771	microglia · MTG	-0.6200562875329515	0.06864331565605164	0.1923385704682567	true	RESPONDS_TO	CL:0000129	geoatlas:DATASET:SEA-AD	geoatlas:AXIS:CPS	0.03622521768872443	-0.0069689218419237	unresolved	unverified
geoatlas:e000018	ENSEMBL:ENSG00000288025	biolink:correlated_with	MONDO:0004975	biolink:GeneToDiseaseAssociation	infores:geoatlas	statistical_association	data_analysis_pipeline	expression	increased	UBERON:0002771	microglia · MTG	0.5570989088373601	0.06231815850563724	0.17461548013279554	true	RESPONDS_TO	CL:0000129	geoatlas:DATASET:SEA-AD	geoatlas:AXIS:CPS	0.006507562300451949	-0.0393791294771433	unresolved	unverified
geoatlas:e000019	ENSEMBL:ENSG00000251381	biolink:correlated_with	MONDO:0004975	biolink:GeneToDiseaseAssociation	infores:geoatlas	statistical_association	data_analysis_pipeline	expression	decreased	UBERON:0002771	microglia · MTG	-0.8481128216582418	0.09718852775085883	0.27232225475790645	true	RESPONDS_TO	CL:0000129	geoatlas:DATASET:SEA-AD	geoatlas:AXIS:CPS	0.044965672674465655	-0.0109735156804975	unresolved	unverified
geoatlas:e000020	ENSEMBL:ENSG00000198786	biolink:correlated_with	MONDO:0004975	biolink:GeneToDiseaseAssociation	infores:geoatlas	statistical_association	data_analysis_pipeline	expression	increased	UBERON:0002771	microglia · MTG	0.5668918050901689	0.06428482225385829	0.1801260719553109	true	RESPONDS_TO	CL:0000129	geoatlas:DATASET:SEA-AD	geoatlas:AXIS:CPS			unresolved	unverified
geoatlas:e000021	ENSEMBL:ENSG00000053524	biolink:correlated_with	MONDO:0004975	biolink:GeneToDiseaseAssociation	infores:geoatlas	statistical_association	data_analysis_pipeline	expression	decreased	UBERON:0002771	microglia · MTG	-0.3775540410479833	0.04284801232208552	0.12006013052648364	true	RESPONDS_TO	CL:0000129	geoatlas:DATASET:SEA-AD	geoatlas:AXIS:CPS	0.048177639220480885	-0.0624653690952372	unresolved	unverified
geoatlas:e000022	ENSEMBL:ENSG00000286023	biolink:correlated_with	MONDO:0004975	biolink:GeneToDiseaseAssociation	infores:geoatlas	statistical_association	data_analysis_pipeline	expression	decreased	UBERON:0002771	microglia · MTG	-0.7979943514333603	0.09193291909104533	0.257596039293109	true	RESPONDS_TO	CL:0000129	geoatlas:DATASET:SEA-AD	geoatlas:AXIS:CPS	0.02182185895788792	-0.0024148733932464	unresolved	unverified
geoatlas:e000023	ENSEMBL:ENSG00000198763	biolink:correlated_with	MONDO:0004975	biolink:GeneToDiseaseAssociation	infores:geoatlas	statistical_association	data_analysis_pipeline	expression	increased	UBERON:0002771	microglia · MTG	0.5499105232968463	0.06296560901800664	0.1764296364684546	true	RESPONDS_TO	CL:0000129	geoatlas:DATASET:SEA-AD	geoatlas:AXIS:CPS			unresolved	unverified
geoatlas:e000024	ENSEMBL:ENSG00000224968	biolink:correlated_with	MONDO:0004975	biolink:GeneToDiseaseAssociation	infores:geoatlas	statistical_association	data_analysis_pipeline	expression	decreased	UBERON:0002771	microglia · MTG	-0.9695116734526996	0.11258668619123963	0.3154678947078534	true	RESPONDS_TO	CL:0000129	geoatlas:DATASET:SEA-AD	geoatlas:AXIS:CPS	0.06429895710638213	-0.0054005931269621	unresolved	unverified
geoatlas:e000025	ENSEMBL:ENSG00000145703	biolink:correlated_with	MONDO:0004975	biolink:GeneToDiseaseAssociation	infores:geoatlas	statistical_association	data_analysis_pipeline	expression	increased	UBERON:0002771	microglia · MTG	0.4450273558008135	0.051298365079546535	0.1437380189528894	true	RESPONDS_TO	CL:0000129	geoatlas:DATASET:SEA-AD	geoatlas:AXIS:CPS	0.012842405930244282	0.031791790401348	unresolved	unverified
geoatlas:e000026	ENSEMBL:ENSG00000111181	biolink:correlated_with	MONDO:0004975	biolink:GeneToDiseaseAssociation	infores:geoatlas	statistical_association	data_analysis_pipeline	expression	increased	UBERON:0002771	microglia · MTG	1.081811532504657	0.12903981641362158	0.3615695655909677	true	RESPONDS_TO	CL:0000129	geoatlas:DATASET:SEA-AD	geoatlas:AXIS:CPS	0.02684254551710115	-0.0002338033133314	unresolved	unverified
geoatlas:e000027	ENSEMBL:ENSG00000148730	biolink:correlated_with	MONDO:0004975	biolink:GeneToDiseaseAssociation	infores:geoatlas	statistical_association	data_analysis_pipeline	expression	increased	UBERON:0002771	microglia · MTG	0.2105564424899161	0.024531019361383435	0.06873591625059638	true	RESPONDS_TO	CL:0000129	geoatlas:DATASET:SEA-AD	geoatlas:AXIS:CPS	0.0048366973227343055	-0.0300975067549393	unresolved	unverified
geoatlas:e000028	ENSEMBL:ENSG00000244286	biolink:correlated_with	MONDO:0004975	biolink:GeneToDiseaseAssociation	infores:geoatlas	statistical_association	data_analysis_pipeline	expression	decreased	UBERON:0002771	microglia · MTG	-0.5219575389144024	0.060824285682055466	0.1704296484811194	true	RESPONDS_TO	CL:0000129	geoatlas:DATASET:SEA-AD	geoatlas:AXIS:CPS	0.08734797013843389	-0.0053956434751054	unresolved	unverified
geoatlas:e000029	ENSEMBL:ENSG00000198829	biolink:correlated_with	MONDO:0004975	biolink:GeneToDiseaseAssociation	infores:geoatlas	statistical_association	data_analysis_pipeline	expression	decreased	UBERON:0002771	microglia · MTG	-0.6958138262567216	0.08202832115369786	0.22984335587266141	true	RESPONDS_TO	CL:0000129	geoatlas:DATASET:SEA-AD	geoatlas:AXIS:CPS	0.050181952878208945	-0.0134906506328876	unresolved	unverified
geoatlas:e000030	ENSEMBL:ENSG00000164188	biolink:correlated_with	MONDO:0004975	biolink:GeneToDiseaseAssociation	infores:geoatlas	statistical_association	data_analysis_pipeline	expression	increased	UBERON:0002771	microglia · MTG	1.2547789947141947	0.14821266741813977	0.4152918941056276	true	RESPONDS_TO	CL:0000129	geoatlas:DATASET:SEA-AD	geoatlas:AXIS:CPS	0.007368082389105351	-0.0154769894644264	unresolved	unverified
geoatlas:e000031	ENSEMBL:ENSG00000143995	biolink:correlated_with	MONDO:0004975	biolink:GeneToDiseaseAssociation	infores:geoatlas	statistical_association	data_analysis_pipeline	expression	decreased	UBERON:0002771	microglia · MTG	-0.6689134443042936	0.07912351093634716	0.22170407764364475	true	RESPONDS_TO	CL:0000129	geoatlas:DATASET:SEA-AD	geoatlas:AXIS:CPS	0.010631186154301862	-0.0105227259137329	unresolved	unverified
geoatlas:e000032	ENSEMBL:ENSG00000283413	biolink:correlated_with	MONDO:0004975	biolink:GeneToDiseaseAssociation	infores:geoatlas	statistical_association	data_analysis_pipeline	expression	decreased	UBERON:0002771	microglia · MTG	-0.8978646778709116	0.10858341357575095	0.3042507248392542	true	RESPONDS_TO	CL:0000129	geoatlas:DATASET:SEA-AD	geoatlas:AXIS:CPS	0.04663764626631726	-0.0051959854987847	unresolved	unverified
geoatlas:e000033	ENSEMBL:ENSG00000198886	biolink:correlated_with	MONDO:0004975	biolink:GeneToDiseaseAssociation	infores:geoatlas	statistical_association	data_analysis_pipeline	expression	increased	UBERON:0002771	microglia · MTG	0.5432968729416175	0.06453386169840455	0.18082388047892956	true	RESPONDS_TO	CL:0000129	geoatlas:DATASET:SEA-AD	geoatlas:AXIS:CPS			unresolved	unverified
geoatlas:e000034	geoatlas:GENE:MAP3K5-AS2	biolink:correlated_with	MONDO:0004975	biolink:GeneToDiseaseAssociation	infores:geoatlas	statistical_association	data_analysis_pipeline	expression	decreased	UBERON:0002771	microglia · MTG	-0.470056745880289	0.05590327547419096	0.15664097787868306	true	RESPONDS_TO	CL:0000129	geoatlas:DATASET:SEA-AD	geoatlas:AXIS:CPS	0.05096068345672221	-0.0109677898087099	unresolved	unverified
geoatlas:e000035	ENSEMBL:ENSG00000172020	biolink:correlated_with	MONDO:0004975	biolink:GeneToDiseaseAssociation	infores:geoatlas	statistical_association	data_analysis_pipeline	expression	decreased	UBERON:0002771	microglia · MTG	-0.3647545249506078	0.04357104393726346	0.1220860651122122	true	RESPONDS_TO	CL:0000129	geoatlas:DATASET:SEA-AD	geoatlas:AXIS:CPS	0.01951380481314234	-0.0074176763730554	unresolved	unverified
geoatlas:e000036	ENSEMBL:ENSG00000144893	biolink:correlated_with	MONDO:0004975	biolink:GeneToDiseaseAssociation	infores:geoatlas	statistical_association	data_analysis_pipeline	expression	decreased	UBERON:0002771	microglia · MTG	-0.3371220523374876	0.04038286181722325	0.11315277881185956	true	RESPONDS_TO	CL:0000129	geoatlas:DATASET:SEA-AD	geoatlas:AXIS:CPS	0.05156038286986601	-0.0511558045990533	unresolved	unverified
geoatlas:e000037	ENSEMBL:ENSG00000198712	biolink:correlated_with	MONDO:0004975	biolink:GeneToDiseaseAssociation	infores:geoatlas	statistical_association	data_analysis_pipeline	expression	increased	UBERON:0002771	microglia · MTG	0.4366412052017329	0.05237997093932076	0.14676867857197676	true	RESPONDS_TO	CL:0000129	geoatlas:DATASET:SEA-AD	geoatlas:AXIS:CPS			unresolved	unverified
geoatlas:e000038	ENSEMBL:ENSG00000198888	biolink:correlated_with	MONDO:0004975	biolink:GeneToDiseaseAssociation	infores:geoatlas	statistical_association	data_analysis_pipeline	expression	increased	UBERON:0002771	microglia · MTG	0.5471747137561769	0.06570988068709623	0.18411908568524363	true	RESPONDS_TO	CL:0000129	geoatlas:DATASET:SEA-AD	geoatlas:AXIS:CPS			unresolved	unverified
geoatlas:e000039	ENSEMBL:ENSG00000196154	biolink:correlated_with	MONDO:0004975	biolink:GeneToDiseaseAssociation	infores:geoatlas	statistical_association	data_analysis_pipeline	expression	increased	UBERON:0002771	microglia · MTG	0.9036192441197272	0.11041771949269183	0.3093904500185225	true	RESPONDS_TO	CL:0000129	geoatlas:DATASET:SEA-AD	geoatlas:AXIS:CPS	0.012888432896198862	-0.0067014946900017	unresolved	unverified
geoatlas:e000040	ENSEMBL:ENSG00000233154	biolink:correlated_with	MONDO:0004975	biolink:GeneToDiseaseAssociation	infores:geoatlas	statistical_association	data_analysis_pipeline	expression	increased	UBERON:0002771	microglia · MTG	0.3806620234744164	0.046476771358397916	0.13022791334623096	true	RESPONDS_TO	CL:0000129	geoatlas:DATASET:SEA-AD	geoatlas:AXIS:CPS	0.026894653415620917	-0.0095171355840062	unresolved	unverified
geoatlas:e000041	geoatlas:GENE:FOXP1-DT	biolink:correlated_with	MONDO:0004975	biolink:GeneToDiseaseAssociation	infores:geoatlas	statistical_association	data_analysis_pipeline	expression	increased	UBERON:0002771	microglia · MTG	0.5730318326062119	0.0704022878872788	0.1972672106601552	true	RESPONDS_TO	CL:0000129	geoatlas:DATASET:SEA-AD	geoatlas:AXIS:CPS	0.02619670168691615	-0.0048726256320188	unresolved	unverified
geoatlas:e000042	ENSEMBL:ENSG00000124785	biolink:correlated_with	MONDO:0004975	biolink:GeneToDiseaseAssociation	infores:geoatlas	statistical_association	data_analysis_pipeline	expression	decreased	UBERON:0002771	microglia · MTG	-0.4849998587934939	0.05964881069950499	0.16713596758001298	true	RESPONDS_TO	CL:0000129	geoatlas:DATASET:SEA-AD	geoatlas:AXIS:CPS	0.010501494918280391	0.0042536631936577	unresolved	unverified
geoatlas:e000043	ENSEMBL:ENSG00000249631	biolink:correlated_with	MONDO:0004975	biolink:GeneToDiseaseAssociation	infores:geoatlas	statistical_association	data_analysis_pipeline	expression	decreased	UBERON:0002771	microglia · MTG	-0.6938511756899366	0.08505275012339333	0.23831780584574813	true	RESPONDS_TO	CL:0000129	geoatlas:DATASET:SEA-AD	geoatlas:AXIS:CPS	0.03795446886210216	-0.0301925518664627	unresolved	unverified
geoatlas:e000044	ENSEMBL:ENSG00000261649	biolink:correlated_with	MONDO:0004975	biolink:GeneToDiseaseAssociation	infores:geoatlas	statistical_association	data_analysis_pipeline	expression	decreased	UBERON:0002771	microglia · MTG	-0.7305674321820814	0.09192981977223307	0.2575873550017971	true	RESPONDS_TO	CL:0000129	geoatlas:DATASET:SEA-AD	geoatlas:AXIS:CPS	0.01757666150754783	-7.23869363834645e-05	unresolved	unverified
geoatlas:e000045	ENSEMBL:ENSG00000124942	biolink:correlated_with	MONDO:0004975	biolink:GeneToDiseaseAssociation	infores:geoatlas	statistical_association	data_analysis_pipeline	expression	increased	UBERON:0002771	microglia · MTG	0.5856859423408	0.07197451102044476	0.20167257987928622	true	RESPONDS_TO	CL:0000129	geoatlas:DATASET:SEA-AD	geoatlas:AXIS:CPS	0.07285086468558304	0.0103109882841869	unresolved	unverified
geoatlas:e000046	ENSEMBL:ENSG00000198840	biolink:correlated_with	MONDO:0004975	biolink:GeneToDiseaseAssociation	infores:geoatlas	statistical_association	data_analysis_pipeline	expression	increased	UBERON:0002771	microglia · MTG	0.6327787490780555	0.07780225893035315	0.21800192952284955	true	RESPONDS_TO	CL:0000129	geoatlas:DATASET:SEA-AD	geoatlas:AXIS:CPS			unresolved	unverified
geoatlas:e000047	ENSEMBL:ENSG00000141527	biolink:correlated_with	MONDO:0004975	biolink:GeneToDiseaseAssociation	infores:geoatlas	statistical_association	data_analysis_pipeline	expression	decreased	UBERON:0002771	microglia · MTG	-0.5496970350518711	0.06860909753439333	0.19224269129137012	true	RESPONDS_TO	CL:0000129	geoatlas:DATASET:SEA-AD	geoatlas:AXIS:CPS	0.006560614312385335	0.0010111950062931	unresolved	unverified
geoatlas:e000048	ENSEMBL:ENSG00000228253	biolink:correlated_with	MONDO:0004975	biolink:GeneToDiseaseAssociation	infores:geoatlas	statistical_association	data_analysis_pipeline	expression	increased	UBERON:0002771	microglia · MTG	0.7123828976469543	0.08961389408139638	0.25109813121607266	true	RESPONDS_TO	CL:0000129	geoatlas:DATASET:SEA-AD	geoatlas:AXIS:CPS			unresolved	unverified
geoatlas:e000049	ENSEMBL:ENSG00000006128	biolink:correlated_with	MONDO:0004975	biolink:GeneToDiseaseAssociation	infores:geoatlas	statistical_association	data_analysis_pipeline	expression	decreased	UBERON:0002771	microglia · MTG	-0.6107441741745587	0.07908358805329839	0.2215922137253421	true	RESPONDS_TO	CL:0000129	geoatlas:DATASET:SEA-AD	geoatlas:AXIS:CPS	0.06849946354740996	-0.0019381807388881	unresolved	unverified
geoatlas:e000050	ENSEMBL:ENSG00000251003	biolink:correlated_with	MONDO:0004975	biolink:GeneToDiseaseAssociation	infores:geoatlas	statistical_association	data_analysis_pipeline	expression	decreased	UBERON:0002771	microglia · MTG	-0.5205820009489328	0.06575486001423185	0.18424511775987765	true	RESPONDS_TO	CL:0000129	geoatlas:DATASET:SEA-AD	geoatlas:AXIS:CPS	0.034268462642889214	-0.09756183333015	unresolved	unverified
geoatlas:e000051	ENSEMBL:ENSG00000182836	biolink:correlated_with	MONDO:0004975	biolink:GeneToDiseaseAssociation	infores:geoatlas	statistical_association	data_analysis_pipeline	expression	decreased	UBERON:0002771	microglia · MTG	-0.4890669214366112	0.06229014115926682	0.17453697552826564	true	RESPONDS_TO	CL:0000129	geoatlas:DATASET:SEA-AD	geoatlas:AXIS:CPS	0.036854411655995886	-0.0339482472375312	unresolved	unverified
geoatlas:e000052	ENSEMBL:ENSG00000198899	biolink:correlated_with	MONDO:0004975	biolink:GeneToDiseaseAssociation	infores:geoatlas	statistical_association	data_analysis_pipeline	expression	increased	UBERON:0002771	microglia · MTG	0.5221406533832823	0.06677930985612823	0.1871156262168713	true	RESPONDS_TO	CL:0000129	geoatlas:DATASET:SEA-AD	geoatlas:AXIS:CPS			unresolved	unverified
geoatlas:e000053	geoatlas:GENE:MROCKI	biolink:correlated_with	MONDO:0004975	biolink:GeneToDiseaseAssociation	infores:geoatlas	statistical_association	data_analysis_pipeline	expression	decreased	UBERON:0002771	microglia · MTG	-0.3440905342395671	0.0440283434287735	0.12336741828742336	true	RESPONDS_TO	CL:0000129	geoatlas:DATASET:SEA-AD	geoatlas:AXIS:CPS	0.0452397141740115	-0.0724533599682865	unresolved	unverified
geoatlas:e000054	ENSEMBL:ENSG00000228789	biolink:correlated_with	MONDO:0004975	biolink:GeneToDiseaseAssociation	infores:geoatlas	statistical_association	data_analysis_pipeline	expression	decreased	UBERON:0002771	microglia · MTG	-0.8411441670292252	0.107773849259444	0.3019823256249621	true	RESPONDS_TO	CL:0000129	geoatlas:DATASET:SEA-AD	geoatlas:AXIS:CPS	0.038804968291922745	-0.0292751660774633	unresolved	unverified
geoatlas:e000055	ENSEMBL:ENSG00000104998	biolink:correlated_with	MONDO:0004975	biolink:GeneToDiseaseAssociation	infores:geoatlas	statistical_association	data_analysis_pipeline	expression	increased	UBERON:0002771	microglia · MTG	0.4387454724202866	0.056253839802588426	0.15762325912685277	true	RESPONDS_TO	CL:0000129	geoatlas:DATASET:SEA-AD	geoatlas:AXIS:CPS	0.021832652864036864	-0.0007946568004255	unresolved	unverified
geoatlas:e000056	ENSEMBL:ENSG00000089327	biolink:correlated_with	MONDO:0004975	biolink:GeneToDiseaseAssociation	infores:geoatlas	statistical_association	data_analysis_pipeline	expression	increased	UBERON:0002771	microglia · MTG	0.291082617057236	0.03750027221258647	0.10507576273966729	true	RESPONDS_TO	CL:0000129	geoatlas:DATASET:SEA-AD	geoatlas:AXIS:CPS	0.03300631457172708	-0.0248040403895725	unresolved	unverified
geoatlas:e000057	ENSEMBL:ENSG00000237248	biolink:correlated_with	MONDO:0004975	biolink:GeneToDiseaseAssociation	infores:geoatlas	statistical_association	data_analysis_pipeline	expression	decreased	UBERON:0002771	microglia · MTG	-0.5097955646637228	0.06576674019929386	0.1842784060384214	true	RESPONDS_TO	CL:0000129	geoatlas:DATASET:SEA-AD	geoatlas:AXIS:CPS	0.08092132668236587	-0.0083722489912732	unresolved	unverified
geoatlas:e000058	ENSEMBL:ENSG00000133121	biolink:correlated_with	MONDO:0004975	biolink:GeneToDiseaseAssociation	infores:geoatlas	statistical_association	data_analysis_pipeline	expression	increased	UBERON:0002771	microglia · MTG	0.2363411566537843	0.03047631943314745	0.08539464705167915	true	RESPONDS_TO	CL:0000129	geoatlas:DATASET:SEA-AD	geoatlas:AXIS:CPS	0.030922064326102873	0.0015297275632224	unresolved	unverified
geoatlas:e000059	ENSEMBL:ENSG00000276070	biolink:correlated_with	MONDO:0004975	biolink:GeneToDiseaseAssociation	infores:geoatlas	statistical_association	data_analysis_pipeline	expression	decreased	UBERON:0002771	microglia · MTG	-0.8906400039974399	0.11845890551748176	0.33192185325998386	true	RESPONDS_TO	CL:0000129	geoatlas:DATASET:SEA-AD	geoatlas:AXIS:CPS	0.02200993303262005	0.0044583258357584	unresolved	unverified
geoatlas:e000060	ENSEMBL:ENSG00000073146	biolink:correlated_with	MONDO:0004975	biolink:GeneToDiseaseAssociation	infores:geoatlas	statistical_association	data_analysis_pipeline	expression	decreased	UBERON:0002771	microglia · MTG	-0.583556333916765	0.07681932329626893	0.21524774387614556	true	RESPONDS_TO	CL:0000129	geoatlas:DATASET:SEA-AD	geoatlas:AXIS:CPS	0.04776446487549952	-0.0020546906639463	unresolved	unverified
geoatlas:e000061	ENSEMBL:ENSG00000256894	biolink:correlated_with	MONDO:0004975	biolink:GeneToDiseaseAssociation	infores:geoatlas	statistical_association	data_analysis_pipeline	expression	decreased	UBERON:0002771	microglia · MTG	-0.5383445064201936	0.07123931102518226	0.1996125494925607	true	RESPONDS_TO	CL:0000129	geoatlas:DATASET:SEA-AD	geoatlas:AXIS:CPS	0.05813224344634649	0.0003954106490513	unresolved	unverified
geoatlas:e000062	ENSEMBL:ENSG00000167600	biolink:correlated_with	MONDO:0004975	biolink:GeneToDiseaseAssociation	infores:geoatlas	statistical_association	data_analysis_pipeline	expression	increased	UBERON:0002771	microglia · MTG	0.4005084774864901	0.052275403486982716	0.14647568057052557	true	RESPONDS_TO	CL:0000129	geoatlas:DATASET:SEA-AD	geoatlas:AXIS:CPS	0.04005591913097056	-0.0072243329145411	unresolved	unverified
geoatlas:e000063	ENSEMBL:ENSG00000259756	biolink:correlated_with	MONDO:0004975	biolink:GeneToDiseaseAssociation	infores:geoatlas	statistical_association	data_analysis_pipeline	expression	decreased	UBERON:0002771	microglia · MTG	-0.5780409934636093	0.0757872377627117	0.2123558402111182	true	RESPONDS_TO	CL:0000129	geoatlas:DATASET:SEA-AD	geoatlas:AXIS:CPS	0.08493208327201687	-0.0016379192000988	unresolved	unverified
geoatlas:e000064	ENSEMBL:ENSG00000198727	biolink:correlated_with	MONDO:0004975	biolink:GeneToDiseaseAssociation	infores:geoatlas	statistical_association	data_analysis_pipeline	expression	increased	UBERON:0002771	microglia · MTG	0.4678850715679377	0.061128244153189966	0.17128134011723828	true	RESPONDS_TO	CL:0000129	geoatlas:DATASET:SEA-AD	geoatlas:AXIS:CPS			unresolved	unverified
geoatlas:e000065	ENSEMBL:ENSG00000138135	biolink:correlated_with	MONDO:0004975	biolink:GeneToDiseaseAssociation	infores:geoatlas	statistical_association	data_analysis_pipeline	expression	decreased	UBERON:0002771	microglia · MTG	-0.7935760396727053	0.10375375102332686	0.2907180103673619	true	RESPONDS_TO	CL:0000129	geoatlas:DATASET:SEA-AD	geoatlas:AXIS:CPS	0.0016630712959029873	0.0054164147863166	unresolved	unverified
geoatlas:e000066	ENSEMBL:ENSG00000172824	biolink:correlated_with	MONDO:0004975	biolink:GeneToDiseaseAssociation	infores:geoatlas	statistical_association	data_analysis_pipeline	expression	decreased	UBERON:0002771	microglia · MTG	-0.3317477657386907	0.04344533322317237	0.12173382369132899	true	RESPONDS_TO	CL:0000129	geoatlas:DATASET:SEA-AD	geoatlas:AXIS:CPS	0.02221925116719824	0.0006300462329321	unresolved	unverified
geoatlas:e000067	ENSEMBL:ENSG00000141858	biolink:correlated_with	MONDO:0004975	biolink:GeneToDiseaseAssociation	infores:geoatlas	statistical_association	data_analysis_pipeline	expression	increased	UBERON:0002771	microglia · MTG	0.3039698821120695	0.03991027329971052	0.11182858578578889	true	RESPONDS_TO	CL:0000129	geoatlas:DATASET:SEA-AD	geoatlas:AXIS:CPS	0.0084971865422423	-0.0055738183265843	unresolved	unverified
geoatlas:e000068	ENSEMBL:ENSG00000136048	biolink:correlated_with	MONDO:0004975	biolink:GeneToDiseaseAssociation	infores:geoatlas	statistical_association	data_analysis_pipeline	expression	increased	UBERON:0002771	microglia · MTG	0.4336609977303041	0.05706083525755825	0.15988446039167822	true	RESPONDS_TO	CL:0000129	geoatlas:DATASET:SEA-AD	geoatlas:AXIS:CPS	0.086036048953784	0.0070971373213018	unresolved	unverified
geoatlas:e000069	geoatlas:GENE:NUDT16-DT	biolink:correlated_with	MONDO:0004975	biolink:GeneToDiseaseAssociation	infores:geoatlas	statistical_association	data_analysis_pipeline	expression	increased	UBERON:0002771	microglia · MTG	0.226439774356169	0.02981733748620488	0.08354817963634607	true	RESPONDS_TO	CL:0000129	geoatlas:DATASET:SEA-AD	geoatlas:AXIS:CPS	0.0295386259374487	-0.0324651769645548	unresolved	unverified
geoatlas:e000070	ENSEMBL:ENSG00000116903	biolink:correlated_with	MONDO:0004975	biolink:GeneToDiseaseAssociation	infores:geoatlas	statistical_association	data_analysis_pipeline	expression	increased	UBERON:0002771	microglia · MTG	0.2514862039925757	0.033110299856843654	0.09277506019887592	true	RESPONDS_TO	CL:0000129	geoatlas:DATASET:SEA-AD	geoatlas:AXIS:CPS	0.02647143981310069	-0.0042931402100198	unresolved	unverified
geoatlas:e000071	ENSEMBL:ENSG00000114861	biolink:correlated_with	MONDO:0004975	biolink:GeneToDiseaseAssociation	infores:geoatlas	statistical_association	data_analysis_pipeline	expression	increased	UBERON:0002771	microglia · MTG	0.1968135008295137	0.02594714011212283	0.07270388659416817	true	RESPONDS_TO	CL:0000129	geoatlas:DATASET:SEA-AD	geoatlas:AXIS:CPS	0.004402633841802752	-0.14311322081503	unresolved	unverified
geoatlas:e000072	ENSEMBL:ENSG00000197635	biolink:correlated_with	MONDO:0004975	biolink:GeneToDiseaseAssociation	infores:geoatlas	statistical_association	data_analysis_pipeline	expression	decreased	UBERON:0002771	microglia · MTG	-0.5420141284329888	0.07276215624547018	0.20387956179980746	true	RESPONDS_TO	CL:0000129	geoatlas:DATASET:SEA-AD	geoatlas:AXIS:CPS	0.006773098440463647	-0.0020573842453404	unresolved	unverified
geoatlas:e000073	ENSEMBL:ENSG00000152767	biolink:correlated_with	MONDO:0004975	biolink:GeneToDiseaseAssociation	infores:geoatlas	statistical_association	data_analysis_pipeline	expression	increased	UBERON:0002771	microglia · MTG	0.1896598845519321	0.02525308674401714	0.07075914905673603	true	RESPONDS_TO	CL:0000129	geoatlas:DATASET:SEA-AD	geoatlas:AXIS:CPS	0.08730994326282006	-0.0566463097332554	unresolved	unverified
geoatlas:e000074	ENSEMBL:ENSG00000147647	biolink:correlated_with	MONDO:0004975	biolink:GeneToDiseaseAssociation	infores:geoatlas	statistical_association	data_analysis_pipeline	expression	decreased	UBERON:0002771	microglia · MTG	-0.6272299264530298	0.08380811589084487	0.23483034072614734	true	RESPONDS_TO	CL:0000129	geoatlas:DATASET:SEA-AD	geoatlas:AXIS:CPS	0.038397855969291884	-0.0145227963001989	unresolved	unverified
geoatlas:e000075	ENSEMBL:ENSG00000064687	biolink:correlated_with	MONDO:0004975	biolink:GeneToDiseaseAssociation	infores:geoatlas	statistical_association	data_analysis_pipeline	expression	increased	UBERON:0002771	microglia · MTG	0.4017494773462633	0.0538120797536729	0.15078144746979147	true	RESPONDS_TO	CL:0000129	geoatlas:DATASET:SEA-AD	geoatlas:AXIS:CPS	0.005613480315558772	-0.0130723589047404	unresolved	unverified
geoatlas:e000076	ENSEMBL:ENSG00000049246	biolink:correlated_with	MONDO:0004975	biolink:GeneToDiseaseAssociation	infores:geoatlas	statistical_association	data_analysis_pipeline	expression	decreased	UBERON:0002771	microglia · MTG	-0.3703609674190676	0.04971416953566523	0.13929910303893397	true	RESPONDS_TO	CL:0000129	geoatlas:DATASET:SEA-AD	geoatlas:AXIS:CPS	0.023651748872826017	-0.0403589336031847	unresolved	unverified
geoatlas:e000077	ENSEMBL:ENSG00000127329	biolink:correlated_with	MONDO:0004975	biolink:GeneToDiseaseAssociation	infores:geoatlas	statistical_association	data_analysis_pipeline	expression	decreased	UBERON:0002771	microglia · MTG	-0.3821286684535365	0.051471753672285354	0.14422385378974356	true	RESPONDS_TO	CL:0000129	geoatlas:DATASET:SEA-AD	geoatlas:AXIS:CPS	0.01847560055511403	-0.0107397018274995	unresolved	unverified
geoatlas:e000078	ENSEMBL:ENSG00000217555	biolink:correlated_with	MONDO:0004975	biolink:GeneToDiseaseAssociation	infores:geoatlas	statistical_association	data_analysis_pipeline	expression	increased	UBERON:0002771	microglia · MTG	0.164388255797292	0.02216777825246722	0.06211411466341315	true	RESPONDS_TO	CL:0000129	geoatlas:DATASET:SEA-AD	geoatlas:AXIS:CPS	0.015464785013044519	-0.0896087580782918	unresolved	unverified
geoatlas:e000079	ENSEMBL:ENSG00000133055	biolink:correlated_with	MONDO:0004975	biolink:GeneToDiseaseAssociation	infores:geoatlas	statistical_association	data_analysis_pipeline	expression	increased	UBERON:0002771	microglia · MTG	1.1304350558333127	0.15629542339895972	0.43793977636388515	true	RESPONDS_TO	CL:0000129	geoatlas:DATASET:SEA-AD	geoatlas:AXIS:CPS	0.0066800418878034205	-0.0053202216743303	unresolved	unverified
geoatlas:e000080	ENSEMBL:ENSG00000174718	biolink:correlated_with	MONDO:0004975	biolink:GeneToDiseaseAssociation	infores:geoatlas	statistical_association	data_analysis_pipeline	expression	increased	UBERON:0002771	microglia · MTG	0.1943983102142028	0.026403702527200108	0.0739831744812147	true	RESPONDS_TO	CL:0000129	geoatlas:DATASET:SEA-AD	geoatlas:AXIS:CPS	0.020807878075252324	-0.0670519360138218	unresolved	unverified
geoatlas:e000081	ENSEMBL:ENSG00000163110	biolink:correlated_with	MONDO:0004975	biolink:GeneToDiseaseAssociation	infores:geoatlas	statistical_association	data_analysis_pipeline	expression	increased	UBERON:0002771	microglia · MTG	0.1480838742274749	0.020134586451473136	0.05641711123702773	true	RESPONDS_TO	CL:0000129	geoatlas:DATASET:SEA-AD	geoatlas:AXIS:CPS	0.03235474495564473	-0.0210481439638697	unresolved	unverified
geoatlas:e000082	ENSEMBL:ENSG00000235750	biolink:correlated_with	MONDO:0004975	biolink:GeneToDiseaseAssociation	infores:geoatlas	statistical_association	data_analysis_pipeline	expression	increased	UBERON:0002771	microglia · MTG	0.3439084130130787	0.046848755605145564	0.13127021320561788	true	RESPONDS_TO	CL:0000129	geoatlas:DATASET:SEA-AD	geoatlas:AXIS:CPS	0.0028821530835908	-0.0111251954758667	unresolved	unverified
geoatlas:e000083	ENSEMBL:ENSG00000188290	biolink:correlated_with	MONDO:0004975	biolink:GeneToDiseaseAssociation	infores:geoatlas	statistical_association	data_analysis_pipeline	expression	decreased	UBERON:0002771	microglia · MTG	-0.5123375208411842	0.07067783971161523	0.19803930687194587	true	RESPONDS_TO	CL:0000129	geoatlas:DATASET:SEA-AD	geoatlas:AXIS:CPS	0.029603355773197018	-0.0002322805062733	unresolved	unverified
geoatlas:e000084	ENSEMBL:ENSG00000240963	biolink:correlated_with	MONDO:0004975	biolink:GeneToDiseaseAssociation	infores:geoatlas	statistical_association	data_analysis_pipeline	expression	increased	UBERON:0002771	microglia · MTG	0.3071345025098376	0.04207223583697081	0.11788640481519222	true	RESPONDS_TO	CL:0000129	geoatlas:DATASET:SEA-AD	geoatlas:AXIS:CPS	0.00993100711489247	-0.012808673399548	unresolved	unverified
geoatlas:e000085	ENSEMBL:ENSG00000083312	biolink:correlated_with	MONDO:0004975	biolink:GeneToDiseaseAssociation	infores:geoatlas	statistical_association	data_analysis_pipeline	expression	increased	UBERON:0002771	microglia · MTG	0.1240602136073281	0.01702263763281849	0.0476974306471574	true	RESPONDS_TO	CL:0000129	geoatlas:DATASET:SEA-AD	geoatlas:AXIS:CPS	0.022833947210134976	-0.1004371968187416	unresolved	unverified
geoatlas:e000086	ENSEMBL:ENSG00000205056	biolink:correlated_with	MONDO:0004975	biolink:GeneToDiseaseAssociation	infores:geoatlas	statistical_association	data_analysis_pipeline	expression	increased	UBERON:0002771	microglia · MTG	0.7730105842433386	0.10625249912082395	0.2977195025365487	true	RESPONDS_TO	CL:0000129	geoatlas:DATASET:SEA-AD	geoatlas:AXIS:CPS	0.018416884269561336	-0.0657714407687751	unresolved	unverified
geoatlas:e000087	ENSEMBL:ENSG00000242094	biolink:correlated_with	MONDO:0004975	biolink:GeneToDiseaseAssociation	infores:geoatlas	statistical_association	data_analysis_pipeline	expression	increased	UBERON:0002771	microglia · MTG	0.3761518266740228	0.05173329535209176	0.1449566935765611	true	RESPONDS_TO	CL:0000129	geoatlas:DATASET:SEA-AD	geoatlas:AXIS:CPS	0.02930149515206595	-0.0028792104696043	unresolved	unverified
geoatlas:e000088	ENSEMBL:ENSG00000235880	biolink:correlated_with	MONDO:0004975	biolink:GeneToDiseaseAssociation	infores:geoatlas	statistical_association	data_analysis_pipeline	expression	decreased	UBERON:0002771	microglia · MTG	-0.5430659535577268	0.07488168304118702	0.20981847588140604	true	RESPONDS_TO	CL:0000129	geoatlas:DATASET:SEA-AD	geoatlas:AXIS:CPS	0.0874500944807483	0.0020939245429831	unresolved	unverified
geoatlas:e000089	ENSEMBL:ENSG00000135678	biolink:correlated_with	MONDO:0004975	biolink:GeneToDiseaseAssociation	infores:geoatlas	statistical_association	data_analysis_pipeline	expression	increased	UBERON:0002771	microglia · MTG	0.2787247729622664	0.0386461406197993	0.10828648601667763	true	RESPONDS_TO	CL:0000129	geoatlas:DATASET:SEA-AD	geoatlas:AXIS:CPS	0.08153570036998722	-0.0629333755768161	unresolved	unverified
geoatlas:e000090	ENSEMBL:ENSG00000171132	biolink:correlated_with	MONDO:0004975	biolink:GeneToDiseaseAssociation	infores:geoatlas	statistical_association	data_analysis_pipeline	expression	increased	UBERON:0002771	microglia · MTG	0.1748255075982713	0.024281796607010422	0.0680375940928432	true	RESPONDS_TO	CL:0000129	geoatlas:DATASET:SEA-AD	geoatlas:AXIS:CPS	0.0774805077751879	-0.1123182774112729	unresolved	unverified
geoatlas:e000091	ENSEMBL:ENSG00000287950	biolink:correlated_with	MONDO:0004975	biolink:GeneToDiseaseAssociation	infores:geoatlas	statistical_association	data_analysis_pipeline	expression	decreased	UBERON:0002771	microglia · MTG	-0.7819092289300622	0.10863049194455918	0.3043826384286548	true	RESPONDS_TO	CL:0000129	geoatlas:DATASET:SEA-AD	geoatlas:AXIS:CPS	0.06427838033574956	-0.0609973986362651	unresolved	unverified
geoatlas:e000092	ENSEMBL:ENSG00000128829	biolink:correlated_with	MONDO:0004975	biolink:GeneToDiseaseAssociation	infores:geoatlas	statistical_association	data_analysis_pipeline	expression	increased	UBERON:0002771	microglia · MTG	0.1087438517576515	0.015126639353308834	0.042384843467971355	true	RESPONDS_TO	CL:0000129	geoatlas:DATASET:SEA-AD	geoatlas:AXIS:CPS	0.012290123449501431	-0.027922256521151	unresolved	unverified
geoatlas:e000093	ENSEMBL:ENSG00000133048	biolink:correlated_with	MONDO:0004975	biolink:GeneToDiseaseAssociation	infores:geoatlas	statistical_association	data_analysis_pipeline	expression	increased	UBERON:0002771	microglia · MTG	1.039350399386664	0.14512224970579807	0.4066325436756462	true	RESPONDS_TO	CL:0000129	geoatlas:DATASET:SEA-AD	geoatlas:AXIS:CPS	0.011024879297507813	-0.0333951809772504	unresolved	unverified
geoatlas:e000094	ENSEMBL:ENSG00000198938	biolink:correlated_with	MONDO:0004975	biolink:GeneToDiseaseAssociation	infores:geoatlas	statistical_association	data_analysis_pipeline	expression	increased	UBERON:0002771	microglia · MTG	0.383161559124429	0.05356591938699633	0.15009170612236372	true	RESPONDS_TO	CL:0000129	geoatlas:DATASET:SEA-AD	geoatlas:AXIS:CPS			unresolved	unverified
geoatlas:e000095	ENSEMBL:ENSG00000172037	biolink:correlated_with	MONDO:0004975	biolink:GeneToDiseaseAssociation	infores:geoatlas	statistical_association	data_analysis_pipeline	expression	increased	UBERON:0002771	microglia · MTG	0.4104876936977375	0.05767181584853444	0.1615964280075935	true	RESPONDS_TO	CL:0000129	geoatlas:DATASET:SEA-AD	geoatlas:AXIS:CPS	0.01581798963234693	0.0006398107648614	unresolved	unverified
geoatlas:e000096	ENSEMBL:ENSG00000137648	biolink:correlated_with	MONDO:0004975	biolink:GeneToDiseaseAssociation	infores:geoatlas	statistical_association	data_analysis_pipeline	expression	decreased	UBERON:0002771	microglia · MTG	-0.6778888415900579	0.09696540771322991	0.2716970724124702	true	RESPONDS_TO	CL:0000129	geoatlas:DATASET:SEA-AD	geoatlas:AXIS:CPS	0.07966303081217438	-0.0010334419676881	unresolved	unverified
geoatlas:e000097	ENSEMBL:ENSG00000073849	biolink:correlated_with	MONDO:0004975	biolink:GeneToDiseaseAssociation	infores:geoatlas	statistical_association	data_analysis_pipeline	expression	decreased	UBERON:0002771	microglia · MTG	-0.0885985430442707	0.012536362046215959	0.03512688645349712	true	RESPONDS_TO	CL:0000129	geoatlas:DATASET:SEA-AD	geoatlas:AXIS:CPS	0.04760883829033531	-0.3339474887621145	unresolved	unverified
geoatlas:e000098	ENSEMBL:ENSG00000143507	biolink:correlated_with	MONDO:0004975	biolink:GeneToDiseaseAssociation	infores:geoatlas	statistical_association	data_analysis_pipeline	expression	increased	UBERON:0002771	microglia · MTG	0.3488698809525506	0.049436825351766876	0.1385219846356508	true	RESPONDS_TO	CL:0000129	geoatlas:DATASET:SEA-AD	geoatlas:AXIS:CPS	0.05174324331963416	-0.0363488322209596	unresolved	unverified
geoatlas:e000099	ENSEMBL:ENSG00000106299	biolink:correlated_with	MONDO:0004975	biolink:GeneToDiseaseAssociation	infores:geoatlas	statistical_association	data_analysis_pipeline	expression	increased	UBERON:0002771	microglia · MTG	0.1187791510940858	0.01683752282945176	0.047178738968123836	true	RESPONDS_TO	CL:0000129	geoatlas:DATASET:SEA-AD	geoatlas:AXIS:CPS	0.03684075298852119	-0.0308444676908677	unresolved	unverified
geoatlas:e000100	ENSEMBL:ENSG00000105887	biolink:correlated_with	MONDO:0004975	biolink:GeneToDiseaseAssociation	infores:geoatlas	statistical_association	data_analysis_pipeline	expression	increased	UBERON:0002771	microglia · MTG	0.1300482145684187	0.018458392889520635	0.05172041687643682	true	RESPONDS_TO	CL:0000129	geoatlas:DATASET:SEA-AD	geoatlas:AXIS:CPS	0.0055619412400000155	-0.0393500072716253	unresolved	unverified
geoatlas:e000101	ENSEMBL:ENSG00000181631	biolink:correlated_with	MONDO:0004975	biolink:GeneToDiseaseAssociation	infores:geoatlas	statistical_association	data_analysis_pipeline	expression	decreased	UBERON:0002771	microglia · MTG	-0.3519446987238189	0.049967364789433345	0.14000855613999225	true	RESPONDS_TO	CL:0000129	geoatlas:DATASET:SEA-AD	geoatlas:AXIS:CPS	0.08524259632284446	-0.0815013263484797	unresolved	unverified
geoatlas:e000102	ENSEMBL:ENSG00000121101	biolink:correlated_with	MONDO:0004975	biolink:GeneToDiseaseAssociation	infores:geoatlas	statistical_association	data_analysis_pipeline	expression	decreased	UBERON:0002771	microglia · MTG	-0.6303092093664325	0.08950272156372141	0.25078662582154737	true	RESPONDS_TO	CL:0000129	geoatlas:DATASET:SEA-AD	geoatlas:AXIS:CPS	0.06274612897106517	-0.0047339855361632	unresolved	unverified
geoatlas:e000103	ENSEMBL:ENSG00000277632	biolink:correlated_with	MONDO:0004975	biolink:GeneToDiseaseAssociation	infores:geoatlas	statistical_association	data_analysis_pipeline	expression	decreased	UBERON:0002771	microglia · MTG	-0.8963989748529877	0.12794274107412215	0.3584955604896903	true	RESPONDS_TO	CL:0000129	geoatlas:DATASET:SEA-AD	geoatlas:AXIS:CPS	0.057617725896058895	0.0024127918471953	unresolved	unverified
geoatlas:e000104	ENSEMBL:ENSG00000213853	biolink:correlated_with	MONDO:0004975	biolink:GeneToDiseaseAssociation	infores:geoatlas	statistical_association	data_analysis_pipeline	expression	increased	UBERON:0002771	microglia · MTG	0.5157270406853206	0.07331996649374203	0.20544254611546517	true	RESPONDS_TO	CL:0000129	geoatlas:DATASET:SEA-AD	geoatlas:AXIS:CPS	0.0784328708944077	-0.0005207838210471	unresolved	unverified
geoatlas:e000105	ENSEMBL:ENSG00000134769	biolink:correlated_with	MONDO:0004975	biolink:GeneToDiseaseAssociation	infores:geoatlas	statistical_association	data_analysis_pipeline	expression	increased	UBERON:0002771	microglia · MTG	0.1435172159011788	0.02043216007550746	0.0572509125315719	true	RESPONDS_TO	CL:0000129	geoatlas:DATASET:SEA-AD	geoatlas:AXIS:CPS	0.04379767612224069	-0.1571811393635561	unresolved	unverified
geoatlas:e000106	ENSEMBL:ENSG00000116151	biolink:correlated_with	MONDO:0004975	biolink:GeneToDiseaseAssociation	infores:geoatlas	statistical_association	data_analysis_pipeline	expression	decreased	UBERON:0002771	microglia · MTG	-0.3405854628539421	0.0484987572918124	0.13589351793165833	true	RESPONDS_TO	CL:0000129	geoatlas:DATASET:SEA-AD	geoatlas:AXIS:CPS	0.0483255346162632	-0.0039800628211084	unresolved	unverified
geoatlas:e000107	ENSEMBL:ENSG00000265907	biolink:correlated_with	MONDO:0004975	biolink:GeneToDiseaseAssociation	infores:geoatlas	statistical_association	data_analysis_pipeline	expression	decreased	UBERON:0002771	microglia · MTG	-0.4810598724919858	0.06854675388280654	0.19206800437962393	true	RESPONDS_TO	CL:0000129	geoatlas:DATASET:SEA-AD	geoatlas:AXIS:CPS	0.06647689058251187	-0.0084705123828478	unresolved	unverified
geoatlas:e000108	ENSEMBL:ENSG00000166295	biolink:correlated_with	MONDO:0004975	biolink:GeneToDiseaseAssociation	infores:geoatlas	statistical_association	data_analysis_pipeline	expression	increased	UBERON:0002771	microglia · MTG	0.1924992723279995	0.027446124222965208	0.07690404007274851	true	RESPONDS_TO	CL:0000129	geoatlas:DATASET:SEA-AD	geoatlas:AXIS:CPS	0.002342688324756719	-0.1040691837674626	unresolved	unverified
geoatlas:e000109	ENSEMBL:ENSG00000105323	biolink:correlated_with	MONDO:0004975	biolink:GeneToDiseaseAssociation	infores:geoatlas	statistical_association	data_analysis_pipeline	expression	increased	UBERON:0002771	microglia · MTG	0.1302571109208233	0.01857760915170466	0.05205446084307646	true	RESPONDS_TO	CL:0000129	geoatlas:DATASET:SEA-AD	geoatlas:AXIS:CPS	0.008989356959976264	-0.0391447993120139	unresolved	unverified
geoatlas:e000110	ENSEMBL:ENSG00000287749	biolink:correlated_with	MONDO:0004975	biolink:GeneToDiseaseAssociation	infores:geoatlas	statistical_association	data_analysis_pipeline	expression	decreased	UBERON:0002771	microglia · MTG	-0.4968405652678863	0.07209239840519155	0.2020029003313467	true	RESPONDS_TO	CL:0000129	geoatlas:DATASET:SEA-AD	geoatlas:AXIS:CPS	0.07142026079593274	0.000577585234863	unresolved	unverified
geoatlas:e000111	ENSEMBL:ENSG00000104368	biolink:correlated_with	MONDO:0004975	biolink:GeneToDiseaseAssociation	infores:geoatlas	statistical_association	data_analysis_pipeline	expression	decreased	UBERON:0002771	microglia · MTG	-0.5883611807931605	0.08394754931245622	0.23522103317350235	true	RESPONDS_TO	CL:0000129	geoatlas:DATASET:SEA-AD	geoatlas:AXIS:CPS	0.0842716586990375	-0.0194222799957926	unresolved	unverified
geoatlas:e000112	ENSEMBL:ENSG00000122585	biolink:correlated_with	MONDO:0004975	biolink:GeneToDiseaseAssociation	infores:geoatlas	statistical_association	data_analysis_pipeline	expression	decreased	UBERON:0002771	microglia · MTG	-0.6017339545202939	0.08708527917243127	0.2440129522411524	true	RESPONDS_TO	CL:0000129	geoatlas:DATASET:SEA-AD	geoatlas:AXIS:CPS	0.009203119934431483	-0.000215070468976	unresolved	unverified
geoatlas:e000113	ENSEMBL:ENSG00000169896	biolink:correlated_with	MONDO:0004975	biolink:GeneToDiseaseAssociation	infores:geoatlas	statistical_association	data_analysis_pipeline	expression	decreased	UBERON:0002771	microglia · MTG	-0.1521705149722841	0.021765559998732736	0.060987099116449124	true	RESPONDS_TO	CL:0000129	geoatlas:DATASET:SEA-AD	geoatlas:AXIS:CPS	0.07822256496097438	-0.0528027202825509	unresolved	unverified
geoatlas:e000114	ENSEMBL:ENSG00000255240	biolink:correlated_with	MONDO:0004975	biolink:GeneToDiseaseAssociation	infores:geoatlas	statistical_association	data_analysis_pipeline	expression	increased	UBERON:0002771	microglia · MTG	0.6350838521358664	0.09090383724863424	0.25471255197067316	true	RESPONDS_TO	CL:0000129	geoatlas:DATASET:SEA-AD	geoatlas:AXIS:CPS	0.04654862322966572	-0.0406911975877503	unresolved	unverified
geoatlas:e000115	ENSEMBL:ENSG00000267374	biolink:correlated_with	MONDO:0004975	biolink:GeneToDiseaseAssociation	infores:geoatlas	statistical_association	data_analysis_pipeline	expression	decreased	UBERON:0002771	microglia · MTG	-0.4998431739900711	0.07203535587180965	0.20184306715281064	true	RESPONDS_TO	CL:0000129	geoatlas:DATASET:SEA-AD	geoatlas:AXIS:CPS	0.13479069883541925	-0.003912900481091	unresolved	unverified
geoatlas:e000116	ENSEMBL:ENSG00000136560	biolink:correlated_with	MONDO:0004975	biolink:GeneToDiseaseAssociation	infores:geoatlas	statistical_association	data_analysis_pipeline	expression	increased	UBERON:0002771	microglia · MTG	0.11516643557909	0.016520837846592404	0.04629138764615191	true	RESPONDS_TO	CL:0000129	geoatlas:DATASET:SEA-AD	geoatlas:AXIS:CPS	0.01719778753187838	-0.0892007643029938	unresolved	unverified
geoatlas:e000117	ENSEMBL:ENSG00000018189	biolink:correlated_with	MONDO:0004975	biolink:GeneToDiseaseAssociation	infores:geoatlas	statistical_association	data_analysis_pipeline	expression	increased	UBERON:0002771	microglia · MTG	0.1044132379912081	0.015023971847980185	0.04209716911804048	true	RESPONDS_TO	CL:0000129	geoatlas:DATASET:SEA-AD	geoatlas:AXIS:CPS	0.007042618224971299	-0.0576574824734554	unresolved	unverified
geoatlas:e000118	ENSEMBL:ENSG00000276216	biolink:correlated_with	MONDO:0004975	biolink:GeneToDiseaseAssociation	infores:geoatlas	statistical_association	data_analysis_pipeline	expression	decreased	UBERON:0002771	microglia · MTG	-0.8477412126835181	0.12304347240775285	0.3447678096865235	true	RESPONDS_TO	CL:0000129	geoatlas:DATASET:SEA-AD	geoatlas:AXIS:CPS	0.03777056242154076	0.0019255949259862	unresolved	unverified
geoatlas:e000119	ENSEMBL:ENSG00000180233	biolink:correlated_with	MONDO:0004975	biolink:GeneToDiseaseAssociation	infores:geoatlas	statistical_association	data_analysis_pipeline	expression	decreased	UBERON:0002771	microglia · MTG	-0.1359644973738236	0.019583937895727252	0.054874193983827764	true	RESPONDS_TO	CL:0000129	geoatlas:DATASET:SEA-AD	geoatlas:AXIS:CPS	0.02933071832962385	-0.1065039942840348	unresolved	unverified
geoatlas:e000120	ENSEMBL:ENSG00000287979	biolink:correlated_with	MONDO:0004975	biolink:GeneToDiseaseAssociation	infores:geoatlas	statistical_association	data_analysis_pipeline	expression	decreased	UBERON:0002771	microglia · MTG	-0.6979631316252234	0.10147451857615274	0.28433160105037997	true	RESPONDS_TO	CL:0000129	geoatlas:DATASET:SEA-AD	geoatlas:AXIS:CPS	0.04471731804991138	0.0007630631323563	unresolved	unverified
geoatlas:e000121	ENSEMBL:ENSG00000197912	biolink:correlated_with	MONDO:0004975	biolink:GeneToDiseaseAssociation	infores:geoatlas	statistical_association	data_analysis_pipeline	expression	decreased	UBERON:0002771	microglia · MTG	-0.1380813014620527	0.01992643662678298	0.05583387542824591	true	RESPONDS_TO	CL:0000129	geoatlas:DATASET:SEA-AD	geoatlas:AXIS:CPS	0.0038606105203516814	-0.0327397240158199	unresolved	unverified
geoatlas:e000122	ENSEMBL:ENSG00000171914	biolink:correlated_with	MONDO:0004975	biolink:GeneToDiseaseAssociation	infores:geoatlas	statistical_association	data_analysis_pipeline	expression	decreased	UBERON:0002771	microglia · MTG	-0.1689977279466204	0.02441855737115702	0.06842079775398197	true	RESPONDS_TO	CL:0000129	geoatlas:DATASET:SEA-AD	geoatlas:AXIS:CPS	0.10678551210803902	-0.1396417836111818	unresolved	unverified
geoatlas:e000123	ENSEMBL:ENSG00000135823	biolink:correlated_with	MONDO:0004975	biolink:GeneToDiseaseAssociation	infores:geoatlas	statistical_association	data_analysis_pipeline	expression	increased	UBERON:0002771	microglia · MTG	0.1548174250587351	0.02240061820781693	0.06276653221830304	true	RESPONDS_TO	CL:0000129	geoatlas:DATASET:SEA-AD	geoatlas:AXIS:CPS	0.03194637003500198	-0.0717198562133439	unresolved	unverified
geoatlas:e000124	ENSEMBL:ENSG00000170017	biolink:correlated_with	MONDO:0004975	biolink:GeneToDiseaseAssociation	infores:geoatlas	statistical_association	data_analysis_pipeline	expression	increased	UBERON:0002771	microglia · MTG	0.1591673694989437	0.023083614344931166	0.06468028739449713	true	RESPONDS_TO	CL:0000129	geoatlas:DATASET:SEA-AD	geoatlas:AXIS:CPS	0.05519402629239977	-0.1128017715542145	unresolved	unverified
geoatlas:e000125	ENSEMBL:ENSG00000225963	biolink:correlated_with	MONDO:0004975	biolink:GeneToDiseaseAssociation	infores:geoatlas	statistical_association	data_analysis_pipeline	expression	decreased	UBERON:0002771	microglia · MTG	-0.2599351551843408	0.03792390531579256	0.10626278269485076	true	RESPONDS_TO	CL:0000129	geoatlas:DATASET:SEA-AD	geoatlas:AXIS:CPS	0.060121647751193795	-0.0229599733612064	unresolved	unverified
geoatlas:e000126	ENSEMBL:ENSG00000101460	biolink:correlated_with	MONDO:0004975	biolink:GeneToDiseaseAssociation	infores:geoatlas	statistical_association	data_analysis_pipeline	expression	decreased	UBERON:0002771	microglia · MTG	-0.3672322461046327	0.05359334690554073	0.15016855802932513	true	RESPONDS_TO	CL:0000129	geoatlas:DATASET:SEA-AD	geoatlas:AXIS:CPS	0.003774307832108476	-0.0096780496458215	unresolved	unverified
geoatlas:e000127	ENSEMBL:ENSG00000165943	biolink:correlated_with	MONDO:0004975	biolink:GeneToDiseaseAssociation	infores:geoatlas	statistical_association	data_analysis_pipeline	expression	decreased	UBERON:0002771	microglia · MTG	-0.3317915890442936	0.04841901185006649	0.1356700712038863	true	RESPONDS_TO	CL:0000129	geoatlas:DATASET:SEA-AD	geoatlas:AXIS:CPS	0.019176839313867714	-0.0047394100575127	unresolved	unverified
geoatlas:e000128	geoatlas:GENE:RENO1	biolink:correlated_with	MONDO:0004975	biolink:GeneToDiseaseAssociation	infores:geoatlas	statistical_association	data_analysis_pipeline	expression	increased	UBERON:0002771	microglia · MTG	0.5004991271406916	0.07335653750257567	0.20554501808221703	true	RESPONDS_TO	CL:0000129	geoatlas:DATASET:SEA-AD	geoatlas:AXIS:CPS	0.04146952029168755	-0.0063266546429396	unresolved	unverified
geoatlas:e000129	ENSEMBL:ENSG00000286226	biolink:correlated_with	MONDO:0004975	biolink:GeneToDiseaseAssociation	infores:geoatlas	statistical_association	data_analysis_pipeline	expression	increased	UBERON:0002771	microglia · MTG	0.4689292548485707	0.06906089817132263	0.193508636676046	true	RESPONDS_TO	CL:0000129	geoatlas:DATASET:SEA-AD	geoatlas:AXIS:CPS	0.004140792092476402	-0.0013680144812146	unresolved	unverified
geoatlas:e000130	ENSEMBL:ENSG00000286403	biolink:correlated_with	MONDO:0004975	biolink:GeneToDiseaseAssociation	infores:geoatlas	statistical_association	data_analysis_pipeline	expression	decreased	UBERON:0002771	microglia · MTG	-0.3682633264442871	0.0540612409459577	0.15147959713057346	true	RESPONDS_TO	CL:0000129	geoatlas:DATASET:SEA-AD	geoatlas:AXIS:CPS	0.08093870434535694	-0.0240178835586485	unresolved	unverified
geoatlas:e000131	ENSEMBL:ENSG00000030304	biolink:correlated_with	MONDO:0004975	biolink:GeneToDiseaseAssociation	infores:geoatlas	statistical_association	data_analysis_pipeline	expression	decreased	UBERON:0002771	microglia · MTG	-0.5406312777904476	0.0795736529851696	0.22296537566444521	true	RESPONDS_TO	CL:0000129	geoatlas:DATASET:SEA-AD	geoatlas:AXIS:CPS	0.029086360352410683	0.0026677488122815	unresolved	unverified
geoatlas:e000132	ENSEMBL:ENSG00000164442	biolink:correlated_with	MONDO:0004975	biolink:GeneToDiseaseAssociation	infores:geoatlas	statistical_association	data_analysis_pipeline	expression	decreased	UBERON:0002771	microglia · MTG	-0.4590439814506036	0.06760181605647746	0.18942028859024984	true	RESPONDS_TO	CL:0000129	geoatlas:DATASET:SEA-AD	geoatlas:AXIS:CPS	0.04514395240157184	0.0031492085002111	unresolved	unverified
geoatlas:e000133	ENSEMBL:ENSG00000229751	biolink:correlated_with	MONDO:0004975	biolink:GeneToDiseaseAssociation	infores:geoatlas	statistical_association	data_analysis_pipeline	expression	decreased	UBERON:0002771	microglia · MTG	-0.4237579412336078	0.0624160376327664	0.17488973744701147	true	RESPONDS_TO	CL:0000129	geoatlas:DATASET:SEA-AD	geoatlas:AXIS:CPS	0.06338234517754343	-0.0503767939598446	unresolved	unverified
geoatlas:e000134	ENSEMBL:ENSG00000285582	biolink:correlated_with	MONDO:0004975	biolink:GeneToDiseaseAssociation	infores:geoatlas	statistical_association	data_analysis_pipeline	expression	decreased	UBERON:0002771	microglia · MTG	-0.53916406065747	0.07970514440406758	0.22333381462019736	true	RESPONDS_TO	CL:0000129	geoatlas:DATASET:SEA-AD	geoatlas:AXIS:CPS	0.008559444180587133	-0.0008501569710871	unresolved	unverified
geoatlas:e000135	ENSEMBL:ENSG00000141337	biolink:correlated_with	MONDO:0004975	biolink:GeneToDiseaseAssociation	infores:geoatlas	statistical_association	data_analysis_pipeline	expression	decreased	UBERON:0002771	microglia · MTG	-0.2767833183696382	0.04080486953482117	0.11433524443656891	true	RESPONDS_TO	CL:0000129	geoatlas:DATASET:SEA-AD	geoatlas:AXIS:CPS	0.02194199201168161	-0.0171362520605176	unresolved	unverified
geoatlas:e000136	ENSEMBL:ENSG00000079156	biolink:correlated_with	MONDO:0004975	biolink:GeneToDiseaseAssociation	infores:geoatlas	statistical_association	data_analysis_pipeline	expression	decreased	UBERON:0002771	microglia · MTG	-0.1875112960577629	0.027678255804289068	0.07755447276361797	true	RESPONDS_TO	CL:0000129	geoatlas:DATASET:SEA-AD	geoatlas:AXIS:CPS	0.028566369779411346	-0.0598883298002529	unresolved	unverified
geoatlas:e000137	ENSEMBL:ENSG00000145088	biolink:correlated_with	MONDO:0004975	biolink:GeneToDiseaseAssociation	infores:geoatlas	statistical_association	data_analysis_pipeline	expression	increased	UBERON:0002771	microglia · MTG	0.1997293684670216	0.029488880900270423	0.08262784428255772	true	RESPONDS_TO	CL:0000129	geoatlas:DATASET:SEA-AD	geoatlas:AXIS:CPS	0.05294847927041532	-0.0202265540825383	unresolved	unverified
geoatlas:e000138	ENSEMBL:ENSG00000100029	biolink:correlated_with	MONDO:0004975	biolink:GeneToDiseaseAssociation	infores:geoatlas	statistical_association	data_analysis_pipeline	expression	increased	UBERON:0002771	microglia · MTG	0.2334583392288032	0.034463424777161224	0.09656651622560575	true	RESPONDS_TO	CL:0000129	geoatlas:DATASET:SEA-AD	geoatlas:AXIS:CPS	0.016163787869504072	-0.0057431640930398	unresolved	unverified
geoatlas:e000139	ENSEMBL:ENSG00000106785	biolink:correlated_with	MONDO:0004975	biolink:GeneToDiseaseAssociation	infores:geoatlas	statistical_association	data_analysis_pipeline	expression	increased	UBERON:0002771	microglia · MTG	0.1686295870454818	0.024925966904454193	0.06984255926628065	true	RESPONDS_TO	CL:0000129	geoatlas:DATASET:SEA-AD	geoatlas:AXIS:CPS	0.0026094834791720463	-0.0281965336367664	unresolved	unverified
geoatlas:e000140	ENSEMBL:ENSG00000243155	biolink:correlated_with	MONDO:0004975	biolink:GeneToDiseaseAssociation	infores:geoatlas	statistical_association	data_analysis_pipeline	expression	increased	UBERON:0002771	microglia · MTG	0.3290628530827578	0.04862192197410333	0.13623862537143755	true	RESPONDS_TO	CL:0000129	geoatlas:DATASET:SEA-AD	geoatlas:AXIS:CPS	0.04673343583965202	-0.0056716250929936	unresolved	unverified
geoatlas:e000141	ENSEMBL:ENSG00000249279	biolink:correlated_with	MONDO:0004975	biolink:GeneToDiseaseAssociation	infores:geoatlas	statistical_association	data_analysis_pipeline	expression	decreased	UBERON:0002771	microglia · MTG	-0.3821911984892276	0.05650196439953457	0.15831850424749586	true	RESPONDS_TO	CL:0000129	geoatlas:DATASET:SEA-AD	geoatlas:AXIS:CPS	0.08048965374712432	-0.029789546780385	unresolved	unverified
geoatlas:e000142	geoatlas:GENE:ADGRB3-DT	biolink:correlated_with	MONDO:0004975	biolink:GeneToDiseaseAssociation	infores:geoatlas	statistical_association	data_analysis_pipeline	expression	decreased	UBERON:0002771	microglia · MTG	-0.3651714403605708	0.054021957860933875	0.15136952592633673	true	RESPONDS_TO	CL:0000129	geoatlas:DATASET:SEA-AD	geoatlas:AXIS:CPS	1.9961164318654177e-05	-0.0033079412493902	unresolved	unverified
geoatlas:e000143	ENSEMBL:ENSG00000145779	biolink:correlated_with	MONDO:0004975	biolink:GeneToDiseaseAssociation	infores:geoatlas	statistical_association	data_analysis_pipeline	expression	increased	UBERON:0002771	microglia · MTG	0.2011771094083112	0.02983818797879815	0.08360660271659241	true	RESPONDS_TO	CL:0000129	geoatlas:DATASET:SEA-AD	geoatlas:AXIS:CPS	0.03871780020472621	-0.038746729563684	unresolved	unverified
geoatlas:e000144	ENSEMBL:ENSG00000125458	biolink:correlated_with	MONDO:0004975	biolink:GeneToDiseaseAssociation	infores:geoatlas	statistical_association	data_analysis_pipeline	expression	decreased	UBERON:0002771	microglia · MTG	-0.3380830709636898	0.050250142959758534	0.1408009005732434	true	RESPONDS_TO	CL:0000129	geoatlas:DATASET:SEA-AD	geoatlas:AXIS:CPS	0.05931576169471888	-0.025044718632795	unresolved	unverified
geoatlas:e000145	ENSEMBL:ENSG00000152818	biolink:correlated_with	MONDO:0004975	biolink:GeneToDiseaseAssociation	infores:geoatlas	statistical_association	data_analysis_pipeline	expression	increased	UBERON:0002771	microglia · MTG	0.1414536385377739	0.02103005661550168	0.058926218636635705	true	RESPONDS_TO	CL:0000129	geoatlas:DATASET:SEA-AD	geoatlas:AXIS:CPS	0.016215718108011097	-0.1313382300500563	unresolved	unverified
geoatlas:e000146	ENSEMBL:ENSG00000189306	biolink:correlated_with	MONDO:0004975	biolink:GeneToDiseaseAssociation	infores:geoatlas	statistical_association	data_analysis_pipeline	expression	increased	UBERON:0002771	microglia · MTG	0.2322632964480923	0.034534266017548415	0.09676501338117066	true	RESPONDS_TO	CL:0000129	geoatlas:DATASET:SEA-AD	geoatlas:AXIS:CPS	0.0024448619364515014	-0.0173679302736001	unresolved	unverified
geoatlas:e000147	ENSEMBL:ENSG00000203650	biolink:correlated_with	MONDO:0004975	biolink:GeneToDiseaseAssociation	infores:geoatlas	statistical_association	data_analysis_pipeline	expression	decreased	UBERON:0002771	microglia · MTG	-0.3013686064241765	0.04481299683187982	0.12556601712292725	true	RESPONDS_TO	CL:0000129	geoatlas:DATASET:SEA-AD	geoatlas:AXIS:CPS	0.03258946479666188	-0.0062250256157498	unresolved	unverified
geoatlas:e000148	ENSEMBL:ENSG00000108828	biolink:correlated_with	MONDO:0004975	biolink:GeneToDiseaseAssociation	infores:geoatlas	statistical_association	data_analysis_pipeline	expression	increased	UBERON:0002771	microglia · MTG	0.3341762525476381	0.04971730890135545	0.13930789954159797	true	RESPONDS_TO	CL:0000129	geoatlas:DATASET:SEA-AD	geoatlas:AXIS:CPS	0.06731095047555893	-0.0034870760341147	unresolved	unverified
geoatlas:e000149	ENSEMBL:ENSG00000233729	biolink:correlated_with	MONDO:0004975	biolink:GeneToDiseaseAssociation	infores:geoatlas	statistical_association	data_analysis_pipeline	expression	decreased	UBERON:0002771	microglia · MTG	-0.4639002974406822	0.06926157831155026	0.19407094242896383	true	RESPONDS_TO	CL:0000129	geoatlas:DATASET:SEA-AD	geoatlas:AXIS:CPS	0.010934786669913137	0.0023387104758699	unresolved	unverified
geoatlas:e000150	ENSEMBL:ENSG00000162104	biolink:correlated_with	MONDO:0004975	biolink:GeneToDiseaseAssociation	infores:geoatlas	statistical_association	data_analysis_pipeline	expression	increased	UBERON:0002771	microglia · MTG	0.2098935948055688	0.03129363208639041	0.08768475710606594	true	RESPONDS_TO	CL:0000129	geoatlas:DATASET:SEA-AD	geoatlas:AXIS:CPS	0.029025245427416333	-0.0237721644608385	unresolved	unverified
geoatlas:e000151	ENSEMBL:ENSG00000238057	biolink:correlated_with	MONDO:0004975	biolink:GeneToDiseaseAssociation	infores:geoatlas	statistical_association	data_analysis_pipeline	expression	decreased	UBERON:0002771	microglia · MTG	-0.3704515637604427	0.055233553072592444	0.15476441570940402	true	RESPONDS_TO	CL:0000129	geoatlas:DATASET:SEA-AD	geoatlas:AXIS:CPS	0.06059235514891489	-0.0064575965278844	unresolved	unverified
geoatlas:e000152	ENSEMBL:ENSG00000116871	biolink:correlated_with	MONDO:0004975	biolink:GeneToDiseaseAssociation	infores:geoatlas	statistical_association	data_analysis_pipeline	expression	increased	UBERON:0002771	microglia · MTG	0.14046371579403	0.02095510169399495	0.058716194946573846	true	RESPONDS_TO	CL:0000129	geoatlas:DATASET:SEA-AD	geoatlas:AXIS:CPS	0.042495743647277776	-0.0221965887542722	unresolved	unverified
geoatlas:e000153	ENSEMBL:ENSG00000169249	biolink:correlated_with	MONDO:0004975	biolink:GeneToDiseaseAssociation	infores:geoatlas	statistical_association	data_analysis_pipeline	expression	increased	UBERON:0002771	microglia · MTG	0.1532144629613963	0.02291059250416245	0.06419548019666318	true	RESPONDS_TO	CL:0000129	geoatlas:DATASET:SEA-AD	geoatlas:AXIS:CPS	0.014859389582570241	-0.013001320706415	unresolved	unverified
geoatlas:e000154	ENSEMBL:ENSG00000124003	biolink:correlated_with	MONDO:0004975	biolink:GeneToDiseaseAssociation	infores:geoatlas	statistical_association	data_analysis_pipeline	expression	decreased	UBERON:0002771	microglia · MTG	-0.5306506987239952	0.08071349075853211	0.22615920110540697	true	RESPONDS_TO	CL:0000129	geoatlas:DATASET:SEA-AD	geoatlas:AXIS:CPS	0.033944180939523415	-0.0015450592330582	unresolved	unverified
geoatlas:e000155	ENSEMBL:ENSG00000166681	biolink:correlated_with	MONDO:0004975	biolink:GeneToDiseaseAssociation	infores:geoatlas	statistical_association	data_analysis_pipeline	expression	decreased	UBERON:0002771	microglia · MTG	-0.3768738797239261	0.056538700603799376	0.15842143909184586	true	RESPONDS_TO	CL:0000129	geoatlas:DATASET:SEA-AD	geoatlas:AXIS:CPS	0.019519921097877986	0.001297896261276	unresolved	unverified
geoatlas:e000156	ENSEMBL:ENSG00000136231	biolink:correlated_with	MONDO:0004975	biolink:GeneToDiseaseAssociation	infores:geoatlas	statistical_association	data_analysis_pipeline	expression	decreased	UBERON:0002771	microglia · MTG	-0.4200503028576098	0.06345083321873941	0.17778923467890784	true	RESPONDS_TO	CL:0000129	geoatlas:DATASET:SEA-AD	geoatlas:AXIS:CPS	0.020543167177581787	-0.0007664280500858	unresolved	unverified
geoatlas:e000157	ENSEMBL:ENSG00000226571	biolink:correlated_with	MONDO:0004975	biolink:GeneToDiseaseAssociation	infores:geoatlas	statistical_association	data_analysis_pipeline	expression	decreased	UBERON:0002771	microglia · MTG	-0.5704512212480208	0.08589333660390253	0.24067312916413489	true	RESPONDS_TO	CL:0000129	geoatlas:DATASET:SEA-AD	geoatlas:AXIS:CPS	0.09031308442484638	-0.015874885698562	unresolved	unverified
geoatlas:e000158	ENSEMBL:ENSG00000257438	biolink:correlated_with	MONDO:0004975	biolink:GeneToDiseaseAssociation	infores:geoatlas	statistical_association	data_analysis_pipeline	expression	decreased	UBERON:0002771	microglia · MTG	-0.5146670908699329	0.0786822326828663	0.22046761597739137	true	RESPONDS_TO	CL:0000129	geoatlas:DATASET:SEA-AD	geoatlas:AXIS:CPS	0.016835498778925505	-0.0005516998661713	unresolved	unverified
geoatlas:e000159	ENSEMBL:ENSG00000286068	biolink:correlated_with	MONDO:0004975	biolink:GeneToDiseaseAssociation	infores:geoatlas	statistical_association	data_analysis_pipeline	expression	decreased	UBERON:0002771	microglia · MTG	-0.4410717455613702	0.06651330034445212	0.18637026756515485	true	RESPONDS_TO	CL:0000129	geoatlas:DATASET:SEA-AD	geoatlas:AXIS:CPS	0.03445738214582638	0.0028818143122901	unresolved	unverified
geoatlas:e000160	ENSEMBL:ENSG00000164440	biolink:correlated_with	MONDO:0004975	biolink:GeneToDiseaseAssociation	infores:geoatlas	statistical_association	data_analysis_pipeline	expression	decreased	UBERON:0002771	microglia · MTG	-0.4622377564395252	0.07026217325778374	0.19687460946831004	true	RESPONDS_TO	CL:0000129	geoatlas:DATASET:SEA-AD	geoatlas:AXIS:CPS	0.09734624865860832	0.0015643892889636	unresolved	unverified
geoatlas:e000161	ENSEMBL:ENSG00000089199	biolink:correlated_with	MONDO:0004975	biolink:GeneToDiseaseAssociation	infores:geoatlas	statistical_association	data_analysis_pipeline	expression	decreased	UBERON:0002771	microglia · MTG	-0.3981796811243231	0.060405259479070515	0.1692555370603556	true	RESPONDS_TO	CL:0000129	geoatlas:DATASET:SEA-AD	geoatlas:AXIS:CPS	0.06045099298257932	-0.0006098146484247	unresolved	unverified
geoatlas:e000162	ENSEMBL:ENSG00000155926	biolink:correlated_with	MONDO:0004975	biolink:GeneToDiseaseAssociation	infores:geoatlas	statistical_association	data_analysis_pipeline	expression	increased	UBERON:0002771	microglia · MTG	0.1750036410286399	0.026504467375000222	0.07426551758475063	true	RESPONDS_TO	CL:0000129	geoatlas:DATASET:SEA-AD	geoatlas:AXIS:CPS	0.0035750713797165078	-0.0945493373111738	unresolved	unverified
geoatlas:e000163	ENSEMBL:ENSG00000287150	biolink:correlated_with	MONDO:0004975	biolink:GeneToDiseaseAssociation	infores:geoatlas	statistical_association	data_analysis_pipeline	expression	decreased	UBERON:0002771	microglia · MTG	-0.5690033369507196	0.08627705342952237	0.2417483037095217	true	RESPONDS_TO	CL:0000129	geoatlas:DATASET:SEA-AD	geoatlas:AXIS:CPS	0.038603943353435546	-0.0068918771979417	unresolved	unverified
geoatlas:e000164	ENSEMBL:ENSG00000100276	biolink:correlated_with	MONDO:0004975	biolink:GeneToDiseaseAssociation	infores:geoatlas	statistical_association	data_analysis_pipeline	expression	decreased	UBERON:0002771	microglia · MTG	-0.3837463930558382	0.05818421544189499	0.16303217166818976	true	RESPONDS_TO	CL:0000129	geoatlas:DATASET:SEA-AD	geoatlas:AXIS:CPS	0.06156708562572006	-0.0138991672999009	unresolved	unverified
geoatlas:e000165	ENSEMBL:ENSG00000277855	biolink:correlated_with	MONDO:0004975	biolink:GeneToDiseaseAssociation	infores:geoatlas	statistical_association	data_analysis_pipeline	expression	increased	UBERON:0002771	microglia · MTG	0.3496098680579051	0.05302416331833906	0.14857370561798605	true	RESPONDS_TO	CL:0000129	geoatlas:DATASET:SEA-AD	geoatlas:AXIS:CPS	0.0084957681028319	-0.0061221642456272	unresolved	unverified
geoatlas:e000166	geoatlas:GENE:FRMD4A-AS1	biolink:correlated_with	MONDO:0004975	biolink:GeneToDiseaseAssociation	infores:geoatlas	statistical_association	data_analysis_pipeline	expression	decreased	UBERON:0002771	microglia · MTG	-0.4013322926030937	0.06098126967767401	0.17086951763684258	true	RESPONDS_TO	CL:0000129	geoatlas:DATASET:SEA-AD	geoatlas:AXIS:CPS	0.057238262517036856	-8.529017734790201e-05	unresolved	unverified
geoatlas:e000167	ENSEMBL:ENSG00000088833	biolink:correlated_with	MONDO:0004975	biolink:GeneToDiseaseAssociation	infores:geoatlas	statistical_association	data_analysis_pipeline	expression	increased	UBERON:0002771	microglia · MTG	0.1468850126427203	0.022321863375308615	0.06254586117761474	true	RESPONDS_TO	CL:0000129	geoatlas:DATASET:SEA-AD	geoatlas:AXIS:CPS	0.00661789549301734	-0.0313144956313601	unresolved	unverified
geoatlas:e000168	ENSEMBL:ENSG00000156298	biolink:correlated_with	MONDO:0004975	biolink:GeneToDiseaseAssociation	infores:geoatlas	statistical_association	data_analysis_pipeline	expression	decreased	UBERON:0002771	microglia · MTG	-0.2446574194292579	0.037207205310269297	0.10425458927937457	true	RESPONDS_TO	CL:0000129	geoatlas:DATASET:SEA-AD	geoatlas:AXIS:CPS	0.03253811762744864	-0.0236568407471987	unresolved	unverified
geoatlas:e000169	geoatlas:GENE:FIRRM	biolink:correlated_with	MONDO:0004975	biolink:GeneToDiseaseAssociation	infores:geoatlas	statistical_association	data_analysis_pipeline	expression	decreased	UBERON:0002771	microglia · MTG	-0.190874729474393	0.029030733652031467	0.08134411569299217	true	RESPONDS_TO	CL:0000129	geoatlas:DATASET:SEA-AD	geoatlas:AXIS:CPS	0.09431144810628368	-0.022755663515166	unresolved	unverified
geoatlas:e000170	ENSEMBL:ENSG00000185339	biolink:correlated_with	MONDO:0004975	biolink:GeneToDiseaseAssociation	infores:geoatlas	statistical_association	data_analysis_pipeline	expression	increased	UBERON:0002771	microglia · MTG	0.4944108805024211	0.07578203382055747	0.21234125876520202	true	RESPONDS_TO	CL:0000129	geoatlas:DATASET:SEA-AD	geoatlas:AXIS:CPS	0.037342099084027684	0.0079280604818038	unresolved	unverified
geoatlas:e000171	ENSEMBL:ENSG00000067113	biolink:correlated_with	MONDO:0004975	biolink:GeneToDiseaseAssociation	infores:geoatlas	statistical_association	data_analysis_pipeline	expression	decreased	UBERON:0002771	microglia · MTG	-0.1390547199150633	0.021192624262896847	0.059381733184636964	true	RESPONDS_TO	CL:0000129	geoatlas:DATASET:SEA-AD	geoatlas:AXIS:CPS	0.05985576893216526	-0.0399506899848868	unresolved	unverified
geoatlas:e000172	ENSEMBL:ENSG00000287958	biolink:correlated_with	MONDO:0004975	biolink:GeneToDiseaseAssociation	infores:geoatlas	statistical_association	data_analysis_pipeline	expression	decreased	UBERON:0002771	microglia · MTG	-0.6336331568401602	0.09757418906945123	0.27340287777260236	true	RESPONDS_TO	CL:0000129	geoatlas:DATASET:SEA-AD	geoatlas:AXIS:CPS	0.062146811818486206	-0.0101538126180794	unresolved	unverified
geoatlas:e000173	ENSEMBL:ENSG00000223749	biolink:correlated_with	MONDO:0004975	biolink:GeneToDiseaseAssociation	infores:geoatlas	statistical_association	data_analysis_pipeline	expression	decreased	UBERON:0002771	microglia · MTG	-0.2889683712582209	0.04407627873015125	0.1235017330018838	true	RESPONDS_TO	CL:0000129	geoatlas:DATASET:SEA-AD	geoatlas:AXIS:CPS	0.07901488504605111	-0.0250087322426002	unresolved	unverified
geoatlas:e000174	ENSEMBL:ENSG00000118496	biolink:correlated_with	MONDO:0004975	biolink:GeneToDiseaseAssociation	infores:geoatlas	statistical_association	data_analysis_pipeline	expression	increased	UBERON:0002771	microglia · MTG	0.1870723274011863	0.028630593857359044	0.08022292398832004	true	RESPONDS_TO	CL:0000129	geoatlas:DATASET:SEA-AD	geoatlas:AXIS:CPS	0.031090798798818497	-0.0152657650577149	unresolved	unverified
geoatlas:e000175	ENSEMBL:ENSG00000166340	biolink:correlated_with	MONDO:0004975	biolink:GeneToDiseaseAssociation	infores:geoatlas	statistical_association	data_analysis_pipeline	expression	increased	UBERON:0002771	microglia · MTG	0.1586420452907839	0.02433123813604964	0.06817612925721109	true	RESPONDS_TO	CL:0000129	geoatlas:DATASET:SEA-AD	geoatlas:AXIS:CPS	0.010099549937130496	-0.0253429165529807	unresolved	unverified
geoatlas:e000176	ENSEMBL:ENSG00000111144	biolink:correlated_with	MONDO:0004975	biolink:GeneToDiseaseAssociation	infores:geoatlas	statistical_association	data_analysis_pipeline	expression	increased	UBERON:0002771	microglia · MTG	0.1883065372500066	0.028994697179379306	0.08124314149662082	true	RESPONDS_TO	CL:0000129	geoatlas:DATASET:SEA-AD	geoatlas:AXIS:CPS	0.07504126453093365	-0.0310430325390488	unresolved	unverified
geoatlas:e000177	ENSEMBL:ENSG00000177105	biolink:correlated_with	MONDO:0004975	biolink:GeneToDiseaseAssociation	infores:geoatlas	statistical_association	data_analysis_pipeline	expression	increased	UBERON:0002771	microglia · MTG	0.1786241315127312	0.027504375884020372	0.07706726122702508	true	RESPONDS_TO	CL:0000129	geoatlas:DATASET:SEA-AD	geoatlas:AXIS:CPS	0.031431710691982764	-0.0320411625657734	unresolved	unverified
geoatlas:e000178	ENSEMBL:ENSG00000167792	biolink:correlated_with	MONDO:0004975	biolink:GeneToDiseaseAssociation	infores:geoatlas	statistical_association	data_analysis_pipeline	expression	decreased	UBERON:0002771	microglia · MTG	-0.1614721652155893	0.024867683761692076	0.0696792499002612	true	RESPONDS_TO	CL:0000129	geoatlas:DATASET:SEA-AD	geoatlas:AXIS:CPS	0.02417987892165963	-0.0105654939934708	unresolved	unverified
geoatlas:e000179	ENSEMBL:ENSG00000204296	biolink:correlated_with	MONDO:0004975	biolink:GeneToDiseaseAssociation	infores:geoatlas	statistical_association	data_analysis_pipeline	expression	decreased	UBERON:0002771	microglia · MTG	-0.5509900108677855	0.0857653595872437	0.24031453756345683	true	RESPONDS_TO	CL:0000129	geoatlas:DATASET:SEA-AD	geoatlas:AXIS:CPS	0.09714868363674024	-6.679305390541214e-05	unresolved	unverified
geoatlas:e000180	ENSEMBL:ENSG00000204482	biolink:correlated_with	MONDO:0004975	biolink:GeneToDiseaseAssociation	infores:geoatlas	statistical_association	data_analysis_pipeline	expression	decreased	UBERON:0002771	microglia · MTG	-0.2325211314246425	0.03584929093829278	0.10044971320909638	true	RESPONDS_TO	CL:0000129	geoatlas:DATASET:SEA-AD	geoatlas:AXIS:CPS	0.006588223481932772	-0.0416214173186019	unresolved	unverified
geoatlas:e000181	ENSEMBL:ENSG00000265972	biolink:correlated_with	MONDO:0004975	biolink:GeneToDiseaseAssociation	infores:geoatlas	statistical_association	data_analysis_pipeline	expression	increased	UBERON:0002771	microglia · MTG	0.2315794119897578	0.0357255830477198	0.10010308369971088	true	RESPONDS_TO	CL:0000129	geoatlas:DATASET:SEA-AD	geoatlas:AXIS:CPS	0.027917415552518633	-0.0485430799439097	unresolved	unverified
geoatlas:e000182	ENSEMBL:ENSG00000152580	biolink:correlated_with	MONDO:0004975	biolink:GeneToDiseaseAssociation	infores:geoatlas	statistical_association	data_analysis_pipeline	expression	decreased	UBERON:0002771	microglia · MTG	-0.3498331794120961	0.053967511123662125	0.15121696616850128	true	RESPONDS_TO	CL:0000129	geoatlas:DATASET:SEA-AD	geoatlas:AXIS:CPS	0.07153218617314111	-0.0075266738837315	unresolved	unverified
geoatlas:e000183	ENSEMBL:ENSG00000179388	biolink:correlated_with	MONDO:0004975	biolink:GeneToDiseaseAssociation	infores:geoatlas	statistical_association	data_analysis_pipeline	expression	decreased	UBERON:0002771	microglia · MTG	-0.6325590692324141	0.0980282145958698	0.2746750572976272	true	RESPONDS_TO	CL:0000129	geoatlas:DATASET:SEA-AD	geoatlas:AXIS:CPS	0.02835859247149529	0.0066568548589512	unresolved	unverified
geoatlas:e000184	ENSEMBL:ENSG00000138303	biolink:correlated_with	MONDO:0004975	biolink:GeneToDiseaseAssociation	infores:geoatlas	statistical_association	data_analysis_pipeline	expression	increased	UBERON:0002771	microglia · MTG	0.1255762306338149	0.019404426598868547	0.05437120333002967	true	RESPONDS_TO	CL:0000129	geoatlas:DATASET:SEA-AD	geoatlas:AXIS:CPS	0.010296766156699486	-0.0362015446456793	unresolved	unverified
geoatlas:e000185	ENSEMBL:ENSG00000224950	biolink:correlated_with	MONDO:0004975	biolink:GeneToDiseaseAssociation	infores:geoatlas	statistical_association	data_analysis_pipeline	expression	increased	UBERON:0002771	microglia · MTG	0.2802458529496817	0.04328283764873052	0.12127851109174291	true	RESPONDS_TO	CL:0000129	geoatlas:DATASET:SEA-AD	geoatlas:AXIS:CPS	0.03223757716770724	-0.0075452276526807	unresolved	unverified
geoatlas:e000186	ENSEMBL:ENSG00000145808	biolink:correlated_with	MONDO:0004975	biolink:GeneToDiseaseAssociation	infores:geoatlas	statistical_association	data_analysis_pipeline	expression	decreased	UBERON:0002771	microglia · MTG	-0.3427084631172636	0.053068497099979746	0.14869792887414324	true	RESPONDS_TO	CL:0000129	geoatlas:DATASET:SEA-AD	geoatlas:AXIS:CPS	0.020023896060239136	-0.0007592313532336	unresolved	unverified
geoatlas:e000187	ENSEMBL:ENSG00000273409	biolink:correlated_with	MONDO:0004975	biolink:GeneToDiseaseAssociation	infores:geoatlas	statistical_association	data_analysis_pipeline	expression	decreased	UBERON:0002771	microglia · MTG	-0.4647220173549605	0.07202187320223485	0.20180528871266207	true	RESPONDS_TO	CL:0000129	geoatlas:DATASET:SEA-AD	geoatlas:AXIS:CPS	0.05263811211763832	-0.0681519262829768	unresolved	unverified
geoatlas:e000188	ENSEMBL:ENSG00000228740	biolink:correlated_with	MONDO:0004975	biolink:GeneToDiseaseAssociation	infores:geoatlas	statistical_association	data_analysis_pipeline	expression	decreased	UBERON:0002771	microglia · MTG	-0.5114306632651385	0.08032248606420753	0.2250636059519095	true	RESPONDS_TO	CL:0000129	geoatlas:DATASET:SEA-AD	geoatlas:AXIS:CPS	0.023605756234703304	0.0020534857553297	unresolved	unverified
geoatlas:e000189	ENSEMBL:ENSG00000211445	biolink:correlated_with	MONDO:0004975	biolink:GeneToDiseaseAssociation	infores:geoatlas	statistical_association	data_analysis_pipeline	expression	increased	UBERON:0002771	microglia · MTG	0.5463226021162505	0.08515342369947855	0.2385998932059389	true	RESPONDS_TO	CL:0000129	geoatlas:DATASET:SEA-AD	geoatlas:AXIS:CPS	0.00903027510451275	0.0024443797220442	unresolved	unverified
geoatlas:e000190	ENSEMBL:ENSG00000164691	biolink:correlated_with	MONDO:0004975	biolink:GeneToDiseaseAssociation	infores:geoatlas	statistical_association	data_analysis_pipeline	expression	decreased	UBERON:0002771	microglia · MTG	-0.2601958664265836	0.04040425980621857	0.11321273597702443	true	RESPONDS_TO	CL:0000129	geoatlas:DATASET:SEA-AD	geoatlas:AXIS:CPS	0.03265693853336962	-0.0133349412068528	unresolved	unverified
geoatlas:e000191	ENSEMBL:ENSG00000197062	biolink:correlated_with	MONDO:0004975	biolink:GeneToDiseaseAssociation	infores:geoatlas	statistical_association	data_analysis_pipeline	expression	decreased	UBERON:0002771	microglia · MTG	-0.1807689603193801	0.028076553659446096	0.07867050335376796	true	RESPONDS_TO	CL:0000129	geoatlas:DATASET:SEA-AD	geoatlas:AXIS:CPS	0.06704435850199697	-0.0076462358357666	unresolved	unverified
geoatlas:e000192	ENSEMBL:ENSG00000203721	biolink:correlated_with	MONDO:0004975	biolink:GeneToDiseaseAssociation	infores:geoatlas	statistical_association	data_analysis_pipeline	expression	increased	UBERON:0002771	microglia · MTG	0.3622056129912399	0.05627048539805589	0.15766990008535262	true	RESPONDS_TO	CL:0000129	geoatlas:DATASET:SEA-AD	geoatlas:AXIS:CPS	0.001785481568697042	-0.0162741073527227	unresolved	unverified
geoatlas:e000193	ENSEMBL:ENSG00000182389	biolink:correlated_with	MONDO:0004975	biolink:GeneToDiseaseAssociation	infores:geoatlas	statistical_association	data_analysis_pipeline	expression	decreased	UBERON:0002771	microglia · MTG	-0.189234208948402	0.029548096214210874	0.08279376559221888	true	RESPONDS_TO	CL:0000129	geoatlas:DATASET:SEA-AD	geoatlas:AXIS:CPS	0.05104740374296411	-0.1589486792531165	unresolved	unverified
geoatlas:e000194	ENSEMBL:ENSG00000104760	biolink:correlated_with	MONDO:0004975	biolink:GeneToDiseaseAssociation	infores:geoatlas	statistical_association	data_analysis_pipeline	expression	decreased	UBERON:0002771	microglia · MTG	-0.5571835127590803	0.08701836254786345	0.2438254518591134	true	RESPONDS_TO	CL:0000129	geoatlas:DATASET:SEA-AD	geoatlas:AXIS:CPS	0.04519994232286703	-0.0122377740902754	unresolved	unverified
geoatlas:e000195	ENSEMBL:ENSG00000168172	biolink:correlated_with	MONDO:0004975	biolink:GeneToDiseaseAssociation	infores:geoatlas	statistical_association	data_analysis_pipeline	expression	increased	UBERON:0002771	microglia · MTG	0.103210415359051	0.016135231672914394	0.045210919147506134	true	RESPONDS_TO	CL:0000129	geoatlas:DATASET:SEA-AD	geoatlas:AXIS:CPS	0.001776550220708935	-0.0742886990688064	unresolved	unverified
geoatlas:e000196	geoatlas:GENE:SPDYE21	biolink:correlated_with	MONDO:0004975	biolink:GeneToDiseaseAssociation	infores:geoatlas	statistical_association	data_analysis_pipeline	expression	decreased	UBERON:0002771	microglia · MTG	-0.460691906682636	0.07242356318534465	0.20293082404533572	true	RESPONDS_TO	CL:0000129	geoatlas:DATASET:SEA-AD	geoatlas:AXIS:CPS	0.07185921882803978	0.0026474560153823	unresolved	unverified
geoatlas:e000197	ENSEMBL:ENSG00000148175	biolink:correlated_with	MONDO:0004975	biolink:GeneToDiseaseAssociation	infores:geoatlas	statistical_association	data_analysis_pipeline	expression	increased	UBERON:0002771	microglia · MTG	0.1592254956181713	0.02491259074865777	0.06980507927773907	true	RESPONDS_TO	CL:0000129	geoatlas:DATASET:SEA-AD	geoatlas:AXIS:CPS	0.04882511964703902	-0.0297807194205695	unresolved	unverified
geoatlas:e000198	ENSEMBL:ENSG00000092094	biolink:correlated_with	MONDO:0004975	biolink:GeneToDiseaseAssociation	infores:geoatlas	statistical_association	data_analysis_pipeline	expression	decreased	UBERON:0002771	microglia · MTG	-0.1848394848653593	0.028926371099791258	0.0810516918216151	true	RESPONDS_TO	CL:0000129	geoatlas:DATASET:SEA-AD	geoatlas:AXIS:CPS	0.0264401551108351	-0.0132442789871046	unresolved	unverified
geoatlas:e000199	ENSEMBL:ENSG00000161547	biolink:correlated_with	MONDO:0004975	biolink:GeneToDiseaseAssociation	infores:geoatlas	statistical_association	data_analysis_pipeline	expression	decreased	UBERON:0002771	microglia · MTG	-0.2043913637494553	0.031992834553021376	0.0896439224175659	true	RESPONDS_TO	CL:0000129	geoatlas:DATASET:SEA-AD	geoatlas:AXIS:CPS	0.060487265311730216	-0.0405006374067194	unresolved	unverified
geoatlas:e000200	ENSEMBL:ENSG00000103196	biolink:correlated_with	MONDO:0004975	biolink:GeneToDiseaseAssociation	infores:geoatlas	statistical_association	data_analysis_pipeline	expression	increased	UBERON:0002771	microglia · MTG	0.4456760121968906	0.06999908200421856	0.1961374277758204	true	RESPONDS_TO	CL:0000129	geoatlas:DATASET:SEA-AD	geoatlas:AXIS:CPS	0.07477370590280927	-0.0018946385331255	unresolved	unverified
geoatlas:e000201	ENSEMBL:ENSG00000143376	biolink:correlated_with	MONDO:0004975	biolink:GeneToDiseaseAssociation	infores:geoatlas	statistical_association	data_analysis_pipeline	expression	increased	UBERON:0002771	microglia · MTG	0.1379412760548366	0.021650276714658887	0.060664075354474205	true	RESPONDS_TO	CL:0000129	geoatlas:DATASET:SEA-AD	geoatlas:AXIS:CPS	0.006300123526644524	-0.073795468124402	unresolved	unverified
geoatlas:e000202	ENSEMBL:ENSG00000126804	biolink:correlated_with	MONDO:0004975	biolink:GeneToDiseaseAssociation	infores:geoatlas	statistical_association	data_analysis_pipeline	expression	increased	UBERON:0002771	microglia · MTG	0.1691648703540716	0.026552850379308417	0.07440108676282219	true	RESPONDS_TO	CL:0000129	geoatlas:DATASET:SEA-AD	geoatlas:AXIS:CPS	0.004108839762490389	-0.0794226771896323	unresolved	unverified
geoatlas:e000203	ENSEMBL:ENSG00000170802	biolink:correlated_with	MONDO:0004975	biolink:GeneToDiseaseAssociation	infores:geoatlas	statistical_association	data_analysis_pipeline	expression	increased	UBERON:0002771	microglia · MTG	0.149918855212352	0.02355594078430671	0.0660037460776274	true	RESPONDS_TO	CL:0000129	geoatlas:DATASET:SEA-AD	geoatlas:AXIS:CPS	0.027647023360179407	-0.0481231271896611	unresolved	unverified
geoatlas:e000204	ENSEMBL:ENSG00000168874	biolink:correlated_with	MONDO:0004975	biolink:GeneToDiseaseAssociation	infores:geoatlas	statistical_association	data_analysis_pipeline	expression	increased	UBERON:0002771	microglia · MTG	0.5681337782409576	0.08925879305452063	0.2501031381387668	true	RESPONDS_TO	CL:0000129	geoatlas:DATASET:SEA-AD	geoatlas:AXIS:CPS	0.006235687350552322	-0.004983177315229	unresolved	unverified
geoatlas:e000205	ENSEMBL:ENSG00000048405	biolink:correlated_with	MONDO:0004975	biolink:GeneToDiseaseAssociation	infores:geoatlas	statistical_association	data_analysis_pipeline	expression	increased	UBERON:0002771	microglia · MTG	0.1335475046569262	0.0210169369436688	0.05888945731615998	true	RESPONDS_TO	CL:0000129	geoatlas:DATASET:SEA-AD	geoatlas:AXIS:CPS	0.005569252932073785	-0.0427825338890908	unresolved	unverified
geoatlas:e000206	ENSEMBL:ENSG00000188559	biolink:correlated_with	MONDO:0004975	biolink:GeneToDiseaseAssociation	infores:geoatlas	statistical_association	data_analysis_pipeline	expression	increased	UBERON:0002771	microglia · MTG	0.1169558418540348	0.018408917456072885	0.051581786711916225	true	RESPONDS_TO	CL:0000129	geoatlas:DATASET:SEA-AD	geoatlas:AXIS:CPS	0.039231101600727576	-0.1439204320154152	unresolved	unverified
geoatlas:e000207	ENSEMBL:ENSG00000198804	biolink:correlated_with	MONDO:0004975	biolink:GeneToDiseaseAssociation	infores:geoatlas	statistical_association	data_analysis_pipeline	expression	increased	UBERON:0002771	microglia · MTG	0.2526186348483991	0.039786776612053674	0.1114825480669744	true	RESPONDS_TO	CL:0000129	geoatlas:DATASET:SEA-AD	geoatlas:AXIS:CPS			unresolved	unverified
geoatlas:e000208	ENSEMBL:ENSG00000157625	biolink:correlated_with	MONDO:0004975	biolink:GeneToDiseaseAssociation	infores:geoatlas	statistical_association	data_analysis_pipeline	expression	increased	UBERON:0002771	microglia · MTG	0.1366874397959606	0.021547031584832944	0.06037478250070191	true	RESPONDS_TO	CL:0000129	geoatlas:DATASET:SEA-AD	geoatlas:AXIS:CPS	0.007215352192684881	-0.0206703194985552	unresolved	unverified
geoatlas:e000209	ENSEMBL:ENSG00000099622	biolink:correlated_with	MONDO:0004975	biolink:GeneToDiseaseAssociation	infores:geoatlas	statistical_association	data_analysis_pipeline	expression	decreased	UBERON:0002771	microglia · MTG	-0.2117966888880765	0.033392246171730984	0.09356507377319022	true	RESPONDS_TO	CL:0000129	geoatlas:DATASET:SEA-AD	geoatlas:AXIS:CPS	0.0032293791043708046	-0.0317165244103423	unresolved	unverified
geoatlas:e000210	ENSEMBL:ENSG00000085662	biolink:correlated_with	MONDO:0004975	biolink:GeneToDiseaseAssociation	infores:geoatlas	statistical_association	data_analysis_pipeline	expression	increased	UBERON:0002771	microglia · MTG	0.1932772109176189	0.030481126079761844	0.08540811527549269	true	RESPONDS_TO	CL:0000129	geoatlas:DATASET:SEA-AD	geoatlas:AXIS:CPS	0.009953812404810249	-0.0147916070384356	unresolved	unverified
geoatlas:e000211	ENSEMBL:ENSG00000185278	biolink:correlated_with	MONDO:0004975	biolink:GeneToDiseaseAssociation	infores:geoatlas	statistical_association	data_analysis_pipeline	expression	increased	UBERON:0002771	microglia · MTG	0.134126418127392	0.021154843114179304	0.05927587040593041	true	RESPONDS_TO	CL:0000129	geoatlas:DATASET:SEA-AD	geoatlas:AXIS:CPS	0.0022067111014182185	-0.0445048185090051	unresolved	unverified
geoatlas:e000212	ENSEMBL:ENSG00000173391	biolink:correlated_with	MONDO:0004975	biolink:GeneToDiseaseAssociation	infores:geoatlas	statistical_association	data_analysis_pipeline	expression	decreased	UBERON:0002771	microglia · MTG	-0.3105802794125552	0.04901640955772501	0.13734397958074548	true	RESPONDS_TO	CL:0000129	geoatlas:DATASET:SEA-AD	geoatlas:AXIS:CPS	0.08520256759222529	-0.0331032940880409	unresolved	unverified
geoatlas:e000213	ENSEMBL:ENSG00000262810	biolink:correlated_with	MONDO:0004975	biolink:GeneToDiseaseAssociation	infores:geoatlas	statistical_association	data_analysis_pipeline	expression	decreased	UBERON:0002771	microglia · MTG	-0.37924485047598	0.06002492274054601	0.16818983351900993	true	RESPONDS_TO	CL:0000129	geoatlas:DATASET:SEA-AD	geoatlas:AXIS:CPS	0.09201254670309204	-0.0010092905535452	unresolved	unverified
geoatlas:e000214	ENSEMBL:ENSG00000232895	biolink:correlated_with	MONDO:0004975	biolink:GeneToDiseaseAssociation	infores:geoatlas	statistical_association	data_analysis_pipeline	expression	decreased	UBERON:0002771	microglia · MTG	-0.7709555319322078	0.12240286468734989	0.34297282685395436	true	RESPONDS_TO	CL:0000129	geoatlas:DATASET:SEA-AD	geoatlas:AXIS:CPS	0.011127080482346799	-0.0153896584417204	unresolved	unverified
geoatlas:e000215	ENSEMBL:ENSG00000170921	biolink:correlated_with	MONDO:0004975	biolink:GeneToDiseaseAssociation	infores:geoatlas	statistical_association	data_analysis_pipeline	expression	increased	UBERON:0002771	microglia · MTG	0.1168545720089847	0.018476289645896173	0.05177056358780108	true	RESPONDS_TO	CL:0000129	geoatlas:DATASET:SEA-AD	geoatlas:AXIS:CPS	0.06403131089343995	-0.175895410076342	unresolved	unverified
geoatlas:e000216	ENSEMBL:ENSG00000274020	biolink:correlated_with	MONDO:0004975	biolink:GeneToDiseaseAssociation	infores:geoatlas	statistical_association	data_analysis_pipeline	expression	increased	UBERON:0002771	microglia · MTG	0.173473645019113	0.027460464143259616	0.07694422052941345	true	RESPONDS_TO	CL:0000129	geoatlas:DATASET:SEA-AD	geoatlas:AXIS:CPS	0.008843992092287993	-0.0369564465540226	unresolved	unverified
geoatlas:e000217	ENSEMBL:ENSG00000287335	biolink:correlated_with	MONDO:0004975	biolink:GeneToDiseaseAssociation	infores:geoatlas	statistical_association	data_analysis_pipeline	expression	decreased	UBERON:0002771	microglia · MTG	-0.7518270751548691	0.11906240702500002	0.3336128644840501	true	RESPONDS_TO	CL:0000129	geoatlas:DATASET:SEA-AD	geoatlas:AXIS:CPS	0.014777791096807717	-0.005017386919424	unresolved	unverified
geoatlas:e000218	ENSEMBL:ENSG00000249881	biolink:correlated_with	MONDO:0004975	biolink:GeneToDiseaseAssociation	infores:geoatlas	statistical_association	data_analysis_pipeline	expression	decreased	UBERON:0002771	microglia · MTG	-0.3453860049027016	0.05510285872926041	0.15439821015938765	true	RESPONDS_TO	CL:0000129	geoatlas:DATASET:SEA-AD	geoatlas:AXIS:CPS	0.049292976912800615	-0.0027484158589583	unresolved	unverified
geoatlas:e000219	ENSEMBL:ENSG00000245864	biolink:correlated_with	MONDO:0004975	biolink:GeneToDiseaseAssociation	infores:geoatlas	statistical_association	data_analysis_pipeline	expression	decreased	UBERON:0002771	microglia · MTG	-0.3872679510221759	0.061403590542532374	0.17205286070017572	true	RESPONDS_TO	CL:0000129	geoatlas:DATASET:SEA-AD	geoatlas:AXIS:CPS	0.08997663013761961	-0.0198013503243741	unresolved	unverified
geoatlas:e000220	ENSEMBL:ENSG00000185621	biolink:correlated_with	MONDO:0004975	biolink:GeneToDiseaseAssociation	infores:geoatlas	statistical_association	data_analysis_pipeline	expression	decreased	UBERON:0002771	microglia · MTG	-0.1886558095840464	0.029906562750754238	0.08379818882761338	true	RESPONDS_TO	CL:0000129	geoatlas:DATASET:SEA-AD	geoatlas:AXIS:CPS	0.022312976689327763	-0.0042649082600471	unresolved	unverified
geoatlas:e000221	ENSEMBL:ENSG00000188603	biolink:correlated_with	MONDO:0004975	biolink:GeneToDiseaseAssociation	infores:geoatlas	statistical_association	data_analysis_pipeline	expression	increased	UBERON:0002771	microglia · MTG	0.175805634792005	0.027884119991231797	0.07813130421543149	true	RESPONDS_TO	CL:0000129	geoatlas:DATASET:SEA-AD	geoatlas:AXIS:CPS	0.034475401189783365	-0.0228017414403381	unresolved	unverified
geoatlas:e000222	ENSEMBL:ENSG00000027075	biolink:correlated_with	MONDO:0004975	biolink:GeneToDiseaseAssociation	infores:geoatlas	statistical_association	data_analysis_pipeline	expression	increased	UBERON:0002771	microglia · MTG	0.1488118762694961	0.023607370825007273	0.06614785305167038	true	RESPONDS_TO	CL:0000129	geoatlas:DATASET:SEA-AD	geoatlas:AXIS:CPS	0.051732740102720255	-0.1247416762324438	unresolved	unverified
geoatlas:e000223	ENSEMBL:ENSG00000169193	biolink:correlated_with	MONDO:0004975	biolink:GeneToDiseaseAssociation	infores:geoatlas	statistical_association	data_analysis_pipeline	expression	increased	UBERON:0002771	microglia · MTG	0.1578897290328438	0.025147017335710974	0.07046194257466215	true	RESPONDS_TO	CL:0000129	geoatlas:DATASET:SEA-AD	geoatlas:AXIS:CPS	0.011634299212446788	-0.0193377536964649	unresolved	unverified
geoatlas:e000224	ENSEMBL:ENSG00000106780	biolink:correlated_with	MONDO:0004975	biolink:GeneToDiseaseAssociation	infores:geoatlas	statistical_association	data_analysis_pipeline	expression	increased	UBERON:0002771	microglia · MTG	0.1810269574253667	0.028836989989043126	0.08080124594929884	true	RESPONDS_TO	CL:0000129	geoatlas:DATASET:SEA-AD	geoatlas:AXIS:CPS	0.022955068627559097	-0.0304219377802949	unresolved	unverified
geoatlas:e000225	ENSEMBL:ENSG00000102921	biolink:correlated_with	MONDO:0004975	biolink:GeneToDiseaseAssociation	infores:geoatlas	statistical_association	data_analysis_pipeline	expression	increased	UBERON:0002771	microglia · MTG	0.1017557276395397	0.016210355023501963	0.0454214147758525	true	RESPONDS_TO	CL:0000129	geoatlas:DATASET:SEA-AD	geoatlas:AXIS:CPS	0.020756363512158097	-0.0470121663249823	unresolved	unverified
geoatlas:e000226	ENSEMBL:ENSG00000184068	biolink:correlated_with	MONDO:0004975	biolink:GeneToDiseaseAssociation	infores:geoatlas	statistical_association	data_analysis_pipeline	expression	decreased	UBERON:0002771	microglia · MTG	-0.4203328324646284	0.06784122113870639	0.1900911016306553	true	RESPONDS_TO	CL:0000129	geoatlas:DATASET:SEA-AD	geoatlas:AXIS:CPS	0.07668808266089709	0.0029656963558375	unresolved	unverified
geoatlas:e000227	ENSEMBL:ENSG00000213316	biolink:correlated_with	MONDO:0004975	biolink:GeneToDiseaseAssociation	infores:geoatlas	statistical_association	data_analysis_pipeline	expression	decreased	UBERON:0002771	microglia · MTG	-0.470218445034639	0.07497462644541461	0.21007890330005174	true	RESPONDS_TO	CL:0000129	geoatlas:DATASET:SEA-AD	geoatlas:AXIS:CPS	0.03385950914955214	-0.0606180083940998	unresolved	unverified
geoatlas:e000228	ENSEMBL:ENSG00000234593	biolink:correlated_with	MONDO:0004975	biolink:GeneToDiseaseAssociation	infores:geoatlas	statistical_association	data_analysis_pipeline	expression	decreased	UBERON:0002771	microglia · MTG	-0.4938343058228451	0.07991676949912456	0.223926788136547	true	RESPONDS_TO	CL:0000129	geoatlas:DATASET:SEA-AD	geoatlas:AXIS:CPS	0.016910132478268634	0.0028752569461069	unresolved	unverified
geoatlas:e000229	geoatlas:GENE:ABTB3	biolink:correlated_with	MONDO:0004975	biolink:GeneToDiseaseAssociation	infores:geoatlas	statistical_association	data_analysis_pipeline	expression	increased	UBERON:0002771	microglia · MTG	0.3361738858411627	0.05371644374552259	0.1505134753749543	true	RESPONDS_TO	CL:0000129	geoatlas:DATASET:SEA-AD	geoatlas:AXIS:CPS	0.009268328763039783	-0.0170214868364686	unresolved	unverified
geoatlas:e000230	ENSEMBL:ENSG00000249867	biolink:correlated_with	MONDO:0004975	biolink:GeneToDiseaseAssociation	infores:geoatlas	statistical_association	data_analysis_pipeline	expression	decreased	UBERON:0002771	microglia · MTG	-0.400845922126981	0.06407224097357349	0.17953041920795293	true	RESPONDS_TO	CL:0000129	geoatlas:DATASET:SEA-AD	geoatlas:AXIS:CPS	0.10252561746387898	-0.0414720180040838	unresolved	unverified
geoatlas:e000231	ENSEMBL:ENSG00000140350	biolink:correlated_with	MONDO:0004975	biolink:GeneToDiseaseAssociation	infores:geoatlas	statistical_association	data_analysis_pipeline	expression	increased	UBERON:0002771	microglia · MTG	0.1231260770336596	0.019684566708672697	0.0551561559177009	true	RESPONDS_TO	CL:0000129	geoatlas:DATASET:SEA-AD	geoatlas:AXIS:CPS	0.004014615393655642	-0.086434607662563	unresolved	unverified
geoatlas:e000232	geoatlas:GENE:MYREM	biolink:correlated_with	MONDO:0004975	biolink:GeneToDiseaseAssociation	infores:geoatlas	statistical_association	data_analysis_pipeline	expression	increased	UBERON:0002771	microglia · MTG	0.7602773267110119	0.12362305508579123	0.346391800350387	true	RESPONDS_TO	CL:0000129	geoatlas:DATASET:SEA-AD	geoatlas:AXIS:CPS	0.05411950061809849	-0.0016342363949842	unresolved	unverified
geoatlas:e000233	ENSEMBL:ENSG00000176974	biolink:correlated_with	MONDO:0004975	biolink:GeneToDiseaseAssociation	infores:geoatlas	statistical_association	data_analysis_pipeline	expression	increased	UBERON:0002771	microglia · MTG	0.2078376533018724	0.03324526323308595	0.09315322757910684	true	RESPONDS_TO	CL:0000129	geoatlas:DATASET:SEA-AD	geoatlas:AXIS:CPS	0.01157536627651683	-0.0352691173165855	unresolved	unverified
geoatlas:e000234	geoatlas:GENE:LINC03033	biolink:correlated_with	MONDO:0004975	biolink:GeneToDiseaseAssociation	infores:geoatlas	statistical_association	data_analysis_pipeline	expression	increased	UBERON:0002771	microglia · MTG	0.3423922626376879	0.05479961876209069	0.15354853177137812	true	RESPONDS_TO	CL:0000129	geoatlas:DATASET:SEA-AD	geoatlas:AXIS:CPS	0.018687606234147346	-0.0092857437492098	unresolved	unverified
geoatlas:e000235	ENSEMBL:ENSG00000286512	biolink:correlated_with	MONDO:0004975	biolink:GeneToDiseaseAssociation	infores:geoatlas	statistical_association	data_analysis_pipeline	expression	decreased	UBERON:0002771	microglia · MTG	-0.4408507050268154	0.07057377986664885	0.19774773118635008	true	RESPONDS_TO	CL:0000129	geoatlas:DATASET:SEA-AD	geoatlas:AXIS:CPS	0.06648796441554675	-0.0022571066385599	unresolved	unverified
geoatlas:e000236	ENSEMBL:ENSG00000102218	biolink:correlated_with	MONDO:0004975	biolink:GeneToDiseaseAssociation	infores:geoatlas	statistical_association	data_analysis_pipeline	expression	increased	UBERON:0002771	microglia · MTG	0.1473760948078914	0.023617401602234286	0.06617595928946048	true	RESPONDS_TO	CL:0000129	geoatlas:DATASET:SEA-AD	geoatlas:AXIS:CPS	0.025400441060254342	-0.0100752261995921	unresolved	unverified
geoatlas:e000237	ENSEMBL:ENSG00000275302	biolink:correlated_with	MONDO:0004975	biolink:GeneToDiseaseAssociation	infores:geoatlas	statistical_association	data_analysis_pipeline	expression	decreased	UBERON:0002771	microglia · MTG	-0.7586433575018503	0.12229922441758499	0.34268242681807315	true	RESPONDS_TO	CL:0000129	geoatlas:DATASET:SEA-AD	geoatlas:AXIS:CPS	0.03968662588417156	0.0043101663125253	unresolved	unverified
geoatlas:e000238	ENSEMBL:ENSG00000096060	biolink:correlated_with	MONDO:0004975	biolink:GeneToDiseaseAssociation	infores:geoatlas	statistical_association	data_analysis_pipeline	expression	increased	UBERON:0002771	microglia · MTG	0.2011017673515791	0.03231999041491807	0.09056061314260044	true	RESPONDS_TO	CL:0000129	geoatlas:DATASET:SEA-AD	geoatlas:AXIS:CPS	0.005387602970227602	-0.2595441194590009	unresolved	unverified
geoatlas:e000239	ENSEMBL:ENSG00000129048	biolink:correlated_with	MONDO:0004975	biolink:GeneToDiseaseAssociation	infores:geoatlas	statistical_association	data_analysis_pipeline	expression	decreased	UBERON:0002771	microglia · MTG	-0.4564319816668981	0.07357063699189313	0.20614492485128455	true	RESPONDS_TO	CL:0000129	geoatlas:DATASET:SEA-AD	geoatlas:AXIS:CPS	0.06405479154275379	-0.0035633449655864	unresolved	unverified
geoatlas:e000240	ENSEMBL:ENSG00000096092	biolink:correlated_with	MONDO:0004975	biolink:GeneToDiseaseAssociation	infores:geoatlas	statistical_association	data_analysis_pipeline	expression	decreased	UBERON:0002771	microglia · MTG	-0.2679186777335728	0.04315538845264516	0.12092139844431174	true	RESPONDS_TO	CL:0000129	geoatlas:DATASET:SEA-AD	geoatlas:AXIS:CPS	0.013458097006770217	-0.000417307055454	unresolved	unverified
geoatlas:e000241	ENSEMBL:ENSG00000152689	biolink:correlated_with	MONDO:0004975	biolink:GeneToDiseaseAssociation	infores:geoatlas	statistical_association	data_analysis_pipeline	expression	increased	UBERON:0002771	microglia · MTG	0.3098938711912982	0.049939127617660936	0.13992943558468596	true	RESPONDS_TO	CL:0000129	geoatlas:DATASET:SEA-AD	geoatlas:AXIS:CPS	0.06661722982353675	-0.0496014519499611	unresolved	unverified
geoatlas:e000242	ENSEMBL:ENSG00000227195	biolink:correlated_with	MONDO:0004975	biolink:GeneToDiseaseAssociation	infores:geoatlas	statistical_association	data_analysis_pipeline	expression	decreased	UBERON:0002771	microglia · MTG	-0.6093840545901092	0.09940380626864068	0.2785294651647312	true	RESPONDS_TO	CL:0000129	geoatlas:DATASET:SEA-AD	geoatlas:AXIS:CPS	0.005403794000410666	-0.000574906200584	unresolved	unverified
geoatlas:e000243	ENSEMBL:ENSG00000250592	biolink:correlated_with	MONDO:0004975	biolink:GeneToDiseaseAssociation	infores:geoatlas	statistical_association	data_analysis_pipeline	expression	decreased	UBERON:0002771	microglia · MTG	-0.4328573556351852	0.06976329493653426	0.195476752412169	true	RESPONDS_TO	CL:0000129	geoatlas:DATASET:SEA-AD	geoatlas:AXIS:CPS	0.06500129682247309	-0.0053906053016756	unresolved	unverified
geoatlas:e000244	ENSEMBL:ENSG00000104447	biolink:correlated_with	MONDO:0004975	biolink:GeneToDiseaseAssociation	infores:geoatlas	statistical_association	data_analysis_pipeline	expression	increased	UBERON:0002771	microglia · MTG	0.1428905111859441	0.02306096511806162	0.06461682426080866	true	RESPONDS_TO	CL:0000129	geoatlas:DATASET:SEA-AD	geoatlas:AXIS:CPS	0.07041471986805556	-0.0349101823888089	unresolved	unverified
geoatlas:e000245	geoatlas:GENE:LINC02937	biolink:correlated_with	MONDO:0004975	biolink:GeneToDiseaseAssociation	infores:geoatlas	statistical_association	data_analysis_pipeline	expression	increased	UBERON:0002771	microglia · MTG	0.2781105016136224	0.04488721188413429	0.1257739676993443	true	RESPONDS_TO	CL:0000129	geoatlas:DATASET:SEA-AD	geoatlas:AXIS:CPS	0.01596583194701941	-0.0177842255466415	unresolved	unverified
geoatlas:e000246	ENSEMBL:ENSG00000186818	biolink:correlated_with	MONDO:0004975	biolink:GeneToDiseaseAssociation	infores:geoatlas	statistical_association	data_analysis_pipeline	expression	decreased	UBERON:0002771	microglia · MTG	-0.2448759816980099	0.03955978817589253	0.11084652646885086	true	RESPONDS_TO	CL:0000129	geoatlas:DATASET:SEA-AD	geoatlas:AXIS:CPS	0.01657975740216429	-0.05568465015046	unresolved	unverified
geoatlas:e000247	ENSEMBL:ENSG00000102882	biolink:correlated_with	MONDO:0004975	biolink:GeneToDiseaseAssociation	infores:geoatlas	statistical_association	data_analysis_pipeline	expression	increased	UBERON:0002771	microglia · MTG	0.1795615418419001	0.02901832534459097	0.0813093476155439	true	RESPONDS_TO	CL:0000129	geoatlas:DATASET:SEA-AD	geoatlas:AXIS:CPS	0.003644539950302735	-0.0128735191037286	unresolved	unverified
geoatlas:e000248	geoatlas:GENE:LINC02942	biolink:correlated_with	MONDO:0004975	biolink:GeneToDiseaseAssociation	infores:geoatlas	statistical_association	data_analysis_pipeline	expression	decreased	UBERON:0002771	microglia · MTG	-0.4312682984532759	0.06996143209187555	0.1960319327214353	true	RESPONDS_TO	CL:0000129	geoatlas:DATASET:SEA-AD	geoatlas:AXIS:CPS	0.0931962480548968	0.0013583382391856	unresolved	unverified
geoatlas:e000249	ENSEMBL:ENSG00000157483	biolink:correlated_with	MONDO:0004975	biolink:GeneToDiseaseAssociation	infores:geoatlas	statistical_association	data_analysis_pipeline	expression	increased	UBERON:0002771	microglia · MTG	0.198004726481124	0.0320325568800565	0.0897552243779183	true	RESPONDS_TO	CL:0000129	geoatlas:DATASET:SEA-AD	geoatlas:AXIS:CPS	0.141831406599161	-0.1040325904730627	unresolved	unverified
geoatlas:e000250	ENSEMBL:ENSG00000140199	biolink:correlated_with	MONDO:0004975	biolink:GeneToDiseaseAssociation	infores:geoatlas	statistical_association	data_analysis_pipeline	expression	increased	UBERON:0002771	microglia · MTG	0.0993184207032061	0.01606986422926474	0.0450277595703998	true	RESPONDS_TO	CL:0000129	geoatlas:DATASET:SEA-AD	geoatlas:AXIS:CPS	0.006819000409002816	-0.080024480459772	unresolved	unverified
geoatlas:e000251	ENSEMBL:ENSG00000136436	biolink:correlated_with	MONDO:0004975	biolink:GeneToDiseaseAssociation	infores:geoatlas	statistical_association	data_analysis_pipeline	expression	increased	UBERON:0002771	microglia · MTG	0.1716373635797977	0.02777109944264823	0.07781462063830034	true	RESPONDS_TO	CL:0000129	geoatlas:DATASET:SEA-AD	geoatlas:AXIS:CPS	0.007478466280925525	-0.0260733857516863	unresolved	unverified
geoatlas:e000252	ENSEMBL:ENSG00000108256	biolink:correlated_with	MONDO:0004975	biolink:GeneToDiseaseAssociation	infores:geoatlas	statistical_association	data_analysis_pipeline	expression	increased	UBERON:0002771	microglia · MTG	0.1190249031848235	0.019278969923152478	0.05401967372467324	true	RESPONDS_TO	CL:0000129	geoatlas:DATASET:SEA-AD	geoatlas:AXIS:CPS	0.005992699119796958	-0.0722868311645621	unresolved	unverified
geoatlas:e000253	ENSEMBL:ENSG00000280441	biolink:correlated_with	MONDO:0004975	biolink:GeneToDiseaseAssociation	infores:geoatlas	statistical_association	data_analysis_pipeline	expression	increased	UBERON:0002771	microglia · MTG	0.5812513054604048	0.09413492543405394	0.26376606106621914	true	RESPONDS_TO	CL:0000129	geoatlas:DATASET:SEA-AD	geoatlas:AXIS:CPS	0.030264050525177274	-0.0132251670744261	unresolved	unverified
geoatlas:e000254	ENSEMBL:ENSG00000287807	biolink:correlated_with	MONDO:0004975	biolink:GeneToDiseaseAssociation	infores:geoatlas	statistical_association	data_analysis_pipeline	expression	decreased	UBERON:0002771	microglia · MTG	-0.3833223080077607	0.062389754276263164	0.17481609148208938	true	RESPONDS_TO	CL:0000129	geoatlas:DATASET:SEA-AD	geoatlas:AXIS:CPS	0.05991621140813746	0.003978402136193	unresolved	unverified
geoatlas:e000255	ENSEMBL:ENSG00000287216	biolink:correlated_with	MONDO:0004975	biolink:GeneToDiseaseAssociation	infores:geoatlas	statistical_association	data_analysis_pipeline	expression	increased	UBERON:0002771	microglia · MTG	0.3032347831092661	0.04919213776047029	0.13783637000483775	true	RESPONDS_TO	CL:0000129	geoatlas:DATASET:SEA-AD	geoatlas:AXIS:CPS	0.004455240811005549	-0.0602371016466251	unresolved	unverified
geoatlas:e000256	ENSEMBL:ENSG00000035403	biolink:correlated_with	MONDO:0004975	biolink:GeneToDiseaseAssociation	infores:geoatlas	statistical_association	data_analysis_pipeline	expression	decreased	UBERON:0002771	microglia · MTG	-0.1322857631311305	0.021491846241493157	0.060220153168663824	true	RESPONDS_TO	CL:0000129	geoatlas:DATASET:SEA-AD	geoatlas:AXIS:CPS	0.05873019827486438	-0.0064655156950942	unresolved	unverified
geoatlas:e000257	ENSEMBL:ENSG00000138172	biolink:correlated_with	MONDO:0004975	biolink:GeneToDiseaseAssociation	infores:geoatlas	statistical_association	data_analysis_pipeline	expression	increased	UBERON:0002771	microglia · MTG	0.2887313869801026	0.04689970907982656	0.13141298484167402	true	RESPONDS_TO	CL:0000129	geoatlas:DATASET:SEA-AD	geoatlas:AXIS:CPS	0.0550593918253579	0.000506888114468	unresolved	unverified
geoatlas:e000258	ENSEMBL:ENSG00000152558	biolink:correlated_with	MONDO:0004975	biolink:GeneToDiseaseAssociation	infores:geoatlas	statistical_association	data_analysis_pipeline	expression	increased	UBERON:0002771	microglia · MTG	0.1581314402357263	0.025694196344410253	0.07199513815703754	true	RESPONDS_TO	CL:0000129	geoatlas:DATASET:SEA-AD	geoatlas:AXIS:CPS	0.013033291952811426	-0.0210129240874133	unresolved	unverified
geoatlas:e000259	ENSEMBL:ENSG00000285588	biolink:correlated_with	MONDO:0004975	biolink:GeneToDiseaseAssociation	infores:geoatlas	statistical_association	data_analysis_pipeline	expression	decreased	UBERON:0002771	microglia · MTG	-0.4824421266867126	0.07986522992933714	0.22378237426200268	true	RESPONDS_TO	CL:0000129	geoatlas:DATASET:SEA-AD	geoatlas:AXIS:CPS	0.07533218716792218	0.0002364489444952	unresolved	unverified
geoatlas:e000260	ENSEMBL:ENSG00000185189	biolink:correlated_with	MONDO:0004975	biolink:GeneToDiseaseAssociation	infores:geoatlas	statistical_association	data_analysis_pipeline	expression	decreased	UBERON:0002771	microglia · MTG	-0.2637044352661943	0.04289496709645079	0.12019169780425512	true	RESPONDS_TO	CL:0000129	geoatlas:DATASET:SEA-AD	geoatlas:AXIS:CPS	0.0375035530099967	-0.0085455785341863	unresolved	unverified
geoatlas:e000261	ENSEMBL:ENSG00000135916	biolink:correlated_with	MONDO:0004975	biolink:GeneToDiseaseAssociation	infores:geoatlas	statistical_association	data_analysis_pipeline	expression	decreased	UBERON:0002771	microglia · MTG	-0.2631419602979014	0.04281940206652394	0.11997996459040008	true	RESPONDS_TO	CL:0000129	geoatlas:DATASET:SEA-AD	geoatlas:AXIS:CPS	0.05929956850777838	-0.0206060321357715	unresolved	unverified
geoatlas:e000262	ENSEMBL:ENSG00000215252	biolink:correlated_with	MONDO:0004975	biolink:GeneToDiseaseAssociation	infores:geoatlas	statistical_association	data_analysis_pipeline	expression	decreased	UBERON:0002771	microglia · MTG	-0.3004620656486523	0.04890336167088791	0.1370272194018279	true	RESPONDS_TO	CL:0000129	geoatlas:DATASET:SEA-AD	geoatlas:AXIS:CPS	0.07537381821909803	0.0039982998220278	unresolved	unverified
geoatlas:e000263	ENSEMBL:ENSG00000111231	biolink:correlated_with	MONDO:0004975	biolink:GeneToDiseaseAssociation	infores:geoatlas	statistical_association	data_analysis_pipeline	expression	decreased	UBERON:0002771	microglia · MTG	-0.2502724706748037	0.04073818287899216	0.11414838842693605	true	RESPONDS_TO	CL:0000129	geoatlas:DATASET:SEA-AD	geoatlas:AXIS:CPS	0.01745796518704067	-0.0214064172952485	unresolved	unverified
geoatlas:e000264	ENSEMBL:ENSG00000226688	biolink:correlated_with	MONDO:0004975	biolink:GeneToDiseaseAssociation	infores:geoatlas	statistical_association	data_analysis_pipeline	expression	decreased	UBERON:0002771	microglia · MTG	-0.2185816810366286	0.035599250907173655	0.09974910104190059	true	RESPONDS_TO	CL:0000129	geoatlas:DATASET:SEA-AD	geoatlas:AXIS:CPS	0.060022857354741714	-0.0502454808627382	unresolved	unverified
geoatlas:e000265	ENSEMBL:ENSG00000196187	biolink:correlated_with	MONDO:0004975	biolink:GeneToDiseaseAssociation	infores:geoatlas	statistical_association	data_analysis_pipeline	expression	increased	UBERON:0002771	microglia · MTG	0.1104860856789455	0.018016462446491743	0.050482127775069864	true	RESPONDS_TO	CL:0000129	geoatlas:DATASET:SEA-AD	geoatlas:AXIS:CPS	0.020699832671214613	-0.0096584210722435	unresolved	unverified
geoatlas:e000266	ENSEMBL:ENSG00000117152	biolink:correlated_with	MONDO:0004975	biolink:GeneToDiseaseAssociation	infores:geoatlas	statistical_association	data_analysis_pipeline	expression	decreased	UBERON:0002771	microglia · MTG	-0.3637766984265916	0.0593514976844975	0.166302896511962	true	RESPONDS_TO	CL:0000129	geoatlas:DATASET:SEA-AD	geoatlas:AXIS:CPS	0.0029278616743024567	0.0002285142771656	unresolved	unverified
geoatlas:e000267	ENSEMBL:ENSG00000134030	biolink:correlated_with	MONDO:0004975	biolink:GeneToDiseaseAssociation	infores:geoatlas	statistical_association	data_analysis_pipeline	expression	increased	UBERON:0002771	microglia · MTG	0.1480173773621164	0.02414206284305234	0.06764606008623265	true	RESPONDS_TO	CL:0000129	geoatlas:DATASET:SEA-AD	geoatlas:AXIS:CPS	0.023467518946738132	-0.0506441941196098	unresolved	unverified
geoatlas:e000268	ENSEMBL:ENSG00000099139	biolink:correlated_with	MONDO:0004975	biolink:GeneToDiseaseAssociation	infores:geoatlas	statistical_association	data_analysis_pipeline	expression	increased	UBERON:0002771	microglia · MTG	0.2287267470857154	0.037320737707084065	0.10457270705524956	true	RESPONDS_TO	CL:0000129	geoatlas:DATASET:SEA-AD	geoatlas:AXIS:CPS	0.03919676611206415	-0.0483027478656964	unresolved	unverified
geoatlas:e000269	ENSEMBL:ENSG00000172428	biolink:correlated_with	MONDO:0004975	biolink:GeneToDiseaseAssociation	infores:geoatlas	statistical_association	data_analysis_pipeline	expression	decreased	UBERON:0002771	microglia · MTG	-0.2611634831736496	0.04263433776188011	0.11946141440878806	true	RESPONDS_TO	CL:0000129	geoatlas:DATASET:SEA-AD	geoatlas:AXIS:CPS	0.036025452651050664	-0.005693036209262	unresolved	unverified
geoatlas:e000270	ENSEMBL:ENSG00000287256	biolink:correlated_with	MONDO:0004975	biolink:GeneToDiseaseAssociation	infores:geoatlas	statistical_association	data_analysis_pipeline	expression	decreased	UBERON:0002771	microglia · MTG	-0.452275086525248	0.0738684243492226	0.20697932502652172	true	RESPONDS_TO	CL:0000129	geoatlas:DATASET:SEA-AD	geoatlas:AXIS:CPS	0.031796659598062105	-0.0080662136813654	unresolved	unverified
geoatlas:e000271	ENSEMBL:ENSG00000214078	biolink:correlated_with	MONDO:0004975	biolink:GeneToDiseaseAssociation	infores:geoatlas	statistical_association	data_analysis_pipeline	expression	increased	UBERON:0002771	microglia · MTG	0.112169010623088	0.018339468185818202	0.0513871898566626	true	RESPONDS_TO	CL:0000129	geoatlas:DATASET:SEA-AD	geoatlas:AXIS:CPS	0.011625947436337696	-0.0345867781315415	unresolved	unverified
geoatlas:e000272	ENSEMBL:ENSG00000197971	biolink:correlated_with	MONDO:0004975	biolink:GeneToDiseaseAssociation	infores:geoatlas	statistical_association	data_analysis_pipeline	expression	increased	UBERON:0002771	microglia · MTG	0.1014328196555703	0.01658537258545879	0.04647221398445553	true	RESPONDS_TO	CL:0000129	geoatlas:DATASET:SEA-AD	geoatlas:AXIS:CPS	0.022984905781620366	-0.161512448739462	unresolved	unverified
geoatlas:e000273	ENSEMBL:ENSG00000178951	biolink:correlated_with	MONDO:0004975	biolink:GeneToDiseaseAssociation	infores:geoatlas	statistical_association	data_analysis_pipeline	expression	increased	UBERON:0002771	microglia · MTG	0.1581013513602608	0.025886963722008834	0.07253527234906876	true	RESPONDS_TO	CL:0000129	geoatlas:DATASET:SEA-AD	geoatlas:AXIS:CPS	0.04890104186517216	-0.0415721166673588	unresolved	unverified
geoatlas:e000274	ENSEMBL:ENSG00000182310	biolink:correlated_with	MONDO:0004975	biolink:GeneToDiseaseAssociation	infores:geoatlas	statistical_association	data_analysis_pipeline	expression	increased	UBERON:0002771	microglia · MTG	0.3060220941984971	0.05011238948788861	0.1404149153450639	true	RESPONDS_TO	CL:0000129	geoatlas:DATASET:SEA-AD	geoatlas:AXIS:CPS	0.005736300189243491	-0.0108971223381253	unresolved	unverified
geoatlas:e000275	ENSEMBL:ENSG00000264630	biolink:correlated_with	MONDO:0004975	biolink:GeneToDiseaseAssociation	infores:geoatlas	statistical_association	data_analysis_pipeline	expression	decreased	UBERON:0002771	microglia · MTG	-0.4436483350307958	0.07266416489841271	0.2036049900453524	true	RESPONDS_TO	CL:0000129	geoatlas:DATASET:SEA-AD	geoatlas:AXIS:CPS	0.10212499143793821	-0.0005448465153406	unresolved	unverified
geoatlas:e000276	ENSEMBL:ENSG00000140455	biolink:correlated_with	MONDO:0004975	biolink:GeneToDiseaseAssociation	infores:geoatlas	statistical_association	data_analysis_pipeline	expression	increased	UBERON:0002771	microglia · MTG	0.0919052272850946	0.015055479310196716	0.0421854530271712	true	RESPONDS_TO	CL:0000129	geoatlas:DATASET:SEA-AD	geoatlas:AXIS:CPS	0.009569373848671786	-0.0966141330006938	unresolved	unverified
geoatlas:e000277	ENSEMBL:ENSG00000113719	biolink:correlated_with	MONDO:0004975	biolink:GeneToDiseaseAssociation	infores:geoatlas	statistical_association	data_analysis_pipeline	expression	increased	UBERON:0002771	microglia · MTG	0.164743356283365	0.026987722281071998	0.07561959783156375	true	RESPONDS_TO	CL:0000129	geoatlas:DATASET:SEA-AD	geoatlas:AXIS:CPS	0.04274891044000599	-0.0620053402797391	unresolved	unverified
geoatlas:e000278	ENSEMBL:ENSG00000228539	biolink:correlated_with	MONDO:0004975	biolink:GeneToDiseaseAssociation	infores:geoatlas	statistical_association	data_analysis_pipeline	expression	decreased	UBERON:0002771	microglia · MTG	-0.5763652282222028	0.09445031023834556	0.2646497692878443	true	RESPONDS_TO	CL:0000129	geoatlas:DATASET:SEA-AD	geoatlas:AXIS:CPS	0.053682002476895925	-0.0081135787849659	unresolved	unverified
geoatlas:e000279	ENSEMBL:ENSG00000120963	biolink:correlated_with	MONDO:0004975	biolink:GeneToDiseaseAssociation	infores:geoatlas	statistical_association	data_analysis_pipeline	expression	increased	UBERON:0002771	microglia · MTG	0.1552201420748825	0.025457450334689446	0.07133177583779983	true	RESPONDS_TO	CL:0000129	geoatlas:DATASET:SEA-AD	geoatlas:AXIS:CPS	0.03833241936148982	-0.0263470444806802	unresolved	unverified
geoatlas:e000280	ENSEMBL:ENSG00000187094	biolink:correlated_with	MONDO:0004975	biolink:GeneToDiseaseAssociation	infores:geoatlas	statistical_association	data_analysis_pipeline	expression	decreased	UBERON:0002771	microglia · MTG	-0.4062607013693219	0.06666945301391765	0.18680780734499725	true	RESPONDS_TO	CL:0000129	geoatlas:DATASET:SEA-AD	geoatlas:AXIS:CPS	0.008757997979658625	-0.0134602273618729	unresolved	unverified
geoatlas:e000281	ENSEMBL:ENSG00000182162	biolink:correlated_with	MONDO:0004975	biolink:GeneToDiseaseAssociation	infores:geoatlas	statistical_association	data_analysis_pipeline	expression	increased	UBERON:0002771	microglia · MTG	0.4139465840842225	0.06803691297301695	0.1906394301503935	true	RESPONDS_TO	CL:0000129	geoatlas:DATASET:SEA-AD	geoatlas:AXIS:CPS	0.05105354234289148	-0.0146877664921151	unresolved	unverified
geoatlas:e000282	ENSEMBL:ENSG00000145414	biolink:correlated_with	MONDO:0004975	biolink:GeneToDiseaseAssociation	infores:geoatlas	statistical_association	data_analysis_pipeline	expression	increased	UBERON:0002771	microglia · MTG	0.1463162686250303	0.024058120590600404	0.06741085389486233	true	RESPONDS_TO	CL:0000129	geoatlas:DATASET:SEA-AD	geoatlas:AXIS:CPS	0.01296732784953773	-0.0325076399730368	unresolved	unverified
geoatlas:e000283	ENSEMBL:ENSG00000235939	biolink:correlated_with	MONDO:0004975	biolink:GeneToDiseaseAssociation	infores:geoatlas	statistical_association	data_analysis_pipeline	expression	decreased	UBERON:0002771	microglia · MTG	-0.4741659787678924	0.07810951157424911	0.21886285143104603	true	RESPONDS_TO	CL:0000129	geoatlas:DATASET:SEA-AD	geoatlas:AXIS:CPS	0.08555883691882246	0.0033721749079479	unresolved	unverified
geoatlas:e000284	ENSEMBL:ENSG00000197976	biolink:correlated_with	MONDO:0004975	biolink:GeneToDiseaseAssociation	infores:geoatlas	statistical_association	data_analysis_pipeline	expression	decreased	UBERON:0002771	microglia · MTG	-0.2028684115410303	0.03342924469683546	0.09366874364053296	true	RESPONDS_TO	CL:0000129	geoatlas:DATASET:SEA-AD	geoatlas:AXIS:CPS	0.04947946565183961	-0.0057319800827898	unresolved	unverified
geoatlas:e000285	ENSEMBL:ENSG00000166136	biolink:correlated_with	MONDO:0004975	biolink:GeneToDiseaseAssociation	infores:geoatlas	statistical_association	data_analysis_pipeline	expression	decreased	UBERON:0002771	microglia · MTG	-0.1847378826307952	0.030459047527688424	0.08534625117258296	true	RESPONDS_TO	CL:0000129	geoatlas:DATASET:SEA-AD	geoatlas:AXIS:CPS	0.10781671916446729	-0.0181487777560688	unresolved	unverified
geoatlas:e000286	ENSEMBL:ENSG00000136206	biolink:correlated_with	MONDO:0004975	biolink:GeneToDiseaseAssociation	infores:geoatlas	statistical_association	data_analysis_pipeline	expression	decreased	UBERON:0002771	microglia · MTG	-0.3650666671102474	0.06019406377957684	0.1686637667103743	true	RESPONDS_TO	CL:0000129	geoatlas:DATASET:SEA-AD	geoatlas:AXIS:CPS	0.05431261992751146	-0.0040225371757673	unresolved	unverified
geoatlas:e000287	ENSEMBL:ENSG00000138760	biolink:correlated_with	MONDO:0004975	biolink:GeneToDiseaseAssociation	infores:geoatlas	statistical_association	data_analysis_pipeline	expression	increased	UBERON:0002771	microglia · MTG	0.1179338773143603	0.01946223300950696	0.0545331768926385	true	RESPONDS_TO	CL:0000129	geoatlas:DATASET:SEA-AD	geoatlas:AXIS:CPS	0.03618936464560215	-0.0527962425785363	unresolved	unverified
geoatlas:e000288	ENSEMBL:ENSG00000249593	biolink:correlated_with	MONDO:0004975	biolink:GeneToDiseaseAssociation	infores:geoatlas	statistical_association	data_analysis_pipeline	expression	decreased	UBERON:0002771	microglia · MTG	-0.4080473190772212	0.0673784152587157	0.1887943195549214	true	RESPONDS_TO	CL:0000129	geoatlas:DATASET:SEA-AD	geoatlas:AXIS:CPS	0.0733041942926202	0.0015831875472108	unresolved	unverified
geoatlas:e000289	ENSEMBL:ENSG00000228842	biolink:correlated_with	MONDO:0004975	biolink:GeneToDiseaseAssociation	infores:geoatlas	statistical_association	data_analysis_pipeline	expression	decreased	UBERON:0002771	microglia · MTG	-0.4778965301486925	0.07897206745277995	0.2212797330026894	true	RESPONDS_TO	CL:0000129	geoatlas:DATASET:SEA-AD	geoatlas:AXIS:CPS	0.015435984607822202	0.0061280308557285	unresolved	unverified
geoatlas:e000290	ENSEMBL:ENSG00000180917	biolink:correlated_with	MONDO:0004975	biolink:GeneToDiseaseAssociation	infores:geoatlas	statistical_association	data_analysis_pipeline	expression	decreased	UBERON:0002771	microglia · MTG	-0.1682088189129661	0.027764707242564836	0.07779670969366667	true	RESPONDS_TO	CL:0000129	geoatlas:DATASET:SEA-AD	geoatlas:AXIS:CPS	0.027008835460759984	-0.0222212985151109	unresolved	unverified
geoatlas:e000291	ENSEMBL:ENSG00000131981	biolink:correlated_with	MONDO:0004975	biolink:GeneToDiseaseAssociation	infores:geoatlas	statistical_association	data_analysis_pipeline	expression	increased	UBERON:0002771	microglia · MTG	0.4477353144752654	0.0739129821235967	0.20710417591031796	true	RESPONDS_TO	CL:0000129	geoatlas:DATASET:SEA-AD	geoatlas:AXIS:CPS	0.27661633702752403	-0.001292133779404	unresolved	unverified
geoatlas:e000292	ENSEMBL:ENSG00000168916	biolink:correlated_with	MONDO:0004975	biolink:GeneToDiseaseAssociation	infores:geoatlas	statistical_association	data_analysis_pipeline	expression	decreased	UBERON:0002771	microglia · MTG	-0.2495318228571411	0.04125478823027069	0.11559591662121849	true	RESPONDS_TO	CL:0000129	geoatlas:DATASET:SEA-AD	geoatlas:AXIS:CPS	0.05051256206067618	-0.0200971963043293	unresolved	unverified
geoatlas:e000293	ENSEMBL:ENSG00000175782	biolink:correlated_with	MONDO:0004975	biolink:GeneToDiseaseAssociation	infores:geoatlas	statistical_association	data_analysis_pipeline	expression	increased	UBERON:0002771	microglia · MTG	0.1987229848885131	0.03291207441763802	0.09221963251822174	true	RESPONDS_TO	CL:0000129	geoatlas:DATASET:SEA-AD	geoatlas:AXIS:CPS	0.01173113652286659	-0.0388450544197778	unresolved	unverified
geoatlas:e000294	ENSEMBL:ENSG00000182087	biolink:correlated_with	MONDO:0004975	biolink:GeneToDiseaseAssociation	infores:geoatlas	statistical_association	data_analysis_pipeline	expression	decreased	UBERON:0002771	microglia · MTG	-0.2005608319294431	0.03323370139277666	0.09312083130256021	true	RESPONDS_TO	CL:0000129	geoatlas:DATASET:SEA-AD	geoatlas:AXIS:CPS	0.015681085223377265	-0.0183152032471767	unresolved	unverified
geoatlas:e000295	ENSEMBL:ENSG00000059588	biolink:correlated_with	MONDO:0004975	biolink:GeneToDiseaseAssociation	infores:geoatlas	statistical_association	data_analysis_pipeline	expression	decreased	UBERON:0002771	microglia · MTG	-0.2030514994548365	0.03367466909335187	0.09435642279957195	true	RESPONDS_TO	CL:0000129	geoatlas:DATASET:SEA-AD	geoatlas:AXIS:CPS	0.00948447363212368	-0.0091951047407919	unresolved	unverified
geoatlas:e000296	ENSEMBL:ENSG00000141542	biolink:correlated_with	MONDO:0004975	biolink:GeneToDiseaseAssociation	infores:geoatlas	statistical_association	data_analysis_pipeline	expression	decreased	UBERON:0002771	microglia · MTG	-0.2057650434893453	0.03413882968624224	0.09565700078085075	true	RESPONDS_TO	CL:0000129	geoatlas:DATASET:SEA-AD	geoatlas:AXIS:CPS	0.032211157260864126	-0.0093705686286547	unresolved	unverified
geoatlas:e000297	ENSEMBL:ENSG00000169184	biolink:correlated_with	MONDO:0004975	biolink:GeneToDiseaseAssociation	infores:geoatlas	statistical_association	data_analysis_pipeline	expression	increased	UBERON:0002771	microglia · MTG	0.3113650293005688	0.05203674473451128	0.1458069587461006	true	RESPONDS_TO	CL:0000129	geoatlas:DATASET:SEA-AD	geoatlas:AXIS:CPS	0.053829956064192	-0.0013498087074713	unresolved	unverified
geoatlas:e000298	ENSEMBL:ENSG00000258225	biolink:correlated_with	MONDO:0004975	biolink:GeneToDiseaseAssociation	infores:geoatlas	statistical_association	data_analysis_pipeline	expression	decreased	UBERON:0002771	microglia · MTG	-0.4275806000870719	0.07118961606676845	0.19947330421908518	true	RESPONDS_TO	CL:0000129	geoatlas:DATASET:SEA-AD	geoatlas:AXIS:CPS	0.07634125406025133	-0.0076895823111388	unresolved	unverified
geoatlas:e000299	ENSEMBL:ENSG00000133169	biolink:correlated_with	MONDO:0004975	biolink:GeneToDiseaseAssociation	infores:geoatlas	statistical_association	data_analysis_pipeline	expression	decreased	UBERON:0002771	microglia · MTG	-0.4066809358698278	0.06772016648037259	0.189751906478004	true	RESPONDS_TO	CL:0000129	geoatlas:DATASET:SEA-AD	geoatlas:AXIS:CPS	0.011280855186934061	0.0043654448494778	unresolved	unverified
geoatlas:e000300	ENSEMBL:ENSG00000064655	biolink:correlated_with	MONDO:0004975	biolink:GeneToDiseaseAssociation	infores:geoatlas	statistical_association	data_analysis_pipeline	expression	increased	UBERON:0002771	microglia · MTG	0.4297574054112516	0.07157434331883761	0.20055130997938297	true	RESPONDS_TO	CL:0000129	geoatlas:DATASET:SEA-AD	geoatlas:AXIS:CPS	0.09513155785846687	0.0286586296408244	unresolved	unverified
geoatlas:e000301	ENSEMBL:ENSG00000188647	biolink:correlated_with	MONDO:0004975	biolink:GeneToDiseaseAssociation	infores:geoatlas	statistical_association	data_analysis_pipeline	expression	increased	UBERON:0002771	microglia · MTG	0.1167185936523128	0.019461969049984675	0.05453243727805706	true	RESPONDS_TO	CL:0000129	geoatlas:DATASET:SEA-AD	geoatlas:AXIS:CPS	0.014291112655981186	-0.05793576669775	unresolved	unverified
geoatlas:e000302	ENSEMBL:ENSG00000164105	biolink:correlated_with	MONDO:0004975	biolink:GeneToDiseaseAssociation	infores:geoatlas	statistical_association	data_analysis_pipeline	expression	increased	UBERON:0002771	microglia · MTG	0.3311611493731658	0.05524174722245088	0.15478737571730736	true	RESPONDS_TO	CL:0000129	geoatlas:DATASET:SEA-AD	geoatlas:AXIS:CPS	0.028059428051616174	-0.0228266154685345	unresolved	unverified
geoatlas:e000303	ENSEMBL:ENSG00000125753	biolink:correlated_with	MONDO:0004975	biolink:GeneToDiseaseAssociation	infores:geoatlas	statistical_association	data_analysis_pipeline	expression	increased	UBERON:0002771	microglia · MTG	0.1921731834252375	0.032059611047213915	0.08983103015429339	true	RESPONDS_TO	CL:0000129	geoatlas:DATASET:SEA-AD	geoatlas:AXIS:CPS	0.005221843618327566	-0.0304285478756342	unresolved	unverified
geoatlas:e000304	ENSEMBL:ENSG00000102409	biolink:correlated_with	MONDO:0004975	biolink:GeneToDiseaseAssociation	infores:geoatlas	statistical_association	data_analysis_pipeline	expression	decreased	UBERON:0002771	microglia · MTG	-0.2558996454046419	0.04269835139064625	0.11964078059659079	true	RESPONDS_TO	CL:0000129	geoatlas:DATASET:SEA-AD	geoatlas:AXIS:CPS	0.06413485831156213	-0.0077660659326418	unresolved	unverified
geoatlas:e000305	ENSEMBL:ENSG00000159202	biolink:correlated_with	MONDO:0004975	biolink:GeneToDiseaseAssociation	infores:geoatlas	statistical_association	data_analysis_pipeline	expression	increased	UBERON:0002771	microglia · MTG	0.1418500651798409	0.023673266531769193	0.06633249282201728	true	RESPONDS_TO	CL:0000129	geoatlas:DATASET:SEA-AD	geoatlas:AXIS:CPS	0.04620442584610349	-0.0261915371096949	unresolved	unverified
geoatlas:e000306	ENSEMBL:ENSG00000152092	biolink:correlated_with	MONDO:0004975	biolink:GeneToDiseaseAssociation	infores:geoatlas	statistical_association	data_analysis_pipeline	expression	decreased	UBERON:0002771	microglia · MTG	-0.2517320262289552	0.042013899964323524	0.11772294770003451	true	RESPONDS_TO	CL:0000129	geoatlas:DATASET:SEA-AD	geoatlas:AXIS:CPS	0.0011636211775353628	-0.0362592399158974	unresolved	unverified
geoatlas:e000307	ENSEMBL:ENSG00000162704	biolink:correlated_with	MONDO:0004975	biolink:GeneToDiseaseAssociation	infores:geoatlas	statistical_association	data_analysis_pipeline	expression	increased	UBERON:0002771	microglia · MTG	0.12238605341228	0.020434208347029983	0.057256651788378014	true	RESPONDS_TO	CL:0000129	geoatlas:DATASET:SEA-AD	geoatlas:AXIS:CPS	0.0004316755070691689	-0.0349135159189653	unresolved	unverified
geoatlas:e000308	ENSEMBL:ENSG00000079277	biolink:correlated_with	MONDO:0004975	biolink:GeneToDiseaseAssociation	infores:geoatlas	statistical_association	data_analysis_pipeline	expression	decreased	UBERON:0002771	microglia · MTG	-0.1129269378945435	0.018860090675381552	0.05284597407241911	true	RESPONDS_TO	CL:0000129	geoatlas:DATASET:SEA-AD	geoatlas:AXIS:CPS	0.006986289488058463	-0.1125198450848357	unresolved	unverified
geoatlas:e000309	ENSEMBL:ENSG00000003147	biolink:correlated_with	MONDO:0004975	biolink:GeneToDiseaseAssociation	infores:geoatlas	statistical_association	data_analysis_pipeline	expression	decreased	UBERON:0002771	microglia · MTG	-0.1984096266335812	0.0331591696092916	0.09291199324523507	true	RESPONDS_TO	CL:0000129	geoatlas:DATASET:SEA-AD	geoatlas:AXIS:CPS	0.07312328123677442	-0.0208383289767767	unresolved	unverified
geoatlas:e000310	ENSEMBL:ENSG00000245662	biolink:correlated_with	MONDO:0004975	biolink:GeneToDiseaseAssociation	infores:geoatlas	statistical_association	data_analysis_pipeline	expression	decreased	UBERON:0002771	microglia · MTG	-0.8449403170554307	0.14159529969699572	0.396750029750982	true	RESPONDS_TO	CL:0000129	geoatlas:DATASET:SEA-AD	geoatlas:AXIS:CPS	0.02162104102924465	-0.0120148987291482	unresolved	unverified
geoatlas:e000311	ENSEMBL:ENSG00000267274	biolink:correlated_with	MONDO:0004975	biolink:GeneToDiseaseAssociation	infores:geoatlas	statistical_association	data_analysis_pipeline	expression	increased	UBERON:0002771	microglia · MTG	0.2811618335740163	0.047193979141718065	0.13223752955509402	true	RESPONDS_TO	CL:0000129	geoatlas:DATASET:SEA-AD	geoatlas:AXIS:CPS	0.029290530523715774	-0.0048507801728419	unresolved	unverified
geoatlas:e000312	ENSEMBL:ENSG00000089505	biolink:correlated_with	MONDO:0004975	biolink:GeneToDiseaseAssociation	infores:geoatlas	statistical_association	data_analysis_pipeline	expression	increased	UBERON:0002771	microglia · MTG	0.1859130544585399	0.031143731760094055	0.08726473639178355	true	RESPONDS_TO	CL:0000129	geoatlas:DATASET:SEA-AD	geoatlas:AXIS:CPS	0.01200957263588623	-0.0267317018168936	unresolved	unverified
geoatlas:e000313	ENSEMBL:ENSG00000257925	biolink:correlated_with	MONDO:0004975	biolink:GeneToDiseaseAssociation	infores:geoatlas	statistical_association	data_analysis_pipeline	expression	decreased	UBERON:0002771	microglia · MTG	-0.4278298688065493	0.07171346664507905	0.2009411335395115	true	RESPONDS_TO	CL:0000129	geoatlas:DATASET:SEA-AD	geoatlas:AXIS:CPS	0.048156665146849006	-0.0045366814863682	unresolved	unverified
geoatlas:e000314	ENSEMBL:ENSG00000261052	biolink:correlated_with	MONDO:0004975	biolink:GeneToDiseaseAssociation	infores:geoatlas	statistical_association	data_analysis_pipeline	expression	increased	UBERON:0002771	microglia · MTG	0.2765743014771224	0.046352722809593114	0.12988032931247992	true	RESPONDS_TO	CL:0000129	geoatlas:DATASET:SEA-AD	geoatlas:AXIS:CPS	0.0042293749900654265	-0.0081806790050053	unresolved	unverified
geoatlas:e000315	ENSEMBL:ENSG00000163171	biolink:correlated_with	MONDO:0004975	biolink:GeneToDiseaseAssociation	infores:geoatlas	statistical_association	data_analysis_pipeline	expression	increased	UBERON:0002771	microglia · MTG	0.2459772810955782	0.04123382896890312	0.11553718877086654	true	RESPONDS_TO	CL:0000129	geoatlas:DATASET:SEA-AD	geoatlas:AXIS:CPS	0.031132022044591368	-0.0191531340285981	unresolved	unverified
geoatlas:e000316	ENSEMBL:ENSG00000104872	biolink:correlated_with	MONDO:0004975	biolink:GeneToDiseaseAssociation	infores:geoatlas	statistical_association	data_analysis_pipeline	expression	decreased	UBERON:0002771	microglia · MTG	-0.199728228060343	0.03348010520289965	0.09381125477852482	true	RESPONDS_TO	CL:0000129	geoatlas:DATASET:SEA-AD	geoatlas:AXIS:CPS	0.0980905523880301	-0.0081060440432056	unresolved	unverified
geoatlas:e000317	ENSEMBL:ENSG00000143127	biolink:correlated_with	MONDO:0004975	biolink:GeneToDiseaseAssociation	infores:geoatlas	statistical_association	data_analysis_pipeline	expression	increased	UBERON:0002771	microglia · MTG	0.3658134814823734	0.06140884788773274	0.17206759178142714	true	RESPONDS_TO	CL:0000129	geoatlas:DATASET:SEA-AD	geoatlas:AXIS:CPS	0.01294925012543847	-0.0033666831385023	unresolved	unverified
geoatlas:e000318	ENSEMBL:ENSG00000136040	biolink:correlated_with	MONDO:0004975	biolink:GeneToDiseaseAssociation	infores:geoatlas	statistical_association	data_analysis_pipeline	expression	increased	UBERON:0002771	microglia · MTG	0.333187123691665	0.05596870300705112	0.15682430582575724	true	RESPONDS_TO	CL:0000129	geoatlas:DATASET:SEA-AD	geoatlas:AXIS:CPS	0.09129646828052389	-0.0447367447823669	unresolved	unverified
geoatlas:e000319	geoatlas:GENE:GNA15-DT	biolink:correlated_with	MONDO:0004975	biolink:GeneToDiseaseAssociation	infores:geoatlas	statistical_association	data_analysis_pipeline	expression	decreased	UBERON:0002771	microglia · MTG	-0.3474345027674068	0.05868054640067304	0.16442289101468588	true	RESPONDS_TO	CL:0000129	geoatlas:DATASET:SEA-AD	geoatlas:AXIS:CPS	0.07333996944182129	-0.0014542855855369	unresolved	unverified
geoatlas:e000320	ENSEMBL:ENSG00000281026	biolink:correlated_with	MONDO:0004975	biolink:GeneToDiseaseAssociation	infores:geoatlas	statistical_association	data_analysis_pipeline	expression	increased	UBERON:0002771	microglia · MTG	0.2303112711267407	0.03871233246954071	0.10847195557965306	true	RESPONDS_TO	CL:0000129	geoatlas:DATASET:SEA-AD	geoatlas:AXIS:CPS	0.0022397583861111705	-0.0076786861212944	unresolved	unverified
geoatlas:e000321	ENSEMBL:ENSG00000230806	biolink:correlated_with	MONDO:0004975	biolink:GeneToDiseaseAssociation	infores:geoatlas	statistical_association	data_analysis_pipeline	expression	decreased	UBERON:0002771	microglia · MTG	-0.3057757244192725	0.05144833447080079	0.14415823318718382	true	RESPONDS_TO	CL:0000129	geoatlas:DATASET:SEA-AD	geoatlas:AXIS:CPS	0.12545808558796753	-0.0225769329325318	unresolved	unverified
geoatlas:e000322	ENSEMBL:ENSG00000047188	biolink:correlated_with	MONDO:0004975	biolink:GeneToDiseaseAssociation	infores:geoatlas	statistical_association	data_analysis_pipeline	expression	decreased	UBERON:0002771	microglia · MTG	-0.0728327199598923	0.012261750285748944	0.03435742430066854	true	RESPONDS_TO	CL:0000129	geoatlas:DATASET:SEA-AD	geoatlas:AXIS:CPS	0.09886037962673057	-0.0612366779789459	unresolved	unverified
geoatlas:e000323	ENSEMBL:ENSG00000113658	biolink:correlated_with	MONDO:0004975	biolink:GeneToDiseaseAssociation	infores:geoatlas	statistical_association	data_analysis_pipeline	expression	increased	UBERON:0002771	microglia · MTG	0.0981319802650603	0.016526315632800808	0.04630673640310787	true	RESPONDS_TO	CL:0000129	geoatlas:DATASET:SEA-AD	geoatlas:AXIS:CPS	0.03647498064456067	-0.0218257535618432	unresolved	unverified
geoatlas:e000324	ENSEMBL:ENSG00000070718	biolink:correlated_with	MONDO:0004975	biolink:GeneToDiseaseAssociation	infores:geoatlas	statistical_association	data_analysis_pipeline	expression	decreased	UBERON:0002771	microglia · MTG	-0.159983033464554	0.026979550299637417	0.07559669993958404	true	RESPONDS_TO	CL:0000129	geoatlas:DATASET:SEA-AD	geoatlas:AXIS:CPS	0.04764706016249888	-0.010499061878103	unresolved	unverified
geoatlas:e000325	ENSEMBL:ENSG00000287454	biolink:correlated_with	MONDO:0004975	biolink:GeneToDiseaseAssociation	infores:geoatlas	statistical_association	data_analysis_pipeline	expression	decreased	UBERON:0002771	microglia · MTG	-0.4301691074914367	0.0732932972874584	0.20536781899945844	true	RESPONDS_TO	CL:0000129	geoatlas:DATASET:SEA-AD	geoatlas:AXIS:CPS	0.040623816474768835	0.0009080376526141	unresolved	unverified
geoatlas:e000326	geoatlas:GENE:ADAM7-AS1	biolink:correlated_with	MONDO:0004975	biolink:GeneToDiseaseAssociation	infores:geoatlas	statistical_association	data_analysis_pipeline	expression	decreased	UBERON:0002771	microglia · MTG	-0.3524581148309695	0.05950712049566554	0.16673895162885485	true	RESPONDS_TO	CL:0000129	geoatlas:DATASET:SEA-AD	geoatlas:AXIS:CPS	0.091487700116666	-0.0685545274058363	unresolved	unverified
geoatlas:e000327	ENSEMBL:ENSG00000166333	biolink:correlated_with	MONDO:0004975	biolink:GeneToDiseaseAssociation	infores:geoatlas	statistical_association	data_analysis_pipeline	expression	decreased	UBERON:0002771	microglia · MTG	-0.1747978194731684	0.02951889361425049	0.08271193990712988	true	RESPONDS_TO	CL:0000129	geoatlas:DATASET:SEA-AD	geoatlas:AXIS:CPS	0.047212122758420814	-0.0122331858542955	unresolved	unverified
geoatlas:e000328	ENSEMBL:ENSG00000261455	biolink:correlated_with	MONDO:0004975	biolink:GeneToDiseaseAssociation	infores:geoatlas	statistical_association	data_analysis_pipeline	expression	decreased	UBERON:0002771	microglia · MTG	-0.3607741054268826	0.061076308111150036	0.1711358153274424	true	RESPONDS_TO	CL:0000129	geoatlas:DATASET:SEA-AD	geoatlas:AXIS:CPS	0.029914583096721417	0.0052703973587797	unresolved	unverified
geoatlas:e000329	ENSEMBL:ENSG00000187229	biolink:correlated_with	MONDO:0004975	biolink:GeneToDiseaseAssociation	infores:geoatlas	statistical_association	data_analysis_pipeline	expression	decreased	UBERON:0002771	microglia · MTG	-0.4442884490858191	0.07519124441960695	0.2106858668637387	true	RESPONDS_TO	CL:0000129	geoatlas:DATASET:SEA-AD	geoatlas:AXIS:CPS	0.0929667265894978	-0.0001249751745517	unresolved	unverified
geoatlas:e000330	ENSEMBL:ENSG00000184515	biolink:correlated_with	MONDO:0004975	biolink:GeneToDiseaseAssociation	infores:geoatlas	statistical_association	data_analysis_pipeline	expression	decreased	UBERON:0002771	microglia · MTG	-0.4121778392327509	0.06983378618303306	0.19567426888485862	true	RESPONDS_TO	CL:0000129	geoatlas:DATASET:SEA-AD	geoatlas:AXIS:CPS	0.010552749826805166	0.0062907234858473	unresolved	unverified
geoatlas:e000331	ENSEMBL:ENSG00000106537	biolink:correlated_with	MONDO:0004975	biolink:GeneToDiseaseAssociation	infores:geoatlas	statistical_association	data_analysis_pipeline	expression	decreased	UBERON:0002771	microglia · MTG	-0.2761587363144558	0.046681053059458605	0.130800310672603	true	RESPONDS_TO	CL:0000129	geoatlas:DATASET:SEA-AD	geoatlas:AXIS:CPS	0.0614822696156193	-0.0043545562951663	unresolved	unverified
geoatlas:e000332	ENSEMBL:ENSG00000138182	biolink:correlated_with	MONDO:0004975	biolink:GeneToDiseaseAssociation	infores:geoatlas	statistical_association	data_analysis_pipeline	expression	decreased	UBERON:0002771	microglia · MTG	-0.1897185803323343	0.03207795051238433	0.08988241733570089	true	RESPONDS_TO	CL:0000129	geoatlas:DATASET:SEA-AD	geoatlas:AXIS:CPS	0.11823860575659735	-0.0134369519662149	unresolved	unverified
geoatlas:e000333	ENSEMBL:ENSG00000187855	biolink:correlated_with	MONDO:0004975	biolink:GeneToDiseaseAssociation	infores:geoatlas	statistical_association	data_analysis_pipeline	expression	decreased	UBERON:0002771	microglia · MTG	-0.5374640988401609	0.09153895310861296	0.25649214661033354	true	RESPONDS_TO	CL:0000129	geoatlas:DATASET:SEA-AD	geoatlas:AXIS:CPS	0.0624717326161115	-0.00462612192654	unresolved	unverified
geoatlas:e000334	ENSEMBL:ENSG00000286746	biolink:correlated_with	MONDO:0004975	biolink:GeneToDiseaseAssociation	infores:geoatlas	statistical_association	data_analysis_pipeline	expression	decreased	UBERON:0002771	microglia · MTG	-0.3954082599864363	0.06688878986477315	0.18742238920109436	true	RESPONDS_TO	CL:0000129	geoatlas:DATASET:SEA-AD	geoatlas:AXIS:CPS	0.025635455383270764	-0.0066556979568096	unresolved	unverified
geoatlas:e000335	ENSEMBL:ENSG00000114353	biolink:correlated_with	MONDO:0004975	biolink:GeneToDiseaseAssociation	infores:geoatlas	statistical_association	data_analysis_pipeline	expression	increased	UBERON:0002771	microglia · MTG	0.0982221054497879	0.016623276485464366	0.046578420712271154	true	RESPONDS_TO	CL:0000129	geoatlas:DATASET:SEA-AD	geoatlas:AXIS:CPS	0.032279491003790024	-0.065131117396008	unresolved	unverified
geoatlas:e000336	ENSEMBL:ENSG00000270871	biolink:correlated_with	MONDO:0004975	biolink:GeneToDiseaseAssociation	infores:geoatlas	statistical_association	data_analysis_pipeline	expression	decreased	UBERON:0002771	microglia · MTG	-0.353687708133213	0.05983938771277638	0.1676699643711994	true	RESPONDS_TO	CL:0000129	geoatlas:DATASET:SEA-AD	geoatlas:AXIS:CPS	0.07337435956419099	-0.0075587671240642	unresolved	unverified
geoatlas:e000337	ENSEMBL:ENSG00000173436	biolink:correlated_with	MONDO:0004975	biolink:GeneToDiseaseAssociation	infores:geoatlas	statistical_association	data_analysis_pipeline	expression	decreased	UBERON:0002771	microglia · MTG	-0.3156377906888719	0.053502880002086174	0.14991506976584545	true	RESPONDS_TO	CL:0000129	geoatlas:DATASET:SEA-AD	geoatlas:AXIS:CPS	0.044800441162276494	-0.0993860371911736	unresolved	unverified
geoatlas:e000338	ENSEMBL:ENSG00000070087	biolink:correlated_with	MONDO:0004975	biolink:GeneToDiseaseAssociation	infores:geoatlas	statistical_association	data_analysis_pipeline	expression	decreased	UBERON:0002771	microglia · MTG	-0.2710329609232633	0.04595338483767296	0.12876138431515963	true	RESPONDS_TO	CL:0000129	geoatlas:DATASET:SEA-AD	geoatlas:AXIS:CPS	0.04969927501509745	-0.0048828342128503	unresolved	unverified
geoatlas:e000339	ENSEMBL:ENSG00000020426	biolink:correlated_with	MONDO:0004975	biolink:GeneToDiseaseAssociation	infores:geoatlas	statistical_association	data_analysis_pipeline	expression	decreased	UBERON:0002771	microglia · MTG	-0.1006081414238612	0.017074639017208355	0.04784313852621781	true	RESPONDS_TO	CL:0000129	geoatlas:DATASET:SEA-AD	geoatlas:AXIS:CPS	0.07095159908031613	-0.0366836278801575	unresolved	unverified
geoatlas:e000340	geoatlas:GENE:DNAJC6-AS1	biolink:correlated_with	MONDO:0004975	biolink:GeneToDiseaseAssociation	infores:geoatlas	statistical_association	data_analysis_pipeline	expression	decreased	UBERON:0002771	microglia · MTG	-0.4935808619379784	0.08509606772033593	0.23843918175238127	true	RESPONDS_TO	CL:0000129	geoatlas:DATASET:SEA-AD	geoatlas:AXIS:CPS	0.013763683493472813	0.0016305656746103	unresolved	unverified
geoatlas:e000341	ENSEMBL:ENSG00000285639	biolink:correlated_with	MONDO:0004975	biolink:GeneToDiseaseAssociation	infores:geoatlas	statistical_association	data_analysis_pipeline	expression	decreased	UBERON:0002771	microglia · MTG	-0.641182409075951	0.10951340468902873	0.3068565599386585	true	RESPONDS_TO	CL:0000129	geoatlas:DATASET:SEA-AD	geoatlas:AXIS:CPS	0.011937753349448804	0.0038177178487231	unresolved	unverified
geoatlas:e000342	ENSEMBL:ENSG00000286018	biolink:correlated_with	MONDO:0004975	biolink:GeneToDiseaseAssociation	infores:geoatlas	statistical_association	data_analysis_pipeline	expression	decreased	UBERON:0002771	microglia · MTG	-0.3742970972059843	0.06406113764157832	0.17949930767170247	true	RESPONDS_TO	CL:0000129	geoatlas:DATASET:SEA-AD	geoatlas:AXIS:CPS	0.033649306562034804	0.0018259305568781	unresolved	unverified
geoatlas:e000343	ENSEMBL:ENSG00000260370	biolink:correlated_with	MONDO:0004975	biolink:GeneToDiseaseAssociation	infores:geoatlas	statistical_association	data_analysis_pipeline	expression	decreased	UBERON:0002771	microglia · MTG	-0.5538948902006258	0.09445896169505277	0.2646740106695379	true	RESPONDS_TO	CL:0000129	geoatlas:DATASET:SEA-AD	geoatlas:AXIS:CPS	0.051476775292361186	-0.0061127147817574	unresolved	unverified
geoatlas:e000344	ENSEMBL:ENSG00000150627	biolink:correlated_with	MONDO:0004975	biolink:GeneToDiseaseAssociation	infores:geoatlas	statistical_association	data_analysis_pipeline	expression	decreased	UBERON:0002771	microglia · MTG	-0.2082939544287848	0.03549243086295769	0.09944979127800745	true	RESPONDS_TO	CL:0000129	geoatlas:DATASET:SEA-AD	geoatlas:AXIS:CPS	0.030679001267180872	-0.0031015180420375	unresolved	unverified
geoatlas:e000345	ENSEMBL:ENSG00000250802	biolink:correlated_with	MONDO:0004975	biolink:GeneToDiseaseAssociation	infores:geoatlas	statistical_association	data_analysis_pipeline	expression	increased	UBERON:0002771	microglia · MTG	0.2357028920446613	0.04015861799547469	0.11252444762332008	true	RESPONDS_TO	CL:0000129	geoatlas:DATASET:SEA-AD	geoatlas:AXIS:CPS	0.05467862921523754	0.001571629948719	unresolved	unverified
geoatlas:e000346	ENSEMBL:ENSG00000147789	biolink:correlated_with	MONDO:0004975	biolink:GeneToDiseaseAssociation	infores:geoatlas	statistical_association	data_analysis_pipeline	expression	decreased	UBERON:0002771	microglia · MTG	-0.1794986928990923	0.030590201371017988	0.08571374424159241	true	RESPONDS_TO	CL:0000129	geoatlas:DATASET:SEA-AD	geoatlas:AXIS:CPS	0.10538827028917802	-0.0170761605692269	unresolved	unverified
geoatlas:e000347	ENSEMBL:ENSG00000169926	biolink:correlated_with	MONDO:0004975	biolink:GeneToDiseaseAssociation	infores:geoatlas	statistical_association	data_analysis_pipeline	expression	increased	UBERON:0002771	microglia · MTG	0.1613847103123163	0.02754074462864944	0.07716916644947573	true	RESPONDS_TO	CL:0000129	geoatlas:DATASET:SEA-AD	geoatlas:AXIS:CPS	0.008642608373032122	-0.0271794887608037	unresolved	unverified
geoatlas:e000348	ENSEMBL:ENSG00000131116	biolink:correlated_with	MONDO:0004975	biolink:GeneToDiseaseAssociation	infores:geoatlas	statistical_association	data_analysis_pipeline	expression	decreased	UBERON:0002771	microglia · MTG	-0.2540214347578875	0.04334742634287469	0.12145948861273488	true	RESPONDS_TO	CL:0000129	geoatlas:DATASET:SEA-AD	geoatlas:AXIS:CPS	0.024147602053623714	-0.0119818748248502	unresolved	unverified
geoatlas:e000349	ENSEMBL:ENSG00000185291	biolink:correlated_with	MONDO:0004975	biolink:GeneToDiseaseAssociation	infores:geoatlas	statistical_association	data_analysis_pipeline	expression	decreased	UBERON:0002771	microglia · MTG	-0.2963423572439391	0.050589569202556764	0.14175197290556404	true	RESPONDS_TO	CL:0000129	geoatlas:DATASET:SEA-AD	geoatlas:AXIS:CPS	0.013135321857209156	-0.0101170355705506	unresolved	unverified
geoatlas:e000350	ENSEMBL:ENSG00000050030	biolink:correlated_with	MONDO:0004975	biolink:GeneToDiseaseAssociation	infores:geoatlas	statistical_association	data_analysis_pipeline	expression	decreased	UBERON:0002771	microglia · MTG	-0.2086977061540162	0.035632445239956234	0.09984211156235737	true	RESPONDS_TO	CL:0000129	geoatlas:DATASET:SEA-AD	geoatlas:AXIS:CPS	0.13724098127409676	-0.0106444814283273	unresolved	unverified
geoatlas:e000351	geoatlas:GENE:GASK1B-AS1	biolink:correlated_with	MONDO:0004975	biolink:GeneToDiseaseAssociation	infores:geoatlas	statistical_association	data_analysis_pipeline	expression	decreased	UBERON:0002771	microglia · MTG	-0.293078564860175	0.050080727394213806	0.14032619815858707	true	RESPONDS_TO	CL:0000129	geoatlas:DATASET:SEA-AD	geoatlas:AXIS:CPS	0.15356800849174848	-0.0221566949866159	unresolved	unverified
geoatlas:e000352	ENSEMBL:ENSG00000136478	biolink:correlated_with	MONDO:0004975	biolink:GeneToDiseaseAssociation	infores:geoatlas	statistical_association	data_analysis_pipeline	expression	increased	UBERON:0002771	microglia · MTG	0.1359115065262489	0.02323066217900714	0.06509231542557802	true	RESPONDS_TO	CL:0000129	geoatlas:DATASET:SEA-AD	geoatlas:AXIS:CPS	0.05763689407495054	-0.0167752523091125	unresolved	unverified
geoatlas:e000353	ENSEMBL:ENSG00000047644	biolink:correlated_with	MONDO:0004975	biolink:GeneToDiseaseAssociation	infores:geoatlas	statistical_association	data_analysis_pipeline	expression	increased	UBERON:0002771	microglia · MTG	0.1446260454937334	0.02473273651139813	0.06930112770493756	true	RESPONDS_TO	CL:0000129	geoatlas:DATASET:SEA-AD	geoatlas:AXIS:CPS	0.06859972716530224	-0.0144585273889311	unresolved	unverified
geoatlas:e000354	ENSEMBL:ENSG00000286458	biolink:correlated_with	MONDO:0004975	biolink:GeneToDiseaseAssociation	infores:geoatlas	statistical_association	data_analysis_pipeline	expression	decreased	UBERON:0002771	microglia · MTG	-0.2718428696029736	0.046486548151541275	0.13025530792061865	true	RESPONDS_TO	CL:0000129	geoatlas:DATASET:SEA-AD	geoatlas:AXIS:CPS	0.03241516212129311	0.0095348680402711	unresolved	unverified
geoatlas:e000355	ENSEMBL:ENSG00000163563	biolink:correlated_with	MONDO:0004975	biolink:GeneToDiseaseAssociation	infores:geoatlas	statistical_association	data_analysis_pipeline	expression	decreased	UBERON:0002771	microglia · MTG	-0.194246342714612	0.03323936071616843	0.09313668872670396	true	RESPONDS_TO	CL:0000129	geoatlas:DATASET:SEA-AD	geoatlas:AXIS:CPS	0.07233449971311642	-0.0289353804019675	unresolved	unverified
geoatlas:e000356	ENSEMBL:ENSG00000126821	biolink:correlated_with	MONDO:0004975	biolink:GeneToDiseaseAssociation	infores:geoatlas	statistical_association	data_analysis_pipeline	expression	increased	UBERON:0002771	microglia · MTG	0.1265323677324521	0.021668074244515244	0.06071394403313171	true	RESPONDS_TO	CL:0000129	geoatlas:DATASET:SEA-AD	geoatlas:AXIS:CPS	0.01808492159982409	-0.0539410950507924	unresolved	unverified
geoatlas:e000357	ENSEMBL:ENSG00000140750	biolink:correlated_with	MONDO:0004975	biolink:GeneToDiseaseAssociation	infores:geoatlas	statistical_association	data_analysis_pipeline	expression	decreased	UBERON:0002771	microglia · MTG	-0.1595020446093942	0.027314878037922347	0.07653628826225842	true	RESPONDS_TO	CL:0000129	geoatlas:DATASET:SEA-AD	geoatlas:AXIS:CPS	0.03502336279743922	-0.0343543319500115	unresolved	unverified
geoatlas:e000358	ENSEMBL:ENSG00000166979	biolink:correlated_with	MONDO:0004975	biolink:GeneToDiseaseAssociation	infores:geoatlas	statistical_association	data_analysis_pipeline	expression	increased	UBERON:0002771	microglia · MTG	0.2239997280160198	0.03836409482596429	0.10749619370235194	true	RESPONDS_TO	CL:0000129	geoatlas:DATASET:SEA-AD	geoatlas:AXIS:CPS	0.010961766341878324	-0.0069277429066568	unresolved	unverified
geoatlas:e000359	ENSEMBL:ENSG00000152332	biolink:correlated_with	MONDO:0004975	biolink:GeneToDiseaseAssociation	infores:geoatlas	statistical_association	data_analysis_pipeline	expression	increased	UBERON:0002771	microglia · MTG	0.1239577588094751	0.0212334139192571	0.0594960258017584	true	RESPONDS_TO	CL:0000129	geoatlas:DATASET:SEA-AD	geoatlas:AXIS:CPS	0.01722992226915912	-0.0252818550078266	unresolved	unverified
geoatlas:e000360	ENSEMBL:ENSG00000130175	biolink:correlated_with	MONDO:0004975	biolink:GeneToDiseaseAssociation	infores:geoatlas	statistical_association	data_analysis_pipeline	expression	increased	UBERON:0002771	microglia · MTG	0.1554282101386748	0.02663540964039494	0.07463241781238662	true	RESPONDS_TO	CL:0000129	geoatlas:DATASET:SEA-AD	geoatlas:AXIS:CPS	0.01288498829844013	-0.0134879025531468	unresolved	unverified
geoatlas:e000361	ENSEMBL:ENSG00000139679	biolink:correlated_with	MONDO:0004975	biolink:GeneToDiseaseAssociation	infores:geoatlas	statistical_association	data_analysis_pipeline	expression	decreased	UBERON:0002771	microglia · MTG	-0.1284978503985717	0.022027076861431648	0.061719869365731476	true	RESPONDS_TO	CL:0000129	geoatlas:DATASET:SEA-AD	geoatlas:AXIS:CPS	0.14445564335331207	-0.153746384761714	unresolved	unverified
geoatlas:e000362	ENSEMBL:ENSG00000270419	biolink:correlated_with	MONDO:0004975	biolink:GeneToDiseaseAssociation	infores:geoatlas	statistical_association	data_analysis_pipeline	expression	decreased	UBERON:0002771	microglia · MTG	-0.3047385337087803	0.052251772177679505	0.14640946564185797	true	RESPONDS_TO	CL:0000129	geoatlas:DATASET:SEA-AD	geoatlas:AXIS:CPS	0.0339141403992644	-0.0044492967040991	unresolved	unverified
geoatlas:e000363	geoatlas:GENE:SLC28A2-AS1	biolink:correlated_with	MONDO:0004975	biolink:GeneToDiseaseAssociation	infores:geoatlas	statistical_association	data_analysis_pipeline	expression	decreased	UBERON:0002771	microglia · MTG	-0.4030133742777406	0.0696844017459738	0.1952556936922186	true	RESPONDS_TO	CL:0000129	geoatlas:DATASET:SEA-AD	geoatlas:AXIS:CPS	0.04200252394126524	0.000586793726025	unresolved	unverified
geoatlas:e000364	ENSEMBL:ENSG00000175215	biolink:correlated_with	MONDO:0004975	biolink:GeneToDiseaseAssociation	infores:geoatlas	statistical_association	data_analysis_pipeline	expression	increased	UBERON:0002771	microglia · MTG	0.112861026007347	0.019367294545469274	0.054267159316404905	true	RESPONDS_TO	CL:0000129	geoatlas:DATASET:SEA-AD	geoatlas:AXIS:CPS	0.006100791795786086	-0.0260087917625154	unresolved	unverified
geoatlas:e000365	ENSEMBL:ENSG00000180509	biolink:correlated_with	MONDO:0004975	biolink:GeneToDiseaseAssociation	infores:geoatlas	statistical_association	data_analysis_pipeline	expression	increased	UBERON:0002771	microglia · MTG	0.5332403659868775	0.0915309302028321	0.2564696664283355	true	RESPONDS_TO	CL:0000129	geoatlas:DATASET:SEA-AD	geoatlas:AXIS:CPS	0.06582768312514391	0.0091183923643477	unresolved	unverified
geoatlas:e000366	ENSEMBL:ENSG00000127990	biolink:correlated_with	MONDO:0004975	biolink:GeneToDiseaseAssociation	infores:geoatlas	statistical_association	data_analysis_pipeline	expression	decreased	UBERON:0002771	microglia · MTG	-0.2659803852755411	0.04567598333844294	0.12798410531431711	true	RESPONDS_TO	CL:0000129	geoatlas:DATASET:SEA-AD	geoatlas:AXIS:CPS	0.09077904624498932	-0.0078685067604542	unresolved	unverified
geoatlas:e000367	ENSEMBL:ENSG00000163659	biolink:correlated_with	MONDO:0004975	biolink:GeneToDiseaseAssociation	infores:geoatlas	statistical_association	data_analysis_pipeline	expression	increased	UBERON:0002771	microglia · MTG	0.1656527482823198	0.028451186820109765	0.07972022546994756	true	RESPONDS_TO	CL:0000129	geoatlas:DATASET:SEA-AD	geoatlas:AXIS:CPS	0.02050182602169009	-0.0159452814320642	unresolved	unverified
geoatlas:e000368	ENSEMBL:ENSG00000171606	biolink:correlated_with	MONDO:0004975	biolink:GeneToDiseaseAssociation	infores:geoatlas	statistical_association	data_analysis_pipeline	expression	increased	UBERON:0002771	microglia · MTG	0.1573089923325675	0.027046740502830194	0.0757849668889302	true	RESPONDS_TO	CL:0000129	geoatlas:DATASET:SEA-AD	geoatlas:AXIS:CPS	0.007618561158884086	-0.0109204422791569	unresolved	unverified
geoatlas:e000369	ENSEMBL:ENSG00000066336	biolink:correlated_with	MONDO:0004975	biolink:GeneToDiseaseAssociation	infores:geoatlas	statistical_association	data_analysis_pipeline	expression	increased	UBERON:0002771	microglia · MTG	0.1012398238078582	0.01740993277358562	0.04878263163158691	true	RESPONDS_TO	CL:0000129	geoatlas:DATASET:SEA-AD	geoatlas:AXIS:CPS	0.03298388523883103	-0.0659399161315503	unresolved	unverified
geoatlas:e000370	ENSEMBL:ENSG00000122477	biolink:correlated_with	MONDO:0004975	biolink:GeneToDiseaseAssociation	infores:geoatlas	statistical_association	data_analysis_pipeline	expression	decreased	UBERON:0002771	microglia · MTG	-0.2637264353119442	0.04535251654612255	0.1270777513622354	true	RESPONDS_TO	CL:0000129	geoatlas:DATASET:SEA-AD	geoatlas:AXIS:CPS	0.10763533813177181	-0.0011278924128223	unresolved	unverified
geoatlas:e000371	ENSEMBL:ENSG00000125347	biolink:correlated_with	MONDO:0004975	biolink:GeneToDiseaseAssociation	infores:geoatlas	statistical_association	data_analysis_pipeline	expression	increased	UBERON:0002771	microglia · MTG	0.2661045092838375	0.04579249538904917	0.1283105720801158	true	RESPONDS_TO	CL:0000129	geoatlas:DATASET:SEA-AD	geoatlas:AXIS:CPS	0.01028034448915097	-0.0069513352674216	unresolved	unverified
geoatlas:e000372	ENSEMBL:ENSG00000172000	biolink:correlated_with	MONDO:0004975	biolink:GeneToDiseaseAssociation	infores:geoatlas	statistical_association	data_analysis_pipeline	expression	decreased	UBERON:0002771	microglia · MTG	-0.3716659812412215	0.0640755551206817	0.1795397054481501	true	RESPONDS_TO	CL:0000129	geoatlas:DATASET:SEA-AD	geoatlas:AXIS:CPS	0.024951125984285387	-0.0057566998470473	unresolved	unverified
geoatlas:e000373	ENSEMBL:ENSG00000240303	biolink:correlated_with	MONDO:0004975	biolink:GeneToDiseaseAssociation	infores:geoatlas	statistical_association	data_analysis_pipeline	expression	decreased	UBERON:0002771	microglia · MTG	-0.125699217474541	0.021659561506848293	0.06069009134218892	true	RESPONDS_TO	CL:0000129	geoatlas:DATASET:SEA-AD	geoatlas:AXIS:CPS	0.046987521095041965	-0.0198876783579659	unresolved	unverified
geoatlas:e000374	ENSEMBL:ENSG00000058272	biolink:correlated_with	MONDO:0004975	biolink:GeneToDiseaseAssociation	infores:geoatlas	statistical_association	data_analysis_pipeline	expression	increased	UBERON:0002771	microglia · MTG	0.0851275201864559	0.014674740011424936	0.04111862151201267	true	RESPONDS_TO	CL:0000129	geoatlas:DATASET:SEA-AD	geoatlas:AXIS:CPS	0.005492829671491345	-0.1245241478819436	unresolved	unverified
geoatlas:e000375	ENSEMBL:ENSG00000141574	biolink:correlated_with	MONDO:0004975	biolink:GeneToDiseaseAssociation	infores:geoatlas	statistical_association	data_analysis_pipeline	expression	increased	UBERON:0002771	microglia · MTG	0.4976715578167525	0.08616220972237519	0.24142651164209528	true	RESPONDS_TO	CL:0000129	geoatlas:DATASET:SEA-AD	geoatlas:AXIS:CPS	0.02676139300046147	-0.0004430290548622	unresolved	unverified
geoatlas:e000376	ENSEMBL:ENSG00000243646	biolink:correlated_with	MONDO:0004975	biolink:GeneToDiseaseAssociation	infores:geoatlas	statistical_association	data_analysis_pipeline	expression	increased	UBERON:0002771	microglia · MTG	0.122145013363506	0.021069090746751683	0.05903559227239822	true	RESPONDS_TO	CL:0000129	geoatlas:DATASET:SEA-AD	geoatlas:AXIS:CPS	0.019883412020021123	-0.0460993052249586	unresolved	unverified
geoatlas:e000377	ENSEMBL:ENSG00000258380	biolink:correlated_with	MONDO:0004975	biolink:GeneToDiseaseAssociation	infores:geoatlas	statistical_association	data_analysis_pipeline	expression	decreased	UBERON:0002771	microglia · MTG	-0.4154608829083429	0.07169112110796169	0.20087852134450868	true	RESPONDS_TO	CL:0000129	geoatlas:DATASET:SEA-AD	geoatlas:AXIS:CPS	0.08727360371013526	-0.0036811204337044	unresolved	unverified
geoatlas:e000378	ENSEMBL:ENSG00000287180	biolink:correlated_with	MONDO:0004975	biolink:GeneToDiseaseAssociation	infores:geoatlas	statistical_association	data_analysis_pipeline	expression	decreased	UBERON:0002771	microglia · MTG	-0.3402191033595283	0.05875938343168857	0.16464379237559137	true	RESPONDS_TO	CL:0000129	geoatlas:DATASET:SEA-AD	geoatlas:AXIS:CPS	0.057924811585004475	-0.0023125149785387	unresolved	unverified
geoatlas:e000379	ENSEMBL:ENSG00000110934	biolink:correlated_with	MONDO:0004975	biolink:GeneToDiseaseAssociation	infores:geoatlas	statistical_association	data_analysis_pipeline	expression	decreased	UBERON:0002771	microglia · MTG	-0.1602904510245191	0.027693546400075413	0.07759731701301131	true	RESPONDS_TO	CL:0000129	geoatlas:DATASET:SEA-AD	geoatlas:AXIS:CPS	0.05438955575957658	-0.0593682217572595	unresolved	unverified
geoatlas:e000380	ENSEMBL:ENSG00000119421	biolink:correlated_with	MONDO:0004975	biolink:GeneToDiseaseAssociation	infores:geoatlas	statistical_association	data_analysis_pipeline	expression	decreased	UBERON:0002771	microglia · MTG	-0.1638249519413579	0.028295698221860947	0.07928454641765438	true	RESPONDS_TO	CL:0000129	geoatlas:DATASET:SEA-AD	geoatlas:AXIS:CPS	0.041352364999936435	-0.0029535641973745	unresolved	unverified
geoatlas:e000381	ENSEMBL:ENSG00000139117	biolink:correlated_with	MONDO:0004975	biolink:GeneToDiseaseAssociation	infores:geoatlas	statistical_association	data_analysis_pipeline	expression	increased	UBERON:0002771	microglia · MTG	0.2103535805005323	0.03635591483945248	0.10186927338014586	true	RESPONDS_TO	CL:0000129	geoatlas:DATASET:SEA-AD	geoatlas:AXIS:CPS	0.07364429598256331	0.0236370979007751	unresolved	unverified
geoatlas:e000382	ENSEMBL:ENSG00000197471	biolink:correlated_with	MONDO:0004975	biolink:GeneToDiseaseAssociation	infores:geoatlas	statistical_association	data_analysis_pipeline	expression	increased	UBERON:0002771	microglia · MTG	0.1995683845743565	0.03451213343274099	0.09670299787854025	true	RESPONDS_TO	CL:0000129	geoatlas:DATASET:SEA-AD	geoatlas:AXIS:CPS	0.04516801748167005	-0.0252420341523875	unresolved	unverified
geoatlas:e000383	ENSEMBL:ENSG00000204237	biolink:correlated_with	MONDO:0004975	biolink:GeneToDiseaseAssociation	infores:geoatlas	statistical_association	data_analysis_pipeline	expression	decreased	UBERON:0002771	microglia · MTG	-0.2341044606293677	0.040481807096397406	0.11343002348410554	true	RESPONDS_TO	CL:0000129	geoatlas:DATASET:SEA-AD	geoatlas:AXIS:CPS	0.046501289127858406	-0.0068709463928579	unresolved	unverified
geoatlas:e000384	ENSEMBL:ENSG00000188906	biolink:correlated_with	MONDO:0004975	biolink:GeneToDiseaseAssociation	infores:geoatlas	statistical_association	data_analysis_pipeline	expression	increased	UBERON:0002771	microglia · MTG	0.2084867086334494	0.03607357826640443	0.10107816630246522	true	RESPONDS_TO	CL:0000129	geoatlas:DATASET:SEA-AD	geoatlas:AXIS:CPS	0.0184584832525092	-0.1071708005465124	unresolved	unverified
geoatlas:e000385	ENSEMBL:ENSG00000131389	biolink:correlated_with	MONDO:0004975	biolink:GeneToDiseaseAssociation	infores:geoatlas	statistical_association	data_analysis_pipeline	expression	increased	UBERON:0002771	microglia · MTG	0.2209480694412076	0.03823397340061383	0.10713159346851996	true	RESPONDS_TO	CL:0000129	geoatlas:DATASET:SEA-AD	geoatlas:AXIS:CPS	0.016750003697974688	-0.0361382798908056	unresolved	unverified
geoatlas:e000386	ENSEMBL:ENSG00000161921	biolink:correlated_with	MONDO:0004975	biolink:GeneToDiseaseAssociation	infores:geoatlas	statistical_association	data_analysis_pipeline	expression	increased	UBERON:0002771	microglia · MTG	0.1912483460312384	0.03310816602176572	0.09276908119298756	true	RESPONDS_TO	CL:0000129	geoatlas:DATASET:SEA-AD	geoatlas:AXIS:CPS	0.031225713972827824	-0.0406693995377557	unresolved	unverified
geoatlas:e000387	ENSEMBL:ENSG00000269956	biolink:correlated_with	MONDO:0004975	biolink:GeneToDiseaseAssociation	infores:geoatlas	statistical_association	data_analysis_pipeline	expression	decreased	UBERON:0002771	microglia · MTG	-0.3436916329811308	0.05948378678587676	0.16667357057402668	true	RESPONDS_TO	CL:0000129	geoatlas:DATASET:SEA-AD	geoatlas:AXIS:CPS	0.04814113665079996	-0.0017511684553003	unresolved	unverified
geoatlas:e000388	ENSEMBL:ENSG00000158987	biolink:correlated_with	MONDO:0004975	biolink:GeneToDiseaseAssociation	infores:geoatlas	statistical_association	data_analysis_pipeline	expression	decreased	UBERON:0002771	microglia · MTG	-0.0919372089557987	0.015922470287542637	0.04461476174569447	true	RESPONDS_TO	CL:0000129	geoatlas:DATASET:SEA-AD	geoatlas:AXIS:CPS	0.10421054009519286	-0.125880848309372	unresolved	unverified
geoatlas:e000389	ENSEMBL:ENSG00000168917	biolink:correlated_with	MONDO:0004975	biolink:GeneToDiseaseAssociation	infores:geoatlas	statistical_association	data_analysis_pipeline	expression	decreased	UBERON:0002771	microglia · MTG	-0.3227754583446847	0.055909492337439005	0.15665839752950408	true	RESPONDS_TO	CL:0000129	geoatlas:DATASET:SEA-AD	geoatlas:AXIS:CPS	0.004108834516037973	-0.0273756786727291	unresolved	unverified
geoatlas:e000390	ENSEMBL:ENSG00000117592	biolink:correlated_with	MONDO:0004975	biolink:GeneToDiseaseAssociation	infores:geoatlas	statistical_association	data_analysis_pipeline	expression	increased	UBERON:0002771	microglia · MTG	0.1835330428692408	0.031790372217738054	0.08907662295410203	true	RESPONDS_TO	CL:0000129	geoatlas:DATASET:SEA-AD	geoatlas:AXIS:CPS	0.035549721804757635	-0.008126390546528	unresolved	unverified
geoatlas:e000391	ENSEMBL:ENSG00000127947	biolink:correlated_with	MONDO:0004975	biolink:GeneToDiseaseAssociation	infores:geoatlas	statistical_association	data_analysis_pipeline	expression	increased	UBERON:0002771	microglia · MTG	0.0930203307887055	0.016117827487884127	0.045162152621051325	true	RESPONDS_TO	CL:0000129	geoatlas:DATASET:SEA-AD	geoatlas:AXIS:CPS	0.008237932351424112	-0.0600269436687847	unresolved	unverified
geoatlas:e000392	ENSEMBL:ENSG00000249236	biolink:correlated_with	MONDO:0004975	biolink:GeneToDiseaseAssociation	infores:geoatlas	statistical_association	data_analysis_pipeline	expression	decreased	UBERON:0002771	microglia · MTG	-0.3810278956073017	0.06611815295778177	0.18526306458770453	true	RESPONDS_TO	CL:0000129	geoatlas:DATASET:SEA-AD	geoatlas:AXIS:CPS	0.11072441240325831	-0.0059251479675093	unresolved	unverified
geoatlas:e000393	ENSEMBL:ENSG00000249309	biolink:correlated_with	MONDO:0004975	biolink:GeneToDiseaseAssociation	infores:geoatlas	statistical_association	data_analysis_pipeline	expression	increased	UBERON:0002771	microglia · MTG	0.4124060141531471	0.07155773067894586	0.2005047613624063	true	RESPONDS_TO	CL:0000129	geoatlas:DATASET:SEA-AD	geoatlas:AXIS:CPS	0.024444651456572278	-0.0080905881037849	unresolved	unverified
geoatlas:e000394	ENSEMBL:ENSG00000249207	biolink:correlated_with	MONDO:0004975	biolink:GeneToDiseaseAssociation	infores:geoatlas	statistical_association	data_analysis_pipeline	expression	decreased	UBERON:0002771	microglia · MTG	-0.3654722454193174	0.06344286047424684	0.17776689504883963	true	RESPONDS_TO	CL:0000129	geoatlas:DATASET:SEA-AD	geoatlas:AXIS:CPS	0.059889624451359855	-0.0112188469602006	unresolved	unverified
geoatlas:e000395	ENSEMBL:ENSG00000256717	biolink:correlated_with	MONDO:0004975	biolink:GeneToDiseaseAssociation	infores:geoatlas	statistical_association	data_analysis_pipeline	expression	increased	UBERON:0002771	microglia · MTG	0.5731150885316488	0.09965767339157709	0.279240800843199	true	RESPONDS_TO	CL:0000129	geoatlas:DATASET:SEA-AD	geoatlas:AXIS:CPS	0.18247931958818975	-0.0073861437700991	unresolved	unverified
geoatlas:e000396	ENSEMBL:ENSG00000232160	biolink:correlated_with	MONDO:0004975	biolink:GeneToDiseaseAssociation	infores:geoatlas	statistical_association	data_analysis_pipeline	expression	decreased	UBERON:0002771	microglia · MTG	-0.2417752090892226	0.04200936216947662	0.1177102327988735	true	RESPONDS_TO	CL:0000129	geoatlas:DATASET:SEA-AD	geoatlas:AXIS:CPS	0.011531109867232185	0.0012307294516602	unresolved	unverified
geoatlas:e000397	ENSEMBL:ENSG00000119396	biolink:correlated_with	MONDO:0004975	biolink:GeneToDiseaseAssociation	infores:geoatlas	statistical_association	data_analysis_pipeline	expression	increased	UBERON:0002771	microglia · MTG	0.0975354171724978	0.016951533034247106	0.047498195561960395	true	RESPONDS_TO	CL:0000129	geoatlas:DATASET:SEA-AD	geoatlas:AXIS:CPS	0.016551093486858636	-0.024094313851424	unresolved	unverified
geoatlas:e000398	ENSEMBL:ENSG00000250764	biolink:correlated_with	MONDO:0004975	biolink:GeneToDiseaseAssociation	infores:geoatlas	statistical_association	data_analysis_pipeline	expression	increased	UBERON:0002771	microglia · MTG	0.3148228026035725	0.05469854208005658	0.15326531490831855	true	RESPONDS_TO	CL:0000129	geoatlas:DATASET:SEA-AD	geoatlas:AXIS:CPS	0.0009118403419300704	-0.0028221842262434	unresolved	unverified
geoatlas:e000399	ENSEMBL:ENSG00000007237	biolink:correlated_with	MONDO:0004975	biolink:GeneToDiseaseAssociation	infores:geoatlas	statistical_association	data_analysis_pipeline	expression	increased	UBERON:0002771	microglia · MTG	0.1718572133544241	0.029911089679770783	0.08381087328271773	true	RESPONDS_TO	CL:0000129	geoatlas:DATASET:SEA-AD	geoatlas:AXIS:CPS	0.11657558547313776	-0.0482910311212606	unresolved	unverified
geoatlas:e000400	ENSEMBL:ENSG00000136235	biolink:correlated_with	MONDO:0004975	biolink:GeneToDiseaseAssociation	infores:geoatlas	statistical_association	data_analysis_pipeline	expression	increased	UBERON:0002771	microglia · MTG	0.3437933385651275	0.06950466895015228	0.1947520823983267	true	RESPONDS_TO	CL:0000129	geoatlas:DATASET:SEA-AD	geoatlas:AXIS:CPS	0.25018807802771537	-0.0163853871904474	unresolved	unverified
geoatlas:e000401	ENSEMBL:ENSG00000164136	biolink:correlated_with	MONDO:0004975	biolink:GeneToDiseaseAssociation	infores:geoatlas	statistical_association	data_analysis_pipeline	expression	increased	UBERON:0002771	microglia · MTG	0.3147124623857444	0.06512606025242015	0.18248322082728127	true	RESPONDS_TO	CL:0000129	geoatlas:DATASET:SEA-AD	geoatlas:AXIS:CPS	0.04433242709074989	-0.0294346299097534	unresolved	unverified
geoatlas:e000402	ENSEMBL:ENSG00000160791	biolink:correlated_with	MONDO:0004975	biolink:GeneToDiseaseAssociation	infores:geoatlas	statistical_association	data_analysis_pipeline	expression	increased	UBERON:0002771	microglia · MTG	0.2621447614060435	0.062422770448865905	0.17490860279772227	true	RESPONDS_TO	CL:0000129	geoatlas:DATASET:SEA-AD	geoatlas:AXIS:CPS	0.04460984479813232	-0.0044102469634414	unresolved	unverified
geoatlas:e000403	ENSEMBL:ENSG00000115232	biolink:correlated_with	MONDO:0004975	biolink:GeneToDiseaseAssociation	infores:geoatlas	statistical_association	data_analysis_pipeline	expression	increased	UBERON:0002771	microglia · MTG	0.311528169353912	0.07892508250876645	0.2211480811895636	true	RESPONDS_TO	CL:0000129	geoatlas:DATASET:SEA-AD	geoatlas:AXIS:CPS	0.02069988449507221	-0.0024744669267943	unresolved	unverified
geoatlas:e000404	ENSEMBL:ENSG00000110077	biolink:correlated_with	MONDO:0004975	biolink:GeneToDiseaseAssociation	infores:geoatlas	statistical_association	data_analysis_pipeline	expression	increased	UBERON:0002771	microglia · MTG	0.1432031252970626	0.03844353936223954	0.1077187972929952	true	RESPONDS_TO	CL:0000129	geoatlas:DATASET:SEA-AD	geoatlas:AXIS:CPS	0.03937805900489267	-0.038335646073617	driver	unverified
geoatlas:e000405	ENSEMBL:ENSG00000170266	biolink:correlated_with	MONDO:0004975	biolink:GeneToDiseaseAssociation	infores:geoatlas	statistical_association	data_analysis_pipeline	expression	increased	UBERON:0002771	microglia · MTG	0.0487365747443763	0.013096640689494675	0.03669678721196408	true	RESPONDS_TO	CL:0000129	geoatlas:DATASET:SEA-AD	geoatlas:AXIS:CPS	0.011846034824188835	-0.0524470982860685	unresolved	unverified
geoatlas:e000406	ENSEMBL:ENSG00000169313	biolink:correlated_with	MONDO:0004975	biolink:GeneToDiseaseAssociation	infores:geoatlas	statistical_association	data_analysis_pipeline	expression	decreased	UBERON:0002771	microglia · MTG	-0.1670151214572725	0.047329788095732094	0.13261806624424133	true	RESPONDS_TO	CL:0000129	geoatlas:DATASET:SEA-AD	geoatlas:AXIS:CPS	0.04570570540574848	-0.2270426520056721	unresolved	unverified
geoatlas:e000407	ENSEMBL:ENSG00000147889	biolink:correlated_with	MONDO:0004975	biolink:GeneToDiseaseAssociation	infores:geoatlas	statistical_association	data_analysis_pipeline	expression	increased	UBERON:0002771	microglia · MTG	0.1244039407324468	0.039026367478541955	0.10935188167487456	true	RESPONDS_TO	CL:0000129	geoatlas:DATASET:SEA-AD	geoatlas:AXIS:CPS	0.052550700839171655	-0.0088875123743858	unresolved	unverified
geoatlas:e000408	ENSEMBL:ENSG00000146648	biolink:correlated_with	MONDO:0004975	biolink:GeneToDiseaseAssociation	infores:geoatlas	statistical_association	data_analysis_pipeline	expression	increased	UBERON:0002771	microglia · MTG	0.1738841182588096	0.056938103617945435	0.15954056633748312	true	RESPONDS_TO	CL:0000129	geoatlas:DATASET:SEA-AD	geoatlas:AXIS:CPS	0.05732227462595764	2.5457262425303273e-05	unresolved	unverified
geoatlas:e000409	ENSEMBL:ENSG00000029725	biolink:gene_associated_with_condition	MONDO:0004975	biolink:GeneToDiseaseAssociation	infores:geoatlas	statistical_association	data_analysis_pipeline					0.868		0.501002004008016	true	GENETIC_SUPPORT							unverified
geoatlas:e000410	ENSEMBL:ENSG00000187037	biolink:affects	MONDO:0004975	biolink:GeneToDiseaseAssociation	infores:geoatlas	statistical_association	data_analysis_pipeline		decreased		monocyte_BLUEPRINT	-0.099	0.02041726618705036	0.057209179856115115	true	QTL	CL:0000576	geoatlas:DATASET:BLUEPRINT					unverified
geoatlas:e000411	ENSEMBL:ENSG00000146648	biolink:affects	MONDO:0004975	biolink:GeneToDiseaseAssociation	infores:geoatlas	statistical_association	data_analysis_pipeline		increased	UBERON:0000956	GTEx_cortex	0.182	0.0317992565055762	0.0891015167286245	true	QTL		geoatlas:DATASET:GTEx					unverified
geoatlas:e000412	ENSEMBL:ENSG00000146648	biolink:affects	MONDO:0004975	biolink:GeneToDiseaseAssociation	infores:geoatlas	statistical_association	data_analysis_pipeline		increased	UBERON:0009834	CommonMind_DLPFC	0.155	0.025956057007125888	0.07272887173396674	true	QTL		geoatlas:DATASET:CommonMind					unverified
geoatlas:e000413	ENSEMBL:ENSG00000110077	biolink:affects	MONDO:0004975	biolink:GeneToDiseaseAssociation	infores:geoatlas	statistical_association	data_analysis_pipeline		increased		monocyte_BLUEPRINT	0.146	0.017426491994177586	0.048829030567685595	true	QTL	CL:0000576	geoatlas:DATASET:BLUEPRINT					unverified
geoatlas:e000414	ENSEMBL:ENSG00000110079	biolink:affects	MONDO:0004975	biolink:GeneToDiseaseAssociation	infores:geoatlas	statistical_association	data_analysis_pipeline		increased		monocyte_BLUEPRINT	0.115	0.01246083550913838	0.03491526109660574	true	QTL	CL:0000576	geoatlas:DATASET:BLUEPRINT					unverified
geoatlas:e000415	ENSEMBL:ENSG00000110079	biolink:affects	MONDO:0004975	biolink:GeneToDiseaseAssociation	infores:geoatlas	statistical_association	data_analysis_pipeline		increased	UBERON:0009834	ROSMAP_DLPFC	0.222	0.03038647342995169	0.08514289855072464	true	QTL		geoatlas:DATASET:ROSMAP					unverified
geoatlas:e000416	ENSEMBL:ENSG00000105383	biolink:target_for	MONDO:0004975	biolink:GeneToDiseaseAssociation	infores:geoatlas	knowledge_assertion	data_analysis_pipeline								not_applicable	DRUGGABLE							unverified
geoatlas:e000417	ENSEMBL:ENSG00000161640	geoatlas:tractable_for	MONDO:0004975	biolink:GeneToDiseaseAssociation	infores:geoatlas	knowledge_assertion	data_analysis_pipeline								not_applicable	DRUGGABLE							unverified
geoatlas:e000418	ENSEMBL:ENSG00000110077	geoatlas:tractable_for	MONDO:0004975	biolink:GeneToDiseaseAssociation	infores:geoatlas	knowledge_assertion	data_analysis_pipeline								not_applicable	DRUGGABLE							unverified
geoatlas:e000419	ENSEMBL:ENSG00000110079	geoatlas:tractable_for	MONDO:0004975	biolink:GeneToDiseaseAssociation	infores:geoatlas	knowledge_assertion	data_analysis_pipeline								not_applicable	DRUGGABLE							unverified
geoatlas:e000420	ENSEMBL:ENSG00000197943	geoatlas:tractable_for	MONDO:0004975	biolink:GeneToDiseaseAssociation	infores:geoatlas	knowledge_assertion	data_analysis_pipeline								not_applicable	DRUGGABLE							unverified
geoatlas:e000421	ENSEMBL:ENSG00000168918	biolink:target_for	MONDO:0004975	biolink:GeneToDiseaseAssociation	infores:geoatlas	knowledge_assertion	data_analysis_pipeline								not_applicable	DRUGGABLE							unverified
geoatlas:e000422	ENSEMBL:ENSG00000066336	geoatlas:tractable_for	MONDO:0004975	biolink:GeneToDiseaseAssociation	infores:geoatlas	knowledge_assertion	data_analysis_pipeline								not_applicable	DRUGGABLE							unverified
geoatlas:e000423	ENSEMBL:ENSG00000099954	geoatlas:tractable_for	MONDO:0004975	biolink:GeneToDiseaseAssociation	infores:geoatlas	knowledge_assertion	data_analysis_pipeline								not_applicable	DRUGGABLE							unverified
geoatlas:e000424	ENSEMBL:ENSG00000131981	biolink:target_for	MONDO:0004975	biolink:GeneToDiseaseAssociation	infores:geoatlas	knowledge_assertion	data_analysis_pipeline								not_applicable	DRUGGABLE							unverified
geoatlas:e000425	ENSEMBL:ENSG00000095970	geoatlas:tractable_for	MONDO:0004975	biolink:GeneToDiseaseAssociation	infores:geoatlas	knowledge_assertion	data_analysis_pipeline								not_applicable	DRUGGABLE							unverified
geoatlas:e000426	ENSEMBL:ENSG00000146648	geoatlas:tractable_for	MONDO:0004975	biolink:GeneToDiseaseAssociation	infores:geoatlas	knowledge_assertion	data_analysis_pipeline								not_applicable	DRUGGABLE							unverified
geoatlas:e000427	ENSEMBL:ENSG00000187037	geoatlas:tractable_for	MONDO:0004975	biolink:GeneToDiseaseAssociation	infores:geoatlas	knowledge_assertion	data_analysis_pipeline								not_applicable	DRUGGABLE							unverified
geoatlas:e000428	ENSEMBL:ENSG00000164136	biolink:target_for	MONDO:0004975	biolink:GeneToDiseaseAssociation	infores:geoatlas	knowledge_assertion	data_analysis_pipeline								not_applicable	DRUGGABLE							unverified
geoatlas:e000429	ENSEMBL:ENSG00000140853	geoatlas:tractable_for	MONDO:0004975	biolink:GeneToDiseaseAssociation	infores:geoatlas	knowledge_assertion	data_analysis_pipeline								not_applicable	DRUGGABLE							unverified
geoatlas:e000430	ENSEMBL:ENSG00000113532	geoatlas:tractable_for	MONDO:0004975	biolink:GeneToDiseaseAssociation	infores:geoatlas	knowledge_assertion	data_analysis_pipeline								not_applicable	DRUGGABLE							unverified
geoatlas:e000431	ENSEMBL:ENSG00000133048	geoatlas:tractable_for	MONDO:0004975	biolink:GeneToDiseaseAssociation	infores:geoatlas	knowledge_assertion	data_analysis_pipeline								not_applicable	DRUGGABLE							unverified
geoatlas:e000432	geoatlas:GENE:SIGLEC16	geoatlas:tractable_for	MONDO:0004975	biolink:GeneToDiseaseAssociation	infores:geoatlas	knowledge_assertion	data_analysis_pipeline								not_applicable	DRUGGABLE							unverified
geoatlas:e000433	MONDO:0004975	biolink:has_attribute	geoatlas:AXIS:CPS	biolink:Association	infores:geoatlas	knowledge_assertion	data_analysis_pipeline																unverified
