id	subject	predicate	object	category	primary_knowledge_source	knowledge_level	agent_type	anatomical_context_qualifier	geoatlas:cell_type_context	geoatlas:dataset_context	geoatlas:gap_type	geoatlas:gap_reason	geoatlas:detection_floor	geoatlas:n_required	geoatlas:proposal	geoatlas:withheld_from	geoatlas:source_edge_type	geoatlas:vintage
geoatlas:g00000	ENSEMBL:ENSG00000143416	geoatlas:evidence_missing_for	geoatlas:GAP:G8_direction_unresolved	geoatlas:KnowledgeGapAssociation	infores:geoatlas	logical_entailment	data_analysis_pipeline	UBERON:0002771	CL:0000129	geoatlas:DATASET:SEA-AD	G8_direction_unresolved	detectable severity response, no usable MR instrument — sign unknown, so agonise-vs-antagonise is undecidable	0.22168430074733983				MISSING	unverified
geoatlas:g00001	ENSEMBL:ENSG00000157005	geoatlas:evidence_missing_for	geoatlas:GAP:G8_direction_unresolved	geoatlas:KnowledgeGapAssociation	infores:geoatlas	logical_entailment	data_analysis_pipeline	UBERON:0002771	CL:0000129	geoatlas:DATASET:SEA-AD	G8_direction_unresolved	detectable severity response, no usable MR instrument — sign unknown, so agonise-vs-antagonise is undecidable	0.26684217766190726				MISSING	unverified
geoatlas:g00002	ENSEMBL:ENSG00000242258	geoatlas:evidence_missing_for	geoatlas:GAP:G8_direction_unresolved	geoatlas:KnowledgeGapAssociation	infores:geoatlas	logical_entailment	data_analysis_pipeline	UBERON:0002771	CL:0000129	geoatlas:DATASET:SEA-AD	G8_direction_unresolved	detectable severity response, no usable MR instrument — sign unknown, so agonise-vs-antagonise is undecidable	0.33551838084877433				MISSING	unverified
geoatlas:g00003	ENSEMBL:ENSG00000286195	geoatlas:evidence_missing_for	geoatlas:GAP:G8_direction_unresolved	geoatlas:KnowledgeGapAssociation	infores:geoatlas	logical_entailment	data_analysis_pipeline	UBERON:0002771	CL:0000129	geoatlas:DATASET:SEA-AD	G8_direction_unresolved	detectable severity response, no usable MR instrument — sign unknown, so agonise-vs-antagonise is undecidable	0.19733897200176254				MISSING	unverified
geoatlas:g00004	ENSEMBL:ENSG00000146072	geoatlas:evidence_missing_for	geoatlas:GAP:G8_direction_unresolved	geoatlas:KnowledgeGapAssociation	infores:geoatlas	logical_entailment	data_analysis_pipeline	UBERON:0002771	CL:0000129	geoatlas:DATASET:SEA-AD	G8_direction_unresolved	detectable severity response, no usable MR instrument — sign unknown, so agonise-vs-antagonise is undecidable	0.14174041440459162				MISSING	unverified
geoatlas:g00005	ENSEMBL:ENSG00000144724	geoatlas:evidence_missing_for	geoatlas:GAP:G8_direction_unresolved	geoatlas:KnowledgeGapAssociation	infores:geoatlas	logical_entailment	data_analysis_pipeline	UBERON:0002771	CL:0000129	geoatlas:DATASET:SEA-AD	G8_direction_unresolved	detectable severity response, no usable MR instrument — sign unknown, so agonise-vs-antagonise is undecidable	0.12768265765624834				MISSING	unverified
geoatlas:g00006	ENSEMBL:ENSG00000164761	geoatlas:evidence_missing_for	geoatlas:GAP:G8_direction_unresolved	geoatlas:KnowledgeGapAssociation	infores:geoatlas	logical_entailment	data_analysis_pipeline	UBERON:0002771	CL:0000129	geoatlas:DATASET:SEA-AD	G8_direction_unresolved	detectable severity response, no usable MR instrument — sign unknown, so agonise-vs-antagonise is undecidable	0.2800979662382136				MISSING	unverified
geoatlas:g00007	ENSEMBL:ENSG00000253298	geoatlas:evidence_missing_for	geoatlas:GAP:G8_direction_unresolved	geoatlas:KnowledgeGapAssociation	infores:geoatlas	logical_entailment	data_analysis_pipeline	UBERON:0002771	CL:0000129	geoatlas:DATASET:SEA-AD	G8_direction_unresolved	detectable severity response, no usable MR instrument — sign unknown, so agonise-vs-antagonise is undecidable	0.31416870795594376				MISSING	unverified
geoatlas:g00008	ENSEMBL:ENSG00000099954	geoatlas:evidence_missing_for	geoatlas:GAP:G8_direction_unresolved	geoatlas:KnowledgeGapAssociation	infores:geoatlas	logical_entailment	data_analysis_pipeline	UBERON:0002771	CL:0000129	geoatlas:DATASET:SEA-AD	G8_direction_unresolved	detectable severity response, no usable MR instrument — sign unknown, so agonise-vs-antagonise is undecidable	0.14742183280151994				MISSING	unverified
geoatlas:g00009	ENSEMBL:ENSG00000253474	geoatlas:evidence_missing_for	geoatlas:GAP:G8_direction_unresolved	geoatlas:KnowledgeGapAssociation	infores:geoatlas	logical_entailment	data_analysis_pipeline	UBERON:0002771	CL:0000129	geoatlas:DATASET:SEA-AD	G8_direction_unresolved	detectable severity response, no usable MR instrument — sign unknown, so agonise-vs-antagonise is undecidable	0.279496248451606				MISSING	unverified
geoatlas:g00010	ENSEMBL:ENSG00000232591	geoatlas:evidence_missing_for	geoatlas:GAP:G8_direction_unresolved	geoatlas:KnowledgeGapAssociation	infores:geoatlas	logical_entailment	data_analysis_pipeline	UBERON:0002771	CL:0000129	geoatlas:DATASET:SEA-AD	G8_direction_unresolved	detectable severity response, no usable MR instrument — sign unknown, so agonise-vs-antagonise is undecidable	0.21088052686569717				MISSING	unverified
geoatlas:g00011	ENSEMBL:ENSG00000283052	geoatlas:evidence_missing_for	geoatlas:GAP:G8_direction_unresolved	geoatlas:KnowledgeGapAssociation	infores:geoatlas	logical_entailment	data_analysis_pipeline	UBERON:0002771	CL:0000129	geoatlas:DATASET:SEA-AD	G8_direction_unresolved	detectable severity response, no usable MR instrument — sign unknown, so agonise-vs-antagonise is undecidable	0.22932316894179772				MISSING	unverified
geoatlas:g00012	ENSEMBL:ENSG00000287826	geoatlas:evidence_missing_for	geoatlas:GAP:G8_direction_unresolved	geoatlas:KnowledgeGapAssociation	infores:geoatlas	logical_entailment	data_analysis_pipeline	UBERON:0002771	CL:0000129	geoatlas:DATASET:SEA-AD	G8_direction_unresolved	detectable severity response, no usable MR instrument — sign unknown, so agonise-vs-antagonise is undecidable	0.20086727864296433				MISSING	unverified
geoatlas:g00013	ENSEMBL:ENSG00000286625	geoatlas:evidence_missing_for	geoatlas:GAP:G8_direction_unresolved	geoatlas:KnowledgeGapAssociation	infores:geoatlas	logical_entailment	data_analysis_pipeline	UBERON:0002771	CL:0000129	geoatlas:DATASET:SEA-AD	G8_direction_unresolved	detectable severity response, no usable MR instrument — sign unknown, so agonise-vs-antagonise is undecidable	0.2865845929463995				MISSING	unverified
geoatlas:g00014	ENSEMBL:ENSG00000117984	geoatlas:evidence_missing_for	geoatlas:GAP:G8_direction_unresolved	geoatlas:KnowledgeGapAssociation	infores:geoatlas	logical_entailment	data_analysis_pipeline	UBERON:0002771	CL:0000129	geoatlas:DATASET:SEA-AD	G8_direction_unresolved	detectable severity response, no usable MR instrument — sign unknown, so agonise-vs-antagonise is undecidable	0.11221916604677884				MISSING	unverified
geoatlas:g00015	ENSEMBL:ENSG00000212907	geoatlas:evidence_missing_for	geoatlas:GAP:G8_direction_unresolved	geoatlas:KnowledgeGapAssociation	infores:geoatlas	logical_entailment	data_analysis_pipeline	UBERON:0002771	CL:0000129	geoatlas:DATASET:SEA-AD	G8_direction_unresolved	detectable severity response, no usable MR instrument — sign unknown, so agonise-vs-antagonise is undecidable	0.2194674635912079				MISSING	unverified
geoatlas:g00016	ENSEMBL:ENSG00000140563	geoatlas:evidence_missing_for	geoatlas:GAP:G8_direction_unresolved	geoatlas:KnowledgeGapAssociation	infores:geoatlas	logical_entailment	data_analysis_pipeline	UBERON:0002771	CL:0000129	geoatlas:DATASET:SEA-AD	G8_direction_unresolved	detectable severity response, no usable MR instrument — sign unknown, so agonise-vs-antagonise is undecidable	0.20678613483935102				MISSING	unverified
geoatlas:g00017	ENSEMBL:ENSG00000163958	geoatlas:evidence_missing_for	geoatlas:GAP:G8_direction_unresolved	geoatlas:KnowledgeGapAssociation	infores:geoatlas	logical_entailment	data_analysis_pipeline	UBERON:0002771	CL:0000129	geoatlas:DATASET:SEA-AD	G8_direction_unresolved	detectable severity response, no usable MR instrument — sign unknown, so agonise-vs-antagonise is undecidable	0.1923385704682567				MISSING	unverified
geoatlas:g00018	ENSEMBL:ENSG00000288025	geoatlas:evidence_missing_for	geoatlas:GAP:G8_direction_unresolved	geoatlas:KnowledgeGapAssociation	infores:geoatlas	logical_entailment	data_analysis_pipeline	UBERON:0002771	CL:0000129	geoatlas:DATASET:SEA-AD	G8_direction_unresolved	detectable severity response, no usable MR instrument — sign unknown, so agonise-vs-antagonise is undecidable	0.17461548013279554				MISSING	unverified
geoatlas:g00019	ENSEMBL:ENSG00000251381	geoatlas:evidence_missing_for	geoatlas:GAP:G8_direction_unresolved	geoatlas:KnowledgeGapAssociation	infores:geoatlas	logical_entailment	data_analysis_pipeline	UBERON:0002771	CL:0000129	geoatlas:DATASET:SEA-AD	G8_direction_unresolved	detectable severity response, no usable MR instrument — sign unknown, so agonise-vs-antagonise is undecidable	0.27232225475790645				MISSING	unverified
geoatlas:g00020	ENSEMBL:ENSG00000198786	geoatlas:evidence_missing_for	geoatlas:GAP:G8_direction_unresolved	geoatlas:KnowledgeGapAssociation	infores:geoatlas	logical_entailment	data_analysis_pipeline	UBERON:0002771	CL:0000129	geoatlas:DATASET:SEA-AD	G8_direction_unresolved	detectable severity response, no usable MR instrument — sign unknown, so agonise-vs-antagonise is undecidable	0.1801260719553109				MISSING	unverified
geoatlas:g00021	ENSEMBL:ENSG00000053524	geoatlas:evidence_missing_for	geoatlas:GAP:G8_direction_unresolved	geoatlas:KnowledgeGapAssociation	infores:geoatlas	logical_entailment	data_analysis_pipeline	UBERON:0002771	CL:0000129	geoatlas:DATASET:SEA-AD	G8_direction_unresolved	detectable severity response, no usable MR instrument — sign unknown, so agonise-vs-antagonise is undecidable	0.12006013052648364				MISSING	unverified
geoatlas:g00022	ENSEMBL:ENSG00000286023	geoatlas:evidence_missing_for	geoatlas:GAP:G8_direction_unresolved	geoatlas:KnowledgeGapAssociation	infores:geoatlas	logical_entailment	data_analysis_pipeline	UBERON:0002771	CL:0000129	geoatlas:DATASET:SEA-AD	G8_direction_unresolved	detectable severity response, no usable MR instrument — sign unknown, so agonise-vs-antagonise is undecidable	0.257596039293109				MISSING	unverified
geoatlas:g00023	ENSEMBL:ENSG00000198763	geoatlas:evidence_missing_for	geoatlas:GAP:G8_direction_unresolved	geoatlas:KnowledgeGapAssociation	infores:geoatlas	logical_entailment	data_analysis_pipeline	UBERON:0002771	CL:0000129	geoatlas:DATASET:SEA-AD	G8_direction_unresolved	detectable severity response, no usable MR instrument — sign unknown, so agonise-vs-antagonise is undecidable	0.1764296364684546				MISSING	unverified
geoatlas:g00024	ENSEMBL:ENSG00000224968	geoatlas:evidence_missing_for	geoatlas:GAP:G8_direction_unresolved	geoatlas:KnowledgeGapAssociation	infores:geoatlas	logical_entailment	data_analysis_pipeline	UBERON:0002771	CL:0000129	geoatlas:DATASET:SEA-AD	G8_direction_unresolved	detectable severity response, no usable MR instrument — sign unknown, so agonise-vs-antagonise is undecidable	0.3154678947078534				MISSING	unverified
geoatlas:g00025	ENSEMBL:ENSG00000145703	geoatlas:evidence_missing_for	geoatlas:GAP:G8_direction_unresolved	geoatlas:KnowledgeGapAssociation	infores:geoatlas	logical_entailment	data_analysis_pipeline	UBERON:0002771	CL:0000129	geoatlas:DATASET:SEA-AD	G8_direction_unresolved	detectable severity response, no usable MR instrument — sign unknown, so agonise-vs-antagonise is undecidable	0.1437380189528894				MISSING	unverified
geoatlas:g00026	ENSEMBL:ENSG00000111181	geoatlas:evidence_missing_for	geoatlas:GAP:G8_direction_unresolved	geoatlas:KnowledgeGapAssociation	infores:geoatlas	logical_entailment	data_analysis_pipeline	UBERON:0002771	CL:0000129	geoatlas:DATASET:SEA-AD	G8_direction_unresolved	detectable severity response, no usable MR instrument — sign unknown, so agonise-vs-antagonise is undecidable	0.3615695655909677				MISSING	unverified
geoatlas:g00027	ENSEMBL:ENSG00000148730	geoatlas:evidence_missing_for	geoatlas:GAP:G8_direction_unresolved	geoatlas:KnowledgeGapAssociation	infores:geoatlas	logical_entailment	data_analysis_pipeline	UBERON:0002771	CL:0000129	geoatlas:DATASET:SEA-AD	G8_direction_unresolved	detectable severity response, no usable MR instrument — sign unknown, so agonise-vs-antagonise is undecidable	0.06873591625059638				MISSING	unverified
geoatlas:g00028	ENSEMBL:ENSG00000244286	geoatlas:evidence_missing_for	geoatlas:GAP:G8_direction_unresolved	geoatlas:KnowledgeGapAssociation	infores:geoatlas	logical_entailment	data_analysis_pipeline	UBERON:0002771	CL:0000129	geoatlas:DATASET:SEA-AD	G8_direction_unresolved	detectable severity response, no usable MR instrument — sign unknown, so agonise-vs-antagonise is undecidable	0.1704296484811194				MISSING	unverified
geoatlas:g00029	ENSEMBL:ENSG00000198829	geoatlas:evidence_missing_for	geoatlas:GAP:G8_direction_unresolved	geoatlas:KnowledgeGapAssociation	infores:geoatlas	logical_entailment	data_analysis_pipeline	UBERON:0002771	CL:0000129	geoatlas:DATASET:SEA-AD	G8_direction_unresolved	detectable severity response, no usable MR instrument — sign unknown, so agonise-vs-antagonise is undecidable	0.22984335587266141				MISSING	unverified
geoatlas:g00030	ENSEMBL:ENSG00000164188	geoatlas:evidence_missing_for	geoatlas:GAP:G8_direction_unresolved	geoatlas:KnowledgeGapAssociation	infores:geoatlas	logical_entailment	data_analysis_pipeline	UBERON:0002771	CL:0000129	geoatlas:DATASET:SEA-AD	G8_direction_unresolved	detectable severity response, no usable MR instrument — sign unknown, so agonise-vs-antagonise is undecidable	0.4152918941056276				MISSING	unverified
geoatlas:g00031	ENSEMBL:ENSG00000143995	geoatlas:evidence_missing_for	geoatlas:GAP:G8_direction_unresolved	geoatlas:KnowledgeGapAssociation	infores:geoatlas	logical_entailment	data_analysis_pipeline	UBERON:0002771	CL:0000129	geoatlas:DATASET:SEA-AD	G8_direction_unresolved	detectable severity response, no usable MR instrument — sign unknown, so agonise-vs-antagonise is undecidable	0.22170407764364475				MISSING	unverified
geoatlas:g00032	ENSEMBL:ENSG00000283413	geoatlas:evidence_missing_for	geoatlas:GAP:G8_direction_unresolved	geoatlas:KnowledgeGapAssociation	infores:geoatlas	logical_entailment	data_analysis_pipeline	UBERON:0002771	CL:0000129	geoatlas:DATASET:SEA-AD	G8_direction_unresolved	detectable severity response, no usable MR instrument — sign unknown, so agonise-vs-antagonise is undecidable	0.3042507248392542				MISSING	unverified
geoatlas:g00033	ENSEMBL:ENSG00000198886	geoatlas:evidence_missing_for	geoatlas:GAP:G8_direction_unresolved	geoatlas:KnowledgeGapAssociation	infores:geoatlas	logical_entailment	data_analysis_pipeline	UBERON:0002771	CL:0000129	geoatlas:DATASET:SEA-AD	G8_direction_unresolved	detectable severity response, no usable MR instrument — sign unknown, so agonise-vs-antagonise is undecidable	0.18082388047892956				MISSING	unverified
geoatlas:g00034	geoatlas:GENE:MAP3K5-AS2	geoatlas:evidence_missing_for	geoatlas:GAP:G8_direction_unresolved	geoatlas:KnowledgeGapAssociation	infores:geoatlas	logical_entailment	data_analysis_pipeline	UBERON:0002771	CL:0000129	geoatlas:DATASET:SEA-AD	G8_direction_unresolved	detectable severity response, no usable MR instrument — sign unknown, so agonise-vs-antagonise is undecidable	0.15664097787868306				MISSING	unverified
geoatlas:g00035	ENSEMBL:ENSG00000172020	geoatlas:evidence_missing_for	geoatlas:GAP:G8_direction_unresolved	geoatlas:KnowledgeGapAssociation	infores:geoatlas	logical_entailment	data_analysis_pipeline	UBERON:0002771	CL:0000129	geoatlas:DATASET:SEA-AD	G8_direction_unresolved	detectable severity response, no usable MR instrument — sign unknown, so agonise-vs-antagonise is undecidable	0.1220860651122122				MISSING	unverified
geoatlas:g00036	ENSEMBL:ENSG00000144893	geoatlas:evidence_missing_for	geoatlas:GAP:G8_direction_unresolved	geoatlas:KnowledgeGapAssociation	infores:geoatlas	logical_entailment	data_analysis_pipeline	UBERON:0002771	CL:0000129	geoatlas:DATASET:SEA-AD	G8_direction_unresolved	detectable severity response, no usable MR instrument — sign unknown, so agonise-vs-antagonise is undecidable	0.11315277881185956				MISSING	unverified
geoatlas:g00037	ENSEMBL:ENSG00000198712	geoatlas:evidence_missing_for	geoatlas:GAP:G8_direction_unresolved	geoatlas:KnowledgeGapAssociation	infores:geoatlas	logical_entailment	data_analysis_pipeline	UBERON:0002771	CL:0000129	geoatlas:DATASET:SEA-AD	G8_direction_unresolved	detectable severity response, no usable MR instrument — sign unknown, so agonise-vs-antagonise is undecidable	0.14676867857197676				MISSING	unverified
geoatlas:g00038	ENSEMBL:ENSG00000198888	geoatlas:evidence_missing_for	geoatlas:GAP:G8_direction_unresolved	geoatlas:KnowledgeGapAssociation	infores:geoatlas	logical_entailment	data_analysis_pipeline	UBERON:0002771	CL:0000129	geoatlas:DATASET:SEA-AD	G8_direction_unresolved	detectable severity response, no usable MR instrument — sign unknown, so agonise-vs-antagonise is undecidable	0.18411908568524363				MISSING	unverified
geoatlas:g00039	ENSEMBL:ENSG00000196154	geoatlas:evidence_missing_for	geoatlas:GAP:G8_direction_unresolved	geoatlas:KnowledgeGapAssociation	infores:geoatlas	logical_entailment	data_analysis_pipeline	UBERON:0002771	CL:0000129	geoatlas:DATASET:SEA-AD	G8_direction_unresolved	detectable severity response, no usable MR instrument — sign unknown, so agonise-vs-antagonise is undecidable	0.3093904500185225				MISSING	unverified
geoatlas:g00040	ENSEMBL:ENSG00000233154	geoatlas:evidence_missing_for	geoatlas:GAP:G8_direction_unresolved	geoatlas:KnowledgeGapAssociation	infores:geoatlas	logical_entailment	data_analysis_pipeline	UBERON:0002771	CL:0000129	geoatlas:DATASET:SEA-AD	G8_direction_unresolved	detectable severity response, no usable MR instrument — sign unknown, so agonise-vs-antagonise is undecidable	0.13022791334623096				MISSING	unverified
geoatlas:g00041	geoatlas:GENE:FOXP1-DT	geoatlas:evidence_missing_for	geoatlas:GAP:G8_direction_unresolved	geoatlas:KnowledgeGapAssociation	infores:geoatlas	logical_entailment	data_analysis_pipeline	UBERON:0002771	CL:0000129	geoatlas:DATASET:SEA-AD	G8_direction_unresolved	detectable severity response, no usable MR instrument — sign unknown, so agonise-vs-antagonise is undecidable	0.1972672106601552				MISSING	unverified
geoatlas:g00042	ENSEMBL:ENSG00000124785	geoatlas:evidence_missing_for	geoatlas:GAP:G8_direction_unresolved	geoatlas:KnowledgeGapAssociation	infores:geoatlas	logical_entailment	data_analysis_pipeline	UBERON:0002771	CL:0000129	geoatlas:DATASET:SEA-AD	G8_direction_unresolved	detectable severity response, no usable MR instrument — sign unknown, so agonise-vs-antagonise is undecidable	0.16713596758001298				MISSING	unverified
geoatlas:g00043	ENSEMBL:ENSG00000249631	geoatlas:evidence_missing_for	geoatlas:GAP:G8_direction_unresolved	geoatlas:KnowledgeGapAssociation	infores:geoatlas	logical_entailment	data_analysis_pipeline	UBERON:0002771	CL:0000129	geoatlas:DATASET:SEA-AD	G8_direction_unresolved	detectable severity response, no usable MR instrument — sign unknown, so agonise-vs-antagonise is undecidable	0.23831780584574813				MISSING	unverified
geoatlas:g00044	ENSEMBL:ENSG00000261649	geoatlas:evidence_missing_for	geoatlas:GAP:G8_direction_unresolved	geoatlas:KnowledgeGapAssociation	infores:geoatlas	logical_entailment	data_analysis_pipeline	UBERON:0002771	CL:0000129	geoatlas:DATASET:SEA-AD	G8_direction_unresolved	detectable severity response, no usable MR instrument — sign unknown, so agonise-vs-antagonise is undecidable	0.2575873550017971				MISSING	unverified
geoatlas:g00045	ENSEMBL:ENSG00000124942	geoatlas:evidence_missing_for	geoatlas:GAP:G8_direction_unresolved	geoatlas:KnowledgeGapAssociation	infores:geoatlas	logical_entailment	data_analysis_pipeline	UBERON:0002771	CL:0000129	geoatlas:DATASET:SEA-AD	G8_direction_unresolved	detectable severity response, no usable MR instrument — sign unknown, so agonise-vs-antagonise is undecidable	0.20167257987928622				MISSING	unverified
geoatlas:g00046	ENSEMBL:ENSG00000198840	geoatlas:evidence_missing_for	geoatlas:GAP:G8_direction_unresolved	geoatlas:KnowledgeGapAssociation	infores:geoatlas	logical_entailment	data_analysis_pipeline	UBERON:0002771	CL:0000129	geoatlas:DATASET:SEA-AD	G8_direction_unresolved	detectable severity response, no usable MR instrument — sign unknown, so agonise-vs-antagonise is undecidable	0.21800192952284955				MISSING	unverified
geoatlas:g00047	ENSEMBL:ENSG00000141527	geoatlas:evidence_missing_for	geoatlas:GAP:G8_direction_unresolved	geoatlas:KnowledgeGapAssociation	infores:geoatlas	logical_entailment	data_analysis_pipeline	UBERON:0002771	CL:0000129	geoatlas:DATASET:SEA-AD	G8_direction_unresolved	detectable severity response, no usable MR instrument — sign unknown, so agonise-vs-antagonise is undecidable	0.19224269129137012				MISSING	unverified
geoatlas:g00048	ENSEMBL:ENSG00000228253	geoatlas:evidence_missing_for	geoatlas:GAP:G8_direction_unresolved	geoatlas:KnowledgeGapAssociation	infores:geoatlas	logical_entailment	data_analysis_pipeline	UBERON:0002771	CL:0000129	geoatlas:DATASET:SEA-AD	G8_direction_unresolved	detectable severity response, no usable MR instrument — sign unknown, so agonise-vs-antagonise is undecidable	0.25109813121607266				MISSING	unverified
geoatlas:g00049	ENSEMBL:ENSG00000006128	geoatlas:evidence_missing_for	geoatlas:GAP:G8_direction_unresolved	geoatlas:KnowledgeGapAssociation	infores:geoatlas	logical_entailment	data_analysis_pipeline	UBERON:0002771	CL:0000129	geoatlas:DATASET:SEA-AD	G8_direction_unresolved	detectable severity response, no usable MR instrument — sign unknown, so agonise-vs-antagonise is undecidable	0.2215922137253421				MISSING	unverified
geoatlas:g00050	ENSEMBL:ENSG00000251003	geoatlas:evidence_missing_for	geoatlas:GAP:G8_direction_unresolved	geoatlas:KnowledgeGapAssociation	infores:geoatlas	logical_entailment	data_analysis_pipeline	UBERON:0002771	CL:0000129	geoatlas:DATASET:SEA-AD	G8_direction_unresolved	detectable severity response, no usable MR instrument — sign unknown, so agonise-vs-antagonise is undecidable	0.18424511775987765				MISSING	unverified
geoatlas:g00051	ENSEMBL:ENSG00000182836	geoatlas:evidence_missing_for	geoatlas:GAP:G8_direction_unresolved	geoatlas:KnowledgeGapAssociation	infores:geoatlas	logical_entailment	data_analysis_pipeline	UBERON:0002771	CL:0000129	geoatlas:DATASET:SEA-AD	G8_direction_unresolved	detectable severity response, no usable MR instrument — sign unknown, so agonise-vs-antagonise is undecidable	0.17453697552826564				MISSING	unverified
geoatlas:g00052	ENSEMBL:ENSG00000198899	geoatlas:evidence_missing_for	geoatlas:GAP:G8_direction_unresolved	geoatlas:KnowledgeGapAssociation	infores:geoatlas	logical_entailment	data_analysis_pipeline	UBERON:0002771	CL:0000129	geoatlas:DATASET:SEA-AD	G8_direction_unresolved	detectable severity response, no usable MR instrument — sign unknown, so agonise-vs-antagonise is undecidable	0.1871156262168713				MISSING	unverified
geoatlas:g00053	geoatlas:GENE:MROCKI	geoatlas:evidence_missing_for	geoatlas:GAP:G8_direction_unresolved	geoatlas:KnowledgeGapAssociation	infores:geoatlas	logical_entailment	data_analysis_pipeline	UBERON:0002771	CL:0000129	geoatlas:DATASET:SEA-AD	G8_direction_unresolved	detectable severity response, no usable MR instrument — sign unknown, so agonise-vs-antagonise is undecidable	0.12336741828742336				MISSING	unverified
geoatlas:g00054	ENSEMBL:ENSG00000228789	geoatlas:evidence_missing_for	geoatlas:GAP:G8_direction_unresolved	geoatlas:KnowledgeGapAssociation	infores:geoatlas	logical_entailment	data_analysis_pipeline	UBERON:0002771	CL:0000129	geoatlas:DATASET:SEA-AD	G8_direction_unresolved	detectable severity response, no usable MR instrument — sign unknown, so agonise-vs-antagonise is undecidable	0.3019823256249621				MISSING	unverified
geoatlas:g00055	ENSEMBL:ENSG00000104998	geoatlas:evidence_missing_for	geoatlas:GAP:G8_direction_unresolved	geoatlas:KnowledgeGapAssociation	infores:geoatlas	logical_entailment	data_analysis_pipeline	UBERON:0002771	CL:0000129	geoatlas:DATASET:SEA-AD	G8_direction_unresolved	detectable severity response, no usable MR instrument — sign unknown, so agonise-vs-antagonise is undecidable	0.15762325912685277				MISSING	unverified
geoatlas:g00056	ENSEMBL:ENSG00000089327	geoatlas:evidence_missing_for	geoatlas:GAP:G8_direction_unresolved	geoatlas:KnowledgeGapAssociation	infores:geoatlas	logical_entailment	data_analysis_pipeline	UBERON:0002771	CL:0000129	geoatlas:DATASET:SEA-AD	G8_direction_unresolved	detectable severity response, no usable MR instrument — sign unknown, so agonise-vs-antagonise is undecidable	0.10507576273966729				MISSING	unverified
geoatlas:g00057	ENSEMBL:ENSG00000237248	geoatlas:evidence_missing_for	geoatlas:GAP:G8_direction_unresolved	geoatlas:KnowledgeGapAssociation	infores:geoatlas	logical_entailment	data_analysis_pipeline	UBERON:0002771	CL:0000129	geoatlas:DATASET:SEA-AD	G8_direction_unresolved	detectable severity response, no usable MR instrument — sign unknown, so agonise-vs-antagonise is undecidable	0.1842784060384214				MISSING	unverified
geoatlas:g00058	ENSEMBL:ENSG00000133121	geoatlas:evidence_missing_for	geoatlas:GAP:G8_direction_unresolved	geoatlas:KnowledgeGapAssociation	infores:geoatlas	logical_entailment	data_analysis_pipeline	UBERON:0002771	CL:0000129	geoatlas:DATASET:SEA-AD	G8_direction_unresolved	detectable severity response, no usable MR instrument — sign unknown, so agonise-vs-antagonise is undecidable	0.08539464705167915				MISSING	unverified
geoatlas:g00059	ENSEMBL:ENSG00000276070	geoatlas:evidence_missing_for	geoatlas:GAP:G8_direction_unresolved	geoatlas:KnowledgeGapAssociation	infores:geoatlas	logical_entailment	data_analysis_pipeline	UBERON:0002771	CL:0000129	geoatlas:DATASET:SEA-AD	G8_direction_unresolved	detectable severity response, no usable MR instrument — sign unknown, so agonise-vs-antagonise is undecidable	0.33192185325998386				MISSING	unverified
geoatlas:g00060	ENSEMBL:ENSG00000073146	geoatlas:evidence_missing_for	geoatlas:GAP:G8_direction_unresolved	geoatlas:KnowledgeGapAssociation	infores:geoatlas	logical_entailment	data_analysis_pipeline	UBERON:0002771	CL:0000129	geoatlas:DATASET:SEA-AD	G8_direction_unresolved	detectable severity response, no usable MR instrument — sign unknown, so agonise-vs-antagonise is undecidable	0.21524774387614556				MISSING	unverified
geoatlas:g00061	ENSEMBL:ENSG00000256894	geoatlas:evidence_missing_for	geoatlas:GAP:G8_direction_unresolved	geoatlas:KnowledgeGapAssociation	infores:geoatlas	logical_entailment	data_analysis_pipeline	UBERON:0002771	CL:0000129	geoatlas:DATASET:SEA-AD	G8_direction_unresolved	detectable severity response, no usable MR instrument — sign unknown, so agonise-vs-antagonise is undecidable	0.1996125494925607				MISSING	unverified
geoatlas:g00062	ENSEMBL:ENSG00000167600	geoatlas:evidence_missing_for	geoatlas:GAP:G8_direction_unresolved	geoatlas:KnowledgeGapAssociation	infores:geoatlas	logical_entailment	data_analysis_pipeline	UBERON:0002771	CL:0000129	geoatlas:DATASET:SEA-AD	G8_direction_unresolved	detectable severity response, no usable MR instrument — sign unknown, so agonise-vs-antagonise is undecidable	0.14647568057052557				MISSING	unverified
geoatlas:g00063	ENSEMBL:ENSG00000259756	geoatlas:evidence_missing_for	geoatlas:GAP:G8_direction_unresolved	geoatlas:KnowledgeGapAssociation	infores:geoatlas	logical_entailment	data_analysis_pipeline	UBERON:0002771	CL:0000129	geoatlas:DATASET:SEA-AD	G8_direction_unresolved	detectable severity response, no usable MR instrument — sign unknown, so agonise-vs-antagonise is undecidable	0.2123558402111182				MISSING	unverified
geoatlas:g00064	ENSEMBL:ENSG00000198727	geoatlas:evidence_missing_for	geoatlas:GAP:G8_direction_unresolved	geoatlas:KnowledgeGapAssociation	infores:geoatlas	logical_entailment	data_analysis_pipeline	UBERON:0002771	CL:0000129	geoatlas:DATASET:SEA-AD	G8_direction_unresolved	detectable severity response, no usable MR instrument — sign unknown, so agonise-vs-antagonise is undecidable	0.17128134011723828				MISSING	unverified
geoatlas:g00065	ENSEMBL:ENSG00000138135	geoatlas:evidence_missing_for	geoatlas:GAP:G8_direction_unresolved	geoatlas:KnowledgeGapAssociation	infores:geoatlas	logical_entailment	data_analysis_pipeline	UBERON:0002771	CL:0000129	geoatlas:DATASET:SEA-AD	G8_direction_unresolved	detectable severity response, no usable MR instrument — sign unknown, so agonise-vs-antagonise is undecidable	0.2907180103673619				MISSING	unverified
geoatlas:g00066	ENSEMBL:ENSG00000172824	geoatlas:evidence_missing_for	geoatlas:GAP:G8_direction_unresolved	geoatlas:KnowledgeGapAssociation	infores:geoatlas	logical_entailment	data_analysis_pipeline	UBERON:0002771	CL:0000129	geoatlas:DATASET:SEA-AD	G8_direction_unresolved	detectable severity response, no usable MR instrument — sign unknown, so agonise-vs-antagonise is undecidable	0.12173382369132899				MISSING	unverified
geoatlas:g00067	ENSEMBL:ENSG00000141858	geoatlas:evidence_missing_for	geoatlas:GAP:G8_direction_unresolved	geoatlas:KnowledgeGapAssociation	infores:geoatlas	logical_entailment	data_analysis_pipeline	UBERON:0002771	CL:0000129	geoatlas:DATASET:SEA-AD	G8_direction_unresolved	detectable severity response, no usable MR instrument — sign unknown, so agonise-vs-antagonise is undecidable	0.11182858578578889				MISSING	unverified
geoatlas:g00068	ENSEMBL:ENSG00000136048	geoatlas:evidence_missing_for	geoatlas:GAP:G8_direction_unresolved	geoatlas:KnowledgeGapAssociation	infores:geoatlas	logical_entailment	data_analysis_pipeline	UBERON:0002771	CL:0000129	geoatlas:DATASET:SEA-AD	G8_direction_unresolved	detectable severity response, no usable MR instrument — sign unknown, so agonise-vs-antagonise is undecidable	0.15988446039167822				MISSING	unverified
geoatlas:g00069	geoatlas:GENE:NUDT16-DT	geoatlas:evidence_missing_for	geoatlas:GAP:G8_direction_unresolved	geoatlas:KnowledgeGapAssociation	infores:geoatlas	logical_entailment	data_analysis_pipeline	UBERON:0002771	CL:0000129	geoatlas:DATASET:SEA-AD	G8_direction_unresolved	detectable severity response, no usable MR instrument — sign unknown, so agonise-vs-antagonise is undecidable	0.08354817963634607				MISSING	unverified
geoatlas:g00070	ENSEMBL:ENSG00000116903	geoatlas:evidence_missing_for	geoatlas:GAP:G8_direction_unresolved	geoatlas:KnowledgeGapAssociation	infores:geoatlas	logical_entailment	data_analysis_pipeline	UBERON:0002771	CL:0000129	geoatlas:DATASET:SEA-AD	G8_direction_unresolved	detectable severity response, no usable MR instrument — sign unknown, so agonise-vs-antagonise is undecidable	0.09277506019887592				MISSING	unverified
geoatlas:g00071	ENSEMBL:ENSG00000114861	geoatlas:evidence_missing_for	geoatlas:GAP:G8_direction_unresolved	geoatlas:KnowledgeGapAssociation	infores:geoatlas	logical_entailment	data_analysis_pipeline	UBERON:0002771	CL:0000129	geoatlas:DATASET:SEA-AD	G8_direction_unresolved	detectable severity response, no usable MR instrument — sign unknown, so agonise-vs-antagonise is undecidable	0.07270388659416817				MISSING	unverified
geoatlas:g00072	ENSEMBL:ENSG00000197635	geoatlas:evidence_missing_for	geoatlas:GAP:G8_direction_unresolved	geoatlas:KnowledgeGapAssociation	infores:geoatlas	logical_entailment	data_analysis_pipeline	UBERON:0002771	CL:0000129	geoatlas:DATASET:SEA-AD	G8_direction_unresolved	detectable severity response, no usable MR instrument — sign unknown, so agonise-vs-antagonise is undecidable	0.20387956179980746				MISSING	unverified
geoatlas:g00073	ENSEMBL:ENSG00000152767	geoatlas:evidence_missing_for	geoatlas:GAP:G8_direction_unresolved	geoatlas:KnowledgeGapAssociation	infores:geoatlas	logical_entailment	data_analysis_pipeline	UBERON:0002771	CL:0000129	geoatlas:DATASET:SEA-AD	G8_direction_unresolved	detectable severity response, no usable MR instrument — sign unknown, so agonise-vs-antagonise is undecidable	0.07075914905673603				MISSING	unverified
geoatlas:g00074	ENSEMBL:ENSG00000147647	geoatlas:evidence_missing_for	geoatlas:GAP:G8_direction_unresolved	geoatlas:KnowledgeGapAssociation	infores:geoatlas	logical_entailment	data_analysis_pipeline	UBERON:0002771	CL:0000129	geoatlas:DATASET:SEA-AD	G8_direction_unresolved	detectable severity response, no usable MR instrument — sign unknown, so agonise-vs-antagonise is undecidable	0.23483034072614734				MISSING	unverified
geoatlas:g00075	ENSEMBL:ENSG00000064687	geoatlas:evidence_missing_for	geoatlas:GAP:G8_direction_unresolved	geoatlas:KnowledgeGapAssociation	infores:geoatlas	logical_entailment	data_analysis_pipeline	UBERON:0002771	CL:0000129	geoatlas:DATASET:SEA-AD	G8_direction_unresolved	detectable severity response, no usable MR instrument — sign unknown, so agonise-vs-antagonise is undecidable	0.15078144746979147				MISSING	unverified
geoatlas:g00076	ENSEMBL:ENSG00000049246	geoatlas:evidence_missing_for	geoatlas:GAP:G8_direction_unresolved	geoatlas:KnowledgeGapAssociation	infores:geoatlas	logical_entailment	data_analysis_pipeline	UBERON:0002771	CL:0000129	geoatlas:DATASET:SEA-AD	G8_direction_unresolved	detectable severity response, no usable MR instrument — sign unknown, so agonise-vs-antagonise is undecidable	0.13929910303893397				MISSING	unverified
geoatlas:g00077	ENSEMBL:ENSG00000127329	geoatlas:evidence_missing_for	geoatlas:GAP:G8_direction_unresolved	geoatlas:KnowledgeGapAssociation	infores:geoatlas	logical_entailment	data_analysis_pipeline	UBERON:0002771	CL:0000129	geoatlas:DATASET:SEA-AD	G8_direction_unresolved	detectable severity response, no usable MR instrument — sign unknown, so agonise-vs-antagonise is undecidable	0.14422385378974356				MISSING	unverified
geoatlas:g00078	ENSEMBL:ENSG00000217555	geoatlas:evidence_missing_for	geoatlas:GAP:G8_direction_unresolved	geoatlas:KnowledgeGapAssociation	infores:geoatlas	logical_entailment	data_analysis_pipeline	UBERON:0002771	CL:0000129	geoatlas:DATASET:SEA-AD	G8_direction_unresolved	detectable severity response, no usable MR instrument — sign unknown, so agonise-vs-antagonise is undecidable	0.06211411466341315				MISSING	unverified
geoatlas:g00079	ENSEMBL:ENSG00000133055	geoatlas:evidence_missing_for	geoatlas:GAP:G8_direction_unresolved	geoatlas:KnowledgeGapAssociation	infores:geoatlas	logical_entailment	data_analysis_pipeline	UBERON:0002771	CL:0000129	geoatlas:DATASET:SEA-AD	G8_direction_unresolved	detectable severity response, no usable MR instrument — sign unknown, so agonise-vs-antagonise is undecidable	0.43793977636388515				MISSING	unverified
geoatlas:g00080	ENSEMBL:ENSG00000174718	geoatlas:evidence_missing_for	geoatlas:GAP:G8_direction_unresolved	geoatlas:KnowledgeGapAssociation	infores:geoatlas	logical_entailment	data_analysis_pipeline	UBERON:0002771	CL:0000129	geoatlas:DATASET:SEA-AD	G8_direction_unresolved	detectable severity response, no usable MR instrument — sign unknown, so agonise-vs-antagonise is undecidable	0.0739831744812147				MISSING	unverified
geoatlas:g00081	ENSEMBL:ENSG00000163110	geoatlas:evidence_missing_for	geoatlas:GAP:G8_direction_unresolved	geoatlas:KnowledgeGapAssociation	infores:geoatlas	logical_entailment	data_analysis_pipeline	UBERON:0002771	CL:0000129	geoatlas:DATASET:SEA-AD	G8_direction_unresolved	detectable severity response, no usable MR instrument — sign unknown, so agonise-vs-antagonise is undecidable	0.05641711123702773				MISSING	unverified
geoatlas:g00082	ENSEMBL:ENSG00000235750	geoatlas:evidence_missing_for	geoatlas:GAP:G8_direction_unresolved	geoatlas:KnowledgeGapAssociation	infores:geoatlas	logical_entailment	data_analysis_pipeline	UBERON:0002771	CL:0000129	geoatlas:DATASET:SEA-AD	G8_direction_unresolved	detectable severity response, no usable MR instrument — sign unknown, so agonise-vs-antagonise is undecidable	0.13127021320561788				MISSING	unverified
geoatlas:g00083	ENSEMBL:ENSG00000188290	geoatlas:evidence_missing_for	geoatlas:GAP:G8_direction_unresolved	geoatlas:KnowledgeGapAssociation	infores:geoatlas	logical_entailment	data_analysis_pipeline	UBERON:0002771	CL:0000129	geoatlas:DATASET:SEA-AD	G8_direction_unresolved	detectable severity response, no usable MR instrument — sign unknown, so agonise-vs-antagonise is undecidable	0.19803930687194587				MISSING	unverified
geoatlas:g00084	ENSEMBL:ENSG00000240963	geoatlas:evidence_missing_for	geoatlas:GAP:G8_direction_unresolved	geoatlas:KnowledgeGapAssociation	infores:geoatlas	logical_entailment	data_analysis_pipeline	UBERON:0002771	CL:0000129	geoatlas:DATASET:SEA-AD	G8_direction_unresolved	detectable severity response, no usable MR instrument — sign unknown, so agonise-vs-antagonise is undecidable	0.11788640481519222				MISSING	unverified
geoatlas:g00085	ENSEMBL:ENSG00000083312	geoatlas:evidence_missing_for	geoatlas:GAP:G8_direction_unresolved	geoatlas:KnowledgeGapAssociation	infores:geoatlas	logical_entailment	data_analysis_pipeline	UBERON:0002771	CL:0000129	geoatlas:DATASET:SEA-AD	G8_direction_unresolved	detectable severity response, no usable MR instrument — sign unknown, so agonise-vs-antagonise is undecidable	0.0476974306471574				MISSING	unverified
geoatlas:g00086	ENSEMBL:ENSG00000205056	geoatlas:evidence_missing_for	geoatlas:GAP:G8_direction_unresolved	geoatlas:KnowledgeGapAssociation	infores:geoatlas	logical_entailment	data_analysis_pipeline	UBERON:0002771	CL:0000129	geoatlas:DATASET:SEA-AD	G8_direction_unresolved	detectable severity response, no usable MR instrument — sign unknown, so agonise-vs-antagonise is undecidable	0.2977195025365487				MISSING	unverified
geoatlas:g00087	ENSEMBL:ENSG00000242094	geoatlas:evidence_missing_for	geoatlas:GAP:G8_direction_unresolved	geoatlas:KnowledgeGapAssociation	infores:geoatlas	logical_entailment	data_analysis_pipeline	UBERON:0002771	CL:0000129	geoatlas:DATASET:SEA-AD	G8_direction_unresolved	detectable severity response, no usable MR instrument — sign unknown, so agonise-vs-antagonise is undecidable	0.1449566935765611				MISSING	unverified
geoatlas:g00088	ENSEMBL:ENSG00000235880	geoatlas:evidence_missing_for	geoatlas:GAP:G8_direction_unresolved	geoatlas:KnowledgeGapAssociation	infores:geoatlas	logical_entailment	data_analysis_pipeline	UBERON:0002771	CL:0000129	geoatlas:DATASET:SEA-AD	G8_direction_unresolved	detectable severity response, no usable MR instrument — sign unknown, so agonise-vs-antagonise is undecidable	0.20981847588140604				MISSING	unverified
geoatlas:g00089	ENSEMBL:ENSG00000135678	geoatlas:evidence_missing_for	geoatlas:GAP:G8_direction_unresolved	geoatlas:KnowledgeGapAssociation	infores:geoatlas	logical_entailment	data_analysis_pipeline	UBERON:0002771	CL:0000129	geoatlas:DATASET:SEA-AD	G8_direction_unresolved	detectable severity response, no usable MR instrument — sign unknown, so agonise-vs-antagonise is undecidable	0.10828648601667763				MISSING	unverified
geoatlas:g00090	ENSEMBL:ENSG00000171132	geoatlas:evidence_missing_for	geoatlas:GAP:G8_direction_unresolved	geoatlas:KnowledgeGapAssociation	infores:geoatlas	logical_entailment	data_analysis_pipeline	UBERON:0002771	CL:0000129	geoatlas:DATASET:SEA-AD	G8_direction_unresolved	detectable severity response, no usable MR instrument — sign unknown, so agonise-vs-antagonise is undecidable	0.0680375940928432				MISSING	unverified
geoatlas:g00091	ENSEMBL:ENSG00000287950	geoatlas:evidence_missing_for	geoatlas:GAP:G8_direction_unresolved	geoatlas:KnowledgeGapAssociation	infores:geoatlas	logical_entailment	data_analysis_pipeline	UBERON:0002771	CL:0000129	geoatlas:DATASET:SEA-AD	G8_direction_unresolved	detectable severity response, no usable MR instrument — sign unknown, so agonise-vs-antagonise is undecidable	0.3043826384286548				MISSING	unverified
geoatlas:g00092	ENSEMBL:ENSG00000128829	geoatlas:evidence_missing_for	geoatlas:GAP:G8_direction_unresolved	geoatlas:KnowledgeGapAssociation	infores:geoatlas	logical_entailment	data_analysis_pipeline	UBERON:0002771	CL:0000129	geoatlas:DATASET:SEA-AD	G8_direction_unresolved	detectable severity response, no usable MR instrument — sign unknown, so agonise-vs-antagonise is undecidable	0.042384843467971355				MISSING	unverified
geoatlas:g00093	ENSEMBL:ENSG00000133048	geoatlas:evidence_missing_for	geoatlas:GAP:G8_direction_unresolved	geoatlas:KnowledgeGapAssociation	infores:geoatlas	logical_entailment	data_analysis_pipeline	UBERON:0002771	CL:0000129	geoatlas:DATASET:SEA-AD	G8_direction_unresolved	detectable severity response, no usable MR instrument — sign unknown, so agonise-vs-antagonise is undecidable	0.4066325436756462				MISSING	unverified
geoatlas:g00094	ENSEMBL:ENSG00000198938	geoatlas:evidence_missing_for	geoatlas:GAP:G8_direction_unresolved	geoatlas:KnowledgeGapAssociation	infores:geoatlas	logical_entailment	data_analysis_pipeline	UBERON:0002771	CL:0000129	geoatlas:DATASET:SEA-AD	G8_direction_unresolved	detectable severity response, no usable MR instrument — sign unknown, so agonise-vs-antagonise is undecidable	0.15009170612236372				MISSING	unverified
geoatlas:g00095	ENSEMBL:ENSG00000172037	geoatlas:evidence_missing_for	geoatlas:GAP:G8_direction_unresolved	geoatlas:KnowledgeGapAssociation	infores:geoatlas	logical_entailment	data_analysis_pipeline	UBERON:0002771	CL:0000129	geoatlas:DATASET:SEA-AD	G8_direction_unresolved	detectable severity response, no usable MR instrument — sign unknown, so agonise-vs-antagonise is undecidable	0.1615964280075935				MISSING	unverified
geoatlas:g00096	ENSEMBL:ENSG00000137648	geoatlas:evidence_missing_for	geoatlas:GAP:G8_direction_unresolved	geoatlas:KnowledgeGapAssociation	infores:geoatlas	logical_entailment	data_analysis_pipeline	UBERON:0002771	CL:0000129	geoatlas:DATASET:SEA-AD	G8_direction_unresolved	detectable severity response, no usable MR instrument — sign unknown, so agonise-vs-antagonise is undecidable	0.2716970724124702				MISSING	unverified
geoatlas:g00097	ENSEMBL:ENSG00000073849	geoatlas:evidence_missing_for	geoatlas:GAP:G8_direction_unresolved	geoatlas:KnowledgeGapAssociation	infores:geoatlas	logical_entailment	data_analysis_pipeline	UBERON:0002771	CL:0000129	geoatlas:DATASET:SEA-AD	G8_direction_unresolved	detectable severity response, no usable MR instrument — sign unknown, so agonise-vs-antagonise is undecidable	0.03512688645349712				MISSING	unverified
geoatlas:g00098	ENSEMBL:ENSG00000143507	geoatlas:evidence_missing_for	geoatlas:GAP:G8_direction_unresolved	geoatlas:KnowledgeGapAssociation	infores:geoatlas	logical_entailment	data_analysis_pipeline	UBERON:0002771	CL:0000129	geoatlas:DATASET:SEA-AD	G8_direction_unresolved	detectable severity response, no usable MR instrument — sign unknown, so agonise-vs-antagonise is undecidable	0.1385219846356508				MISSING	unverified
geoatlas:g00099	ENSEMBL:ENSG00000106299	geoatlas:evidence_missing_for	geoatlas:GAP:G8_direction_unresolved	geoatlas:KnowledgeGapAssociation	infores:geoatlas	logical_entailment	data_analysis_pipeline	UBERON:0002771	CL:0000129	geoatlas:DATASET:SEA-AD	G8_direction_unresolved	detectable severity response, no usable MR instrument — sign unknown, so agonise-vs-antagonise is undecidable	0.047178738968123836				MISSING	unverified
geoatlas:g00100	ENSEMBL:ENSG00000105887	geoatlas:evidence_missing_for	geoatlas:GAP:G8_direction_unresolved	geoatlas:KnowledgeGapAssociation	infores:geoatlas	logical_entailment	data_analysis_pipeline	UBERON:0002771	CL:0000129	geoatlas:DATASET:SEA-AD	G8_direction_unresolved	detectable severity response, no usable MR instrument — sign unknown, so agonise-vs-antagonise is undecidable	0.05172041687643682				MISSING	unverified
geoatlas:g00101	ENSEMBL:ENSG00000181631	geoatlas:evidence_missing_for	geoatlas:GAP:G8_direction_unresolved	geoatlas:KnowledgeGapAssociation	infores:geoatlas	logical_entailment	data_analysis_pipeline	UBERON:0002771	CL:0000129	geoatlas:DATASET:SEA-AD	G8_direction_unresolved	detectable severity response, no usable MR instrument — sign unknown, so agonise-vs-antagonise is undecidable	0.14000855613999225				MISSING	unverified
geoatlas:g00102	ENSEMBL:ENSG00000121101	geoatlas:evidence_missing_for	geoatlas:GAP:G8_direction_unresolved	geoatlas:KnowledgeGapAssociation	infores:geoatlas	logical_entailment	data_analysis_pipeline	UBERON:0002771	CL:0000129	geoatlas:DATASET:SEA-AD	G8_direction_unresolved	detectable severity response, no usable MR instrument — sign unknown, so agonise-vs-antagonise is undecidable	0.25078662582154737				MISSING	unverified
geoatlas:g00103	ENSEMBL:ENSG00000277632	geoatlas:evidence_missing_for	geoatlas:GAP:G8_direction_unresolved	geoatlas:KnowledgeGapAssociation	infores:geoatlas	logical_entailment	data_analysis_pipeline	UBERON:0002771	CL:0000129	geoatlas:DATASET:SEA-AD	G8_direction_unresolved	detectable severity response, no usable MR instrument — sign unknown, so agonise-vs-antagonise is undecidable	0.3584955604896903				MISSING	unverified
geoatlas:g00104	ENSEMBL:ENSG00000213853	geoatlas:evidence_missing_for	geoatlas:GAP:G8_direction_unresolved	geoatlas:KnowledgeGapAssociation	infores:geoatlas	logical_entailment	data_analysis_pipeline	UBERON:0002771	CL:0000129	geoatlas:DATASET:SEA-AD	G8_direction_unresolved	detectable severity response, no usable MR instrument — sign unknown, so agonise-vs-antagonise is undecidable	0.20544254611546517				MISSING	unverified
geoatlas:g00105	ENSEMBL:ENSG00000134769	geoatlas:evidence_missing_for	geoatlas:GAP:G8_direction_unresolved	geoatlas:KnowledgeGapAssociation	infores:geoatlas	logical_entailment	data_analysis_pipeline	UBERON:0002771	CL:0000129	geoatlas:DATASET:SEA-AD	G8_direction_unresolved	detectable severity response, no usable MR instrument — sign unknown, so agonise-vs-antagonise is undecidable	0.0572509125315719				MISSING	unverified
geoatlas:g00106	ENSEMBL:ENSG00000116151	geoatlas:evidence_missing_for	geoatlas:GAP:G8_direction_unresolved	geoatlas:KnowledgeGapAssociation	infores:geoatlas	logical_entailment	data_analysis_pipeline	UBERON:0002771	CL:0000129	geoatlas:DATASET:SEA-AD	G8_direction_unresolved	detectable severity response, no usable MR instrument — sign unknown, so agonise-vs-antagonise is undecidable	0.13589351793165833				MISSING	unverified
geoatlas:g00107	ENSEMBL:ENSG00000265907	geoatlas:evidence_missing_for	geoatlas:GAP:G8_direction_unresolved	geoatlas:KnowledgeGapAssociation	infores:geoatlas	logical_entailment	data_analysis_pipeline	UBERON:0002771	CL:0000129	geoatlas:DATASET:SEA-AD	G8_direction_unresolved	detectable severity response, no usable MR instrument — sign unknown, so agonise-vs-antagonise is undecidable	0.19206800437962393				MISSING	unverified
geoatlas:g00108	ENSEMBL:ENSG00000166295	geoatlas:evidence_missing_for	geoatlas:GAP:G8_direction_unresolved	geoatlas:KnowledgeGapAssociation	infores:geoatlas	logical_entailment	data_analysis_pipeline	UBERON:0002771	CL:0000129	geoatlas:DATASET:SEA-AD	G8_direction_unresolved	detectable severity response, no usable MR instrument — sign unknown, so agonise-vs-antagonise is undecidable	0.07690404007274851				MISSING	unverified
geoatlas:g00109	ENSEMBL:ENSG00000105323	geoatlas:evidence_missing_for	geoatlas:GAP:G8_direction_unresolved	geoatlas:KnowledgeGapAssociation	infores:geoatlas	logical_entailment	data_analysis_pipeline	UBERON:0002771	CL:0000129	geoatlas:DATASET:SEA-AD	G8_direction_unresolved	detectable severity response, no usable MR instrument — sign unknown, so agonise-vs-antagonise is undecidable	0.05205446084307646				MISSING	unverified
geoatlas:g00110	ENSEMBL:ENSG00000287749	geoatlas:evidence_missing_for	geoatlas:GAP:G8_direction_unresolved	geoatlas:KnowledgeGapAssociation	infores:geoatlas	logical_entailment	data_analysis_pipeline	UBERON:0002771	CL:0000129	geoatlas:DATASET:SEA-AD	G8_direction_unresolved	detectable severity response, no usable MR instrument — sign unknown, so agonise-vs-antagonise is undecidable	0.2020029003313467				MISSING	unverified
geoatlas:g00111	ENSEMBL:ENSG00000104368	geoatlas:evidence_missing_for	geoatlas:GAP:G8_direction_unresolved	geoatlas:KnowledgeGapAssociation	infores:geoatlas	logical_entailment	data_analysis_pipeline	UBERON:0002771	CL:0000129	geoatlas:DATASET:SEA-AD	G8_direction_unresolved	detectable severity response, no usable MR instrument — sign unknown, so agonise-vs-antagonise is undecidable	0.23522103317350235				MISSING	unverified
geoatlas:g00112	ENSEMBL:ENSG00000122585	geoatlas:evidence_missing_for	geoatlas:GAP:G8_direction_unresolved	geoatlas:KnowledgeGapAssociation	infores:geoatlas	logical_entailment	data_analysis_pipeline	UBERON:0002771	CL:0000129	geoatlas:DATASET:SEA-AD	G8_direction_unresolved	detectable severity response, no usable MR instrument — sign unknown, so agonise-vs-antagonise is undecidable	0.2440129522411524				MISSING	unverified
geoatlas:g00113	ENSEMBL:ENSG00000169896	geoatlas:evidence_missing_for	geoatlas:GAP:G8_direction_unresolved	geoatlas:KnowledgeGapAssociation	infores:geoatlas	logical_entailment	data_analysis_pipeline	UBERON:0002771	CL:0000129	geoatlas:DATASET:SEA-AD	G8_direction_unresolved	detectable severity response, no usable MR instrument — sign unknown, so agonise-vs-antagonise is undecidable	0.060987099116449124				MISSING	unverified
geoatlas:g00114	ENSEMBL:ENSG00000255240	geoatlas:evidence_missing_for	geoatlas:GAP:G8_direction_unresolved	geoatlas:KnowledgeGapAssociation	infores:geoatlas	logical_entailment	data_analysis_pipeline	UBERON:0002771	CL:0000129	geoatlas:DATASET:SEA-AD	G8_direction_unresolved	detectable severity response, no usable MR instrument — sign unknown, so agonise-vs-antagonise is undecidable	0.25471255197067316				MISSING	unverified
geoatlas:g00115	ENSEMBL:ENSG00000267374	geoatlas:evidence_missing_for	geoatlas:GAP:G8_direction_unresolved	geoatlas:KnowledgeGapAssociation	infores:geoatlas	logical_entailment	data_analysis_pipeline	UBERON:0002771	CL:0000129	geoatlas:DATASET:SEA-AD	G8_direction_unresolved	detectable severity response, no usable MR instrument — sign unknown, so agonise-vs-antagonise is undecidable	0.20184306715281064				MISSING	unverified
geoatlas:g00116	ENSEMBL:ENSG00000136560	geoatlas:evidence_missing_for	geoatlas:GAP:G8_direction_unresolved	geoatlas:KnowledgeGapAssociation	infores:geoatlas	logical_entailment	data_analysis_pipeline	UBERON:0002771	CL:0000129	geoatlas:DATASET:SEA-AD	G8_direction_unresolved	detectable severity response, no usable MR instrument — sign unknown, so agonise-vs-antagonise is undecidable	0.04629138764615191				MISSING	unverified
geoatlas:g00117	ENSEMBL:ENSG00000018189	geoatlas:evidence_missing_for	geoatlas:GAP:G8_direction_unresolved	geoatlas:KnowledgeGapAssociation	infores:geoatlas	logical_entailment	data_analysis_pipeline	UBERON:0002771	CL:0000129	geoatlas:DATASET:SEA-AD	G8_direction_unresolved	detectable severity response, no usable MR instrument — sign unknown, so agonise-vs-antagonise is undecidable	0.04209716911804048				MISSING	unverified
geoatlas:g00118	ENSEMBL:ENSG00000276216	geoatlas:evidence_missing_for	geoatlas:GAP:G8_direction_unresolved	geoatlas:KnowledgeGapAssociation	infores:geoatlas	logical_entailment	data_analysis_pipeline	UBERON:0002771	CL:0000129	geoatlas:DATASET:SEA-AD	G8_direction_unresolved	detectable severity response, no usable MR instrument — sign unknown, so agonise-vs-antagonise is undecidable	0.3447678096865235				MISSING	unverified
geoatlas:g00119	ENSEMBL:ENSG00000180233	geoatlas:evidence_missing_for	geoatlas:GAP:G8_direction_unresolved	geoatlas:KnowledgeGapAssociation	infores:geoatlas	logical_entailment	data_analysis_pipeline	UBERON:0002771	CL:0000129	geoatlas:DATASET:SEA-AD	G8_direction_unresolved	detectable severity response, no usable MR instrument — sign unknown, so agonise-vs-antagonise is undecidable	0.054874193983827764				MISSING	unverified
geoatlas:g00120	ENSEMBL:ENSG00000287979	geoatlas:evidence_missing_for	geoatlas:GAP:G8_direction_unresolved	geoatlas:KnowledgeGapAssociation	infores:geoatlas	logical_entailment	data_analysis_pipeline	UBERON:0002771	CL:0000129	geoatlas:DATASET:SEA-AD	G8_direction_unresolved	detectable severity response, no usable MR instrument — sign unknown, so agonise-vs-antagonise is undecidable	0.28433160105037997				MISSING	unverified
geoatlas:g00121	ENSEMBL:ENSG00000197912	geoatlas:evidence_missing_for	geoatlas:GAP:G8_direction_unresolved	geoatlas:KnowledgeGapAssociation	infores:geoatlas	logical_entailment	data_analysis_pipeline	UBERON:0002771	CL:0000129	geoatlas:DATASET:SEA-AD	G8_direction_unresolved	detectable severity response, no usable MR instrument — sign unknown, so agonise-vs-antagonise is undecidable	0.05583387542824591				MISSING	unverified
geoatlas:g00122	ENSEMBL:ENSG00000171914	geoatlas:evidence_missing_for	geoatlas:GAP:G8_direction_unresolved	geoatlas:KnowledgeGapAssociation	infores:geoatlas	logical_entailment	data_analysis_pipeline	UBERON:0002771	CL:0000129	geoatlas:DATASET:SEA-AD	G8_direction_unresolved	detectable severity response, no usable MR instrument — sign unknown, so agonise-vs-antagonise is undecidable	0.06842079775398197				MISSING	unverified
geoatlas:g00123	ENSEMBL:ENSG00000135823	geoatlas:evidence_missing_for	geoatlas:GAP:G8_direction_unresolved	geoatlas:KnowledgeGapAssociation	infores:geoatlas	logical_entailment	data_analysis_pipeline	UBERON:0002771	CL:0000129	geoatlas:DATASET:SEA-AD	G8_direction_unresolved	detectable severity response, no usable MR instrument — sign unknown, so agonise-vs-antagonise is undecidable	0.06276653221830304				MISSING	unverified
geoatlas:g00124	ENSEMBL:ENSG00000170017	geoatlas:evidence_missing_for	geoatlas:GAP:G8_direction_unresolved	geoatlas:KnowledgeGapAssociation	infores:geoatlas	logical_entailment	data_analysis_pipeline	UBERON:0002771	CL:0000129	geoatlas:DATASET:SEA-AD	G8_direction_unresolved	detectable severity response, no usable MR instrument — sign unknown, so agonise-vs-antagonise is undecidable	0.06468028739449713				MISSING	unverified
geoatlas:g00125	ENSEMBL:ENSG00000225963	geoatlas:evidence_missing_for	geoatlas:GAP:G8_direction_unresolved	geoatlas:KnowledgeGapAssociation	infores:geoatlas	logical_entailment	data_analysis_pipeline	UBERON:0002771	CL:0000129	geoatlas:DATASET:SEA-AD	G8_direction_unresolved	detectable severity response, no usable MR instrument — sign unknown, so agonise-vs-antagonise is undecidable	0.10626278269485076				MISSING	unverified
geoatlas:g00126	ENSEMBL:ENSG00000101460	geoatlas:evidence_missing_for	geoatlas:GAP:G8_direction_unresolved	geoatlas:KnowledgeGapAssociation	infores:geoatlas	logical_entailment	data_analysis_pipeline	UBERON:0002771	CL:0000129	geoatlas:DATASET:SEA-AD	G8_direction_unresolved	detectable severity response, no usable MR instrument — sign unknown, so agonise-vs-antagonise is undecidable	0.15016855802932513				MISSING	unverified
geoatlas:g00127	ENSEMBL:ENSG00000165943	geoatlas:evidence_missing_for	geoatlas:GAP:G8_direction_unresolved	geoatlas:KnowledgeGapAssociation	infores:geoatlas	logical_entailment	data_analysis_pipeline	UBERON:0002771	CL:0000129	geoatlas:DATASET:SEA-AD	G8_direction_unresolved	detectable severity response, no usable MR instrument — sign unknown, so agonise-vs-antagonise is undecidable	0.1356700712038863				MISSING	unverified
geoatlas:g00128	geoatlas:GENE:RENO1	geoatlas:evidence_missing_for	geoatlas:GAP:G8_direction_unresolved	geoatlas:KnowledgeGapAssociation	infores:geoatlas	logical_entailment	data_analysis_pipeline	UBERON:0002771	CL:0000129	geoatlas:DATASET:SEA-AD	G8_direction_unresolved	detectable severity response, no usable MR instrument — sign unknown, so agonise-vs-antagonise is undecidable	0.20554501808221703				MISSING	unverified
geoatlas:g00129	ENSEMBL:ENSG00000286226	geoatlas:evidence_missing_for	geoatlas:GAP:G8_direction_unresolved	geoatlas:KnowledgeGapAssociation	infores:geoatlas	logical_entailment	data_analysis_pipeline	UBERON:0002771	CL:0000129	geoatlas:DATASET:SEA-AD	G8_direction_unresolved	detectable severity response, no usable MR instrument — sign unknown, so agonise-vs-antagonise is undecidable	0.193508636676046				MISSING	unverified
geoatlas:g00130	ENSEMBL:ENSG00000286403	geoatlas:evidence_missing_for	geoatlas:GAP:G8_direction_unresolved	geoatlas:KnowledgeGapAssociation	infores:geoatlas	logical_entailment	data_analysis_pipeline	UBERON:0002771	CL:0000129	geoatlas:DATASET:SEA-AD	G8_direction_unresolved	detectable severity response, no usable MR instrument — sign unknown, so agonise-vs-antagonise is undecidable	0.15147959713057346				MISSING	unverified
geoatlas:g00131	ENSEMBL:ENSG00000030304	geoatlas:evidence_missing_for	geoatlas:GAP:G8_direction_unresolved	geoatlas:KnowledgeGapAssociation	infores:geoatlas	logical_entailment	data_analysis_pipeline	UBERON:0002771	CL:0000129	geoatlas:DATASET:SEA-AD	G8_direction_unresolved	detectable severity response, no usable MR instrument — sign unknown, so agonise-vs-antagonise is undecidable	0.22296537566444521				MISSING	unverified
geoatlas:g00132	ENSEMBL:ENSG00000164442	geoatlas:evidence_missing_for	geoatlas:GAP:G8_direction_unresolved	geoatlas:KnowledgeGapAssociation	infores:geoatlas	logical_entailment	data_analysis_pipeline	UBERON:0002771	CL:0000129	geoatlas:DATASET:SEA-AD	G8_direction_unresolved	detectable severity response, no usable MR instrument — sign unknown, so agonise-vs-antagonise is undecidable	0.18942028859024984				MISSING	unverified
geoatlas:g00133	ENSEMBL:ENSG00000229751	geoatlas:evidence_missing_for	geoatlas:GAP:G8_direction_unresolved	geoatlas:KnowledgeGapAssociation	infores:geoatlas	logical_entailment	data_analysis_pipeline	UBERON:0002771	CL:0000129	geoatlas:DATASET:SEA-AD	G8_direction_unresolved	detectable severity response, no usable MR instrument — sign unknown, so agonise-vs-antagonise is undecidable	0.17488973744701147				MISSING	unverified
geoatlas:g00134	ENSEMBL:ENSG00000285582	geoatlas:evidence_missing_for	geoatlas:GAP:G8_direction_unresolved	geoatlas:KnowledgeGapAssociation	infores:geoatlas	logical_entailment	data_analysis_pipeline	UBERON:0002771	CL:0000129	geoatlas:DATASET:SEA-AD	G8_direction_unresolved	detectable severity response, no usable MR instrument — sign unknown, so agonise-vs-antagonise is undecidable	0.22333381462019736				MISSING	unverified
geoatlas:g00135	ENSEMBL:ENSG00000141337	geoatlas:evidence_missing_for	geoatlas:GAP:G8_direction_unresolved	geoatlas:KnowledgeGapAssociation	infores:geoatlas	logical_entailment	data_analysis_pipeline	UBERON:0002771	CL:0000129	geoatlas:DATASET:SEA-AD	G8_direction_unresolved	detectable severity response, no usable MR instrument — sign unknown, so agonise-vs-antagonise is undecidable	0.11433524443656891				MISSING	unverified
geoatlas:g00136	ENSEMBL:ENSG00000079156	geoatlas:evidence_missing_for	geoatlas:GAP:G8_direction_unresolved	geoatlas:KnowledgeGapAssociation	infores:geoatlas	logical_entailment	data_analysis_pipeline	UBERON:0002771	CL:0000129	geoatlas:DATASET:SEA-AD	G8_direction_unresolved	detectable severity response, no usable MR instrument — sign unknown, so agonise-vs-antagonise is undecidable	0.07755447276361797				MISSING	unverified
geoatlas:g00137	ENSEMBL:ENSG00000145088	geoatlas:evidence_missing_for	geoatlas:GAP:G8_direction_unresolved	geoatlas:KnowledgeGapAssociation	infores:geoatlas	logical_entailment	data_analysis_pipeline	UBERON:0002771	CL:0000129	geoatlas:DATASET:SEA-AD	G8_direction_unresolved	detectable severity response, no usable MR instrument — sign unknown, so agonise-vs-antagonise is undecidable	0.08262784428255772				MISSING	unverified
geoatlas:g00138	ENSEMBL:ENSG00000100029	geoatlas:evidence_missing_for	geoatlas:GAP:G8_direction_unresolved	geoatlas:KnowledgeGapAssociation	infores:geoatlas	logical_entailment	data_analysis_pipeline	UBERON:0002771	CL:0000129	geoatlas:DATASET:SEA-AD	G8_direction_unresolved	detectable severity response, no usable MR instrument — sign unknown, so agonise-vs-antagonise is undecidable	0.09656651622560575				MISSING	unverified
geoatlas:g00139	ENSEMBL:ENSG00000106785	geoatlas:evidence_missing_for	geoatlas:GAP:G8_direction_unresolved	geoatlas:KnowledgeGapAssociation	infores:geoatlas	logical_entailment	data_analysis_pipeline	UBERON:0002771	CL:0000129	geoatlas:DATASET:SEA-AD	G8_direction_unresolved	detectable severity response, no usable MR instrument — sign unknown, so agonise-vs-antagonise is undecidable	0.06984255926628065				MISSING	unverified
geoatlas:g00140	ENSEMBL:ENSG00000243155	geoatlas:evidence_missing_for	geoatlas:GAP:G8_direction_unresolved	geoatlas:KnowledgeGapAssociation	infores:geoatlas	logical_entailment	data_analysis_pipeline	UBERON:0002771	CL:0000129	geoatlas:DATASET:SEA-AD	G8_direction_unresolved	detectable severity response, no usable MR instrument — sign unknown, so agonise-vs-antagonise is undecidable	0.13623862537143755				MISSING	unverified
geoatlas:g00141	ENSEMBL:ENSG00000249279	geoatlas:evidence_missing_for	geoatlas:GAP:G8_direction_unresolved	geoatlas:KnowledgeGapAssociation	infores:geoatlas	logical_entailment	data_analysis_pipeline	UBERON:0002771	CL:0000129	geoatlas:DATASET:SEA-AD	G8_direction_unresolved	detectable severity response, no usable MR instrument — sign unknown, so agonise-vs-antagonise is undecidable	0.15831850424749586				MISSING	unverified
geoatlas:g00142	geoatlas:GENE:ADGRB3-DT	geoatlas:evidence_missing_for	geoatlas:GAP:G8_direction_unresolved	geoatlas:KnowledgeGapAssociation	infores:geoatlas	logical_entailment	data_analysis_pipeline	UBERON:0002771	CL:0000129	geoatlas:DATASET:SEA-AD	G8_direction_unresolved	detectable severity response, no usable MR instrument — sign unknown, so agonise-vs-antagonise is undecidable	0.15136952592633673				MISSING	unverified
geoatlas:g00143	ENSEMBL:ENSG00000145779	geoatlas:evidence_missing_for	geoatlas:GAP:G8_direction_unresolved	geoatlas:KnowledgeGapAssociation	infores:geoatlas	logical_entailment	data_analysis_pipeline	UBERON:0002771	CL:0000129	geoatlas:DATASET:SEA-AD	G8_direction_unresolved	detectable severity response, no usable MR instrument — sign unknown, so agonise-vs-antagonise is undecidable	0.08360660271659241				MISSING	unverified
geoatlas:g00144	ENSEMBL:ENSG00000125458	geoatlas:evidence_missing_for	geoatlas:GAP:G8_direction_unresolved	geoatlas:KnowledgeGapAssociation	infores:geoatlas	logical_entailment	data_analysis_pipeline	UBERON:0002771	CL:0000129	geoatlas:DATASET:SEA-AD	G8_direction_unresolved	detectable severity response, no usable MR instrument — sign unknown, so agonise-vs-antagonise is undecidable	0.1408009005732434				MISSING	unverified
geoatlas:g00145	ENSEMBL:ENSG00000152818	geoatlas:evidence_missing_for	geoatlas:GAP:G8_direction_unresolved	geoatlas:KnowledgeGapAssociation	infores:geoatlas	logical_entailment	data_analysis_pipeline	UBERON:0002771	CL:0000129	geoatlas:DATASET:SEA-AD	G8_direction_unresolved	detectable severity response, no usable MR instrument — sign unknown, so agonise-vs-antagonise is undecidable	0.058926218636635705				MISSING	unverified
geoatlas:g00146	ENSEMBL:ENSG00000189306	geoatlas:evidence_missing_for	geoatlas:GAP:G8_direction_unresolved	geoatlas:KnowledgeGapAssociation	infores:geoatlas	logical_entailment	data_analysis_pipeline	UBERON:0002771	CL:0000129	geoatlas:DATASET:SEA-AD	G8_direction_unresolved	detectable severity response, no usable MR instrument — sign unknown, so agonise-vs-antagonise is undecidable	0.09676501338117066				MISSING	unverified
geoatlas:g00147	ENSEMBL:ENSG00000203650	geoatlas:evidence_missing_for	geoatlas:GAP:G8_direction_unresolved	geoatlas:KnowledgeGapAssociation	infores:geoatlas	logical_entailment	data_analysis_pipeline	UBERON:0002771	CL:0000129	geoatlas:DATASET:SEA-AD	G8_direction_unresolved	detectable severity response, no usable MR instrument — sign unknown, so agonise-vs-antagonise is undecidable	0.12556601712292725				MISSING	unverified
geoatlas:g00148	ENSEMBL:ENSG00000108828	geoatlas:evidence_missing_for	geoatlas:GAP:G8_direction_unresolved	geoatlas:KnowledgeGapAssociation	infores:geoatlas	logical_entailment	data_analysis_pipeline	UBERON:0002771	CL:0000129	geoatlas:DATASET:SEA-AD	G8_direction_unresolved	detectable severity response, no usable MR instrument — sign unknown, so agonise-vs-antagonise is undecidable	0.13930789954159797				MISSING	unverified
geoatlas:g00149	ENSEMBL:ENSG00000233729	geoatlas:evidence_missing_for	geoatlas:GAP:G8_direction_unresolved	geoatlas:KnowledgeGapAssociation	infores:geoatlas	logical_entailment	data_analysis_pipeline	UBERON:0002771	CL:0000129	geoatlas:DATASET:SEA-AD	G8_direction_unresolved	detectable severity response, no usable MR instrument — sign unknown, so agonise-vs-antagonise is undecidable	0.19407094242896383				MISSING	unverified
geoatlas:g00150	ENSEMBL:ENSG00000162104	geoatlas:evidence_missing_for	geoatlas:GAP:G8_direction_unresolved	geoatlas:KnowledgeGapAssociation	infores:geoatlas	logical_entailment	data_analysis_pipeline	UBERON:0002771	CL:0000129	geoatlas:DATASET:SEA-AD	G8_direction_unresolved	detectable severity response, no usable MR instrument — sign unknown, so agonise-vs-antagonise is undecidable	0.08768475710606594				MISSING	unverified
geoatlas:g00151	ENSEMBL:ENSG00000238057	geoatlas:evidence_missing_for	geoatlas:GAP:G8_direction_unresolved	geoatlas:KnowledgeGapAssociation	infores:geoatlas	logical_entailment	data_analysis_pipeline	UBERON:0002771	CL:0000129	geoatlas:DATASET:SEA-AD	G8_direction_unresolved	detectable severity response, no usable MR instrument — sign unknown, so agonise-vs-antagonise is undecidable	0.15476441570940402				MISSING	unverified
geoatlas:g00152	ENSEMBL:ENSG00000116871	geoatlas:evidence_missing_for	geoatlas:GAP:G8_direction_unresolved	geoatlas:KnowledgeGapAssociation	infores:geoatlas	logical_entailment	data_analysis_pipeline	UBERON:0002771	CL:0000129	geoatlas:DATASET:SEA-AD	G8_direction_unresolved	detectable severity response, no usable MR instrument — sign unknown, so agonise-vs-antagonise is undecidable	0.058716194946573846				MISSING	unverified
geoatlas:g00153	ENSEMBL:ENSG00000169249	geoatlas:evidence_missing_for	geoatlas:GAP:G8_direction_unresolved	geoatlas:KnowledgeGapAssociation	infores:geoatlas	logical_entailment	data_analysis_pipeline	UBERON:0002771	CL:0000129	geoatlas:DATASET:SEA-AD	G8_direction_unresolved	detectable severity response, no usable MR instrument — sign unknown, so agonise-vs-antagonise is undecidable	0.06419548019666318				MISSING	unverified
geoatlas:g00154	ENSEMBL:ENSG00000124003	geoatlas:evidence_missing_for	geoatlas:GAP:G8_direction_unresolved	geoatlas:KnowledgeGapAssociation	infores:geoatlas	logical_entailment	data_analysis_pipeline	UBERON:0002771	CL:0000129	geoatlas:DATASET:SEA-AD	G8_direction_unresolved	detectable severity response, no usable MR instrument — sign unknown, so agonise-vs-antagonise is undecidable	0.22615920110540697				MISSING	unverified
geoatlas:g00155	ENSEMBL:ENSG00000166681	geoatlas:evidence_missing_for	geoatlas:GAP:G8_direction_unresolved	geoatlas:KnowledgeGapAssociation	infores:geoatlas	logical_entailment	data_analysis_pipeline	UBERON:0002771	CL:0000129	geoatlas:DATASET:SEA-AD	G8_direction_unresolved	detectable severity response, no usable MR instrument — sign unknown, so agonise-vs-antagonise is undecidable	0.15842143909184586				MISSING	unverified
geoatlas:g00156	ENSEMBL:ENSG00000136231	geoatlas:evidence_missing_for	geoatlas:GAP:G8_direction_unresolved	geoatlas:KnowledgeGapAssociation	infores:geoatlas	logical_entailment	data_analysis_pipeline	UBERON:0002771	CL:0000129	geoatlas:DATASET:SEA-AD	G8_direction_unresolved	detectable severity response, no usable MR instrument — sign unknown, so agonise-vs-antagonise is undecidable	0.17778923467890784				MISSING	unverified
geoatlas:g00157	ENSEMBL:ENSG00000226571	geoatlas:evidence_missing_for	geoatlas:GAP:G8_direction_unresolved	geoatlas:KnowledgeGapAssociation	infores:geoatlas	logical_entailment	data_analysis_pipeline	UBERON:0002771	CL:0000129	geoatlas:DATASET:SEA-AD	G8_direction_unresolved	detectable severity response, no usable MR instrument — sign unknown, so agonise-vs-antagonise is undecidable	0.24067312916413489				MISSING	unverified
geoatlas:g00158	ENSEMBL:ENSG00000257438	geoatlas:evidence_missing_for	geoatlas:GAP:G8_direction_unresolved	geoatlas:KnowledgeGapAssociation	infores:geoatlas	logical_entailment	data_analysis_pipeline	UBERON:0002771	CL:0000129	geoatlas:DATASET:SEA-AD	G8_direction_unresolved	detectable severity response, no usable MR instrument — sign unknown, so agonise-vs-antagonise is undecidable	0.22046761597739137				MISSING	unverified
geoatlas:g00159	ENSEMBL:ENSG00000286068	geoatlas:evidence_missing_for	geoatlas:GAP:G8_direction_unresolved	geoatlas:KnowledgeGapAssociation	infores:geoatlas	logical_entailment	data_analysis_pipeline	UBERON:0002771	CL:0000129	geoatlas:DATASET:SEA-AD	G8_direction_unresolved	detectable severity response, no usable MR instrument — sign unknown, so agonise-vs-antagonise is undecidable	0.18637026756515485				MISSING	unverified
geoatlas:g00160	ENSEMBL:ENSG00000164440	geoatlas:evidence_missing_for	geoatlas:GAP:G8_direction_unresolved	geoatlas:KnowledgeGapAssociation	infores:geoatlas	logical_entailment	data_analysis_pipeline	UBERON:0002771	CL:0000129	geoatlas:DATASET:SEA-AD	G8_direction_unresolved	detectable severity response, no usable MR instrument — sign unknown, so agonise-vs-antagonise is undecidable	0.19687460946831004				MISSING	unverified
geoatlas:g00161	ENSEMBL:ENSG00000089199	geoatlas:evidence_missing_for	geoatlas:GAP:G8_direction_unresolved	geoatlas:KnowledgeGapAssociation	infores:geoatlas	logical_entailment	data_analysis_pipeline	UBERON:0002771	CL:0000129	geoatlas:DATASET:SEA-AD	G8_direction_unresolved	detectable severity response, no usable MR instrument — sign unknown, so agonise-vs-antagonise is undecidable	0.1692555370603556				MISSING	unverified
geoatlas:g00162	ENSEMBL:ENSG00000155926	geoatlas:evidence_missing_for	geoatlas:GAP:G8_direction_unresolved	geoatlas:KnowledgeGapAssociation	infores:geoatlas	logical_entailment	data_analysis_pipeline	UBERON:0002771	CL:0000129	geoatlas:DATASET:SEA-AD	G8_direction_unresolved	detectable severity response, no usable MR instrument — sign unknown, so agonise-vs-antagonise is undecidable	0.07426551758475063				MISSING	unverified
geoatlas:g00163	ENSEMBL:ENSG00000287150	geoatlas:evidence_missing_for	geoatlas:GAP:G8_direction_unresolved	geoatlas:KnowledgeGapAssociation	infores:geoatlas	logical_entailment	data_analysis_pipeline	UBERON:0002771	CL:0000129	geoatlas:DATASET:SEA-AD	G8_direction_unresolved	detectable severity response, no usable MR instrument — sign unknown, so agonise-vs-antagonise is undecidable	0.2417483037095217				MISSING	unverified
geoatlas:g00164	ENSEMBL:ENSG00000100276	geoatlas:evidence_missing_for	geoatlas:GAP:G8_direction_unresolved	geoatlas:KnowledgeGapAssociation	infores:geoatlas	logical_entailment	data_analysis_pipeline	UBERON:0002771	CL:0000129	geoatlas:DATASET:SEA-AD	G8_direction_unresolved	detectable severity response, no usable MR instrument — sign unknown, so agonise-vs-antagonise is undecidable	0.16303217166818976				MISSING	unverified
geoatlas:g00165	ENSEMBL:ENSG00000277855	geoatlas:evidence_missing_for	geoatlas:GAP:G8_direction_unresolved	geoatlas:KnowledgeGapAssociation	infores:geoatlas	logical_entailment	data_analysis_pipeline	UBERON:0002771	CL:0000129	geoatlas:DATASET:SEA-AD	G8_direction_unresolved	detectable severity response, no usable MR instrument — sign unknown, so agonise-vs-antagonise is undecidable	0.14857370561798605				MISSING	unverified
geoatlas:g00166	geoatlas:GENE:FRMD4A-AS1	geoatlas:evidence_missing_for	geoatlas:GAP:G8_direction_unresolved	geoatlas:KnowledgeGapAssociation	infores:geoatlas	logical_entailment	data_analysis_pipeline	UBERON:0002771	CL:0000129	geoatlas:DATASET:SEA-AD	G8_direction_unresolved	detectable severity response, no usable MR instrument — sign unknown, so agonise-vs-antagonise is undecidable	0.17086951763684258				MISSING	unverified
geoatlas:g00167	ENSEMBL:ENSG00000088833	geoatlas:evidence_missing_for	geoatlas:GAP:G8_direction_unresolved	geoatlas:KnowledgeGapAssociation	infores:geoatlas	logical_entailment	data_analysis_pipeline	UBERON:0002771	CL:0000129	geoatlas:DATASET:SEA-AD	G8_direction_unresolved	detectable severity response, no usable MR instrument — sign unknown, so agonise-vs-antagonise is undecidable	0.06254586117761474				MISSING	unverified
geoatlas:g00168	ENSEMBL:ENSG00000156298	geoatlas:evidence_missing_for	geoatlas:GAP:G8_direction_unresolved	geoatlas:KnowledgeGapAssociation	infores:geoatlas	logical_entailment	data_analysis_pipeline	UBERON:0002771	CL:0000129	geoatlas:DATASET:SEA-AD	G8_direction_unresolved	detectable severity response, no usable MR instrument — sign unknown, so agonise-vs-antagonise is undecidable	0.10425458927937457				MISSING	unverified
geoatlas:g00169	geoatlas:GENE:FIRRM	geoatlas:evidence_missing_for	geoatlas:GAP:G8_direction_unresolved	geoatlas:KnowledgeGapAssociation	infores:geoatlas	logical_entailment	data_analysis_pipeline	UBERON:0002771	CL:0000129	geoatlas:DATASET:SEA-AD	G8_direction_unresolved	detectable severity response, no usable MR instrument — sign unknown, so agonise-vs-antagonise is undecidable	0.08134411569299217				MISSING	unverified
geoatlas:g00170	ENSEMBL:ENSG00000185339	geoatlas:evidence_missing_for	geoatlas:GAP:G8_direction_unresolved	geoatlas:KnowledgeGapAssociation	infores:geoatlas	logical_entailment	data_analysis_pipeline	UBERON:0002771	CL:0000129	geoatlas:DATASET:SEA-AD	G8_direction_unresolved	detectable severity response, no usable MR instrument — sign unknown, so agonise-vs-antagonise is undecidable	0.21234125876520202				MISSING	unverified
geoatlas:g00171	ENSEMBL:ENSG00000067113	geoatlas:evidence_missing_for	geoatlas:GAP:G8_direction_unresolved	geoatlas:KnowledgeGapAssociation	infores:geoatlas	logical_entailment	data_analysis_pipeline	UBERON:0002771	CL:0000129	geoatlas:DATASET:SEA-AD	G8_direction_unresolved	detectable severity response, no usable MR instrument — sign unknown, so agonise-vs-antagonise is undecidable	0.059381733184636964				MISSING	unverified
geoatlas:g00172	ENSEMBL:ENSG00000287958	geoatlas:evidence_missing_for	geoatlas:GAP:G8_direction_unresolved	geoatlas:KnowledgeGapAssociation	infores:geoatlas	logical_entailment	data_analysis_pipeline	UBERON:0002771	CL:0000129	geoatlas:DATASET:SEA-AD	G8_direction_unresolved	detectable severity response, no usable MR instrument — sign unknown, so agonise-vs-antagonise is undecidable	0.27340287777260236				MISSING	unverified
geoatlas:g00173	ENSEMBL:ENSG00000223749	geoatlas:evidence_missing_for	geoatlas:GAP:G8_direction_unresolved	geoatlas:KnowledgeGapAssociation	infores:geoatlas	logical_entailment	data_analysis_pipeline	UBERON:0002771	CL:0000129	geoatlas:DATASET:SEA-AD	G8_direction_unresolved	detectable severity response, no usable MR instrument — sign unknown, so agonise-vs-antagonise is undecidable	0.1235017330018838				MISSING	unverified
geoatlas:g00174	ENSEMBL:ENSG00000118496	geoatlas:evidence_missing_for	geoatlas:GAP:G8_direction_unresolved	geoatlas:KnowledgeGapAssociation	infores:geoatlas	logical_entailment	data_analysis_pipeline	UBERON:0002771	CL:0000129	geoatlas:DATASET:SEA-AD	G8_direction_unresolved	detectable severity response, no usable MR instrument — sign unknown, so agonise-vs-antagonise is undecidable	0.08022292398832004				MISSING	unverified
geoatlas:g00175	ENSEMBL:ENSG00000166340	geoatlas:evidence_missing_for	geoatlas:GAP:G8_direction_unresolved	geoatlas:KnowledgeGapAssociation	infores:geoatlas	logical_entailment	data_analysis_pipeline	UBERON:0002771	CL:0000129	geoatlas:DATASET:SEA-AD	G8_direction_unresolved	detectable severity response, no usable MR instrument — sign unknown, so agonise-vs-antagonise is undecidable	0.06817612925721109				MISSING	unverified
geoatlas:g00176	ENSEMBL:ENSG00000111144	geoatlas:evidence_missing_for	geoatlas:GAP:G8_direction_unresolved	geoatlas:KnowledgeGapAssociation	infores:geoatlas	logical_entailment	data_analysis_pipeline	UBERON:0002771	CL:0000129	geoatlas:DATASET:SEA-AD	G8_direction_unresolved	detectable severity response, no usable MR instrument — sign unknown, so agonise-vs-antagonise is undecidable	0.08124314149662082				MISSING	unverified
geoatlas:g00177	ENSEMBL:ENSG00000177105	geoatlas:evidence_missing_for	geoatlas:GAP:G8_direction_unresolved	geoatlas:KnowledgeGapAssociation	infores:geoatlas	logical_entailment	data_analysis_pipeline	UBERON:0002771	CL:0000129	geoatlas:DATASET:SEA-AD	G8_direction_unresolved	detectable severity response, no usable MR instrument — sign unknown, so agonise-vs-antagonise is undecidable	0.07706726122702508				MISSING	unverified
geoatlas:g00178	ENSEMBL:ENSG00000167792	geoatlas:evidence_missing_for	geoatlas:GAP:G8_direction_unresolved	geoatlas:KnowledgeGapAssociation	infores:geoatlas	logical_entailment	data_analysis_pipeline	UBERON:0002771	CL:0000129	geoatlas:DATASET:SEA-AD	G8_direction_unresolved	detectable severity response, no usable MR instrument — sign unknown, so agonise-vs-antagonise is undecidable	0.0696792499002612				MISSING	unverified
geoatlas:g00179	ENSEMBL:ENSG00000204296	geoatlas:evidence_missing_for	geoatlas:GAP:G8_direction_unresolved	geoatlas:KnowledgeGapAssociation	infores:geoatlas	logical_entailment	data_analysis_pipeline	UBERON:0002771	CL:0000129	geoatlas:DATASET:SEA-AD	G8_direction_unresolved	detectable severity response, no usable MR instrument — sign unknown, so agonise-vs-antagonise is undecidable	0.24031453756345683				MISSING	unverified
geoatlas:g00180	ENSEMBL:ENSG00000204482	geoatlas:evidence_missing_for	geoatlas:GAP:G8_direction_unresolved	geoatlas:KnowledgeGapAssociation	infores:geoatlas	logical_entailment	data_analysis_pipeline	UBERON:0002771	CL:0000129	geoatlas:DATASET:SEA-AD	G8_direction_unresolved	detectable severity response, no usable MR instrument — sign unknown, so agonise-vs-antagonise is undecidable	0.10044971320909638				MISSING	unverified
geoatlas:g00181	ENSEMBL:ENSG00000265972	geoatlas:evidence_missing_for	geoatlas:GAP:G8_direction_unresolved	geoatlas:KnowledgeGapAssociation	infores:geoatlas	logical_entailment	data_analysis_pipeline	UBERON:0002771	CL:0000129	geoatlas:DATASET:SEA-AD	G8_direction_unresolved	detectable severity response, no usable MR instrument — sign unknown, so agonise-vs-antagonise is undecidable	0.10010308369971088				MISSING	unverified
geoatlas:g00182	ENSEMBL:ENSG00000152580	geoatlas:evidence_missing_for	geoatlas:GAP:G8_direction_unresolved	geoatlas:KnowledgeGapAssociation	infores:geoatlas	logical_entailment	data_analysis_pipeline	UBERON:0002771	CL:0000129	geoatlas:DATASET:SEA-AD	G8_direction_unresolved	detectable severity response, no usable MR instrument — sign unknown, so agonise-vs-antagonise is undecidable	0.15121696616850128				MISSING	unverified
geoatlas:g00183	ENSEMBL:ENSG00000179388	geoatlas:evidence_missing_for	geoatlas:GAP:G8_direction_unresolved	geoatlas:KnowledgeGapAssociation	infores:geoatlas	logical_entailment	data_analysis_pipeline	UBERON:0002771	CL:0000129	geoatlas:DATASET:SEA-AD	G8_direction_unresolved	detectable severity response, no usable MR instrument — sign unknown, so agonise-vs-antagonise is undecidable	0.2746750572976272				MISSING	unverified
geoatlas:g00184	ENSEMBL:ENSG00000138303	geoatlas:evidence_missing_for	geoatlas:GAP:G8_direction_unresolved	geoatlas:KnowledgeGapAssociation	infores:geoatlas	logical_entailment	data_analysis_pipeline	UBERON:0002771	CL:0000129	geoatlas:DATASET:SEA-AD	G8_direction_unresolved	detectable severity response, no usable MR instrument — sign unknown, so agonise-vs-antagonise is undecidable	0.05437120333002967				MISSING	unverified
geoatlas:g00185	ENSEMBL:ENSG00000224950	geoatlas:evidence_missing_for	geoatlas:GAP:G8_direction_unresolved	geoatlas:KnowledgeGapAssociation	infores:geoatlas	logical_entailment	data_analysis_pipeline	UBERON:0002771	CL:0000129	geoatlas:DATASET:SEA-AD	G8_direction_unresolved	detectable severity response, no usable MR instrument — sign unknown, so agonise-vs-antagonise is undecidable	0.12127851109174291				MISSING	unverified
geoatlas:g00186	ENSEMBL:ENSG00000145808	geoatlas:evidence_missing_for	geoatlas:GAP:G8_direction_unresolved	geoatlas:KnowledgeGapAssociation	infores:geoatlas	logical_entailment	data_analysis_pipeline	UBERON:0002771	CL:0000129	geoatlas:DATASET:SEA-AD	G8_direction_unresolved	detectable severity response, no usable MR instrument — sign unknown, so agonise-vs-antagonise is undecidable	0.14869792887414324				MISSING	unverified
geoatlas:g00187	ENSEMBL:ENSG00000273409	geoatlas:evidence_missing_for	geoatlas:GAP:G8_direction_unresolved	geoatlas:KnowledgeGapAssociation	infores:geoatlas	logical_entailment	data_analysis_pipeline	UBERON:0002771	CL:0000129	geoatlas:DATASET:SEA-AD	G8_direction_unresolved	detectable severity response, no usable MR instrument — sign unknown, so agonise-vs-antagonise is undecidable	0.20180528871266207				MISSING	unverified
geoatlas:g00188	ENSEMBL:ENSG00000228740	geoatlas:evidence_missing_for	geoatlas:GAP:G8_direction_unresolved	geoatlas:KnowledgeGapAssociation	infores:geoatlas	logical_entailment	data_analysis_pipeline	UBERON:0002771	CL:0000129	geoatlas:DATASET:SEA-AD	G8_direction_unresolved	detectable severity response, no usable MR instrument — sign unknown, so agonise-vs-antagonise is undecidable	0.2250636059519095				MISSING	unverified
geoatlas:g00189	ENSEMBL:ENSG00000211445	geoatlas:evidence_missing_for	geoatlas:GAP:G8_direction_unresolved	geoatlas:KnowledgeGapAssociation	infores:geoatlas	logical_entailment	data_analysis_pipeline	UBERON:0002771	CL:0000129	geoatlas:DATASET:SEA-AD	G8_direction_unresolved	detectable severity response, no usable MR instrument — sign unknown, so agonise-vs-antagonise is undecidable	0.2385998932059389				MISSING	unverified
geoatlas:g00190	ENSEMBL:ENSG00000164691	geoatlas:evidence_missing_for	geoatlas:GAP:G8_direction_unresolved	geoatlas:KnowledgeGapAssociation	infores:geoatlas	logical_entailment	data_analysis_pipeline	UBERON:0002771	CL:0000129	geoatlas:DATASET:SEA-AD	G8_direction_unresolved	detectable severity response, no usable MR instrument — sign unknown, so agonise-vs-antagonise is undecidable	0.11321273597702443				MISSING	unverified
geoatlas:g00191	ENSEMBL:ENSG00000197062	geoatlas:evidence_missing_for	geoatlas:GAP:G8_direction_unresolved	geoatlas:KnowledgeGapAssociation	infores:geoatlas	logical_entailment	data_analysis_pipeline	UBERON:0002771	CL:0000129	geoatlas:DATASET:SEA-AD	G8_direction_unresolved	detectable severity response, no usable MR instrument — sign unknown, so agonise-vs-antagonise is undecidable	0.07867050335376796				MISSING	unverified
geoatlas:g00192	ENSEMBL:ENSG00000203721	geoatlas:evidence_missing_for	geoatlas:GAP:G8_direction_unresolved	geoatlas:KnowledgeGapAssociation	infores:geoatlas	logical_entailment	data_analysis_pipeline	UBERON:0002771	CL:0000129	geoatlas:DATASET:SEA-AD	G8_direction_unresolved	detectable severity response, no usable MR instrument — sign unknown, so agonise-vs-antagonise is undecidable	0.15766990008535262				MISSING	unverified
geoatlas:g00193	ENSEMBL:ENSG00000182389	geoatlas:evidence_missing_for	geoatlas:GAP:G8_direction_unresolved	geoatlas:KnowledgeGapAssociation	infores:geoatlas	logical_entailment	data_analysis_pipeline	UBERON:0002771	CL:0000129	geoatlas:DATASET:SEA-AD	G8_direction_unresolved	detectable severity response, no usable MR instrument — sign unknown, so agonise-vs-antagonise is undecidable	0.08279376559221888				MISSING	unverified
geoatlas:g00194	ENSEMBL:ENSG00000104760	geoatlas:evidence_missing_for	geoatlas:GAP:G8_direction_unresolved	geoatlas:KnowledgeGapAssociation	infores:geoatlas	logical_entailment	data_analysis_pipeline	UBERON:0002771	CL:0000129	geoatlas:DATASET:SEA-AD	G8_direction_unresolved	detectable severity response, no usable MR instrument — sign unknown, so agonise-vs-antagonise is undecidable	0.2438254518591134				MISSING	unverified
geoatlas:g00195	ENSEMBL:ENSG00000168172	geoatlas:evidence_missing_for	geoatlas:GAP:G8_direction_unresolved	geoatlas:KnowledgeGapAssociation	infores:geoatlas	logical_entailment	data_analysis_pipeline	UBERON:0002771	CL:0000129	geoatlas:DATASET:SEA-AD	G8_direction_unresolved	detectable severity response, no usable MR instrument — sign unknown, so agonise-vs-antagonise is undecidable	0.045210919147506134				MISSING	unverified
geoatlas:g00196	geoatlas:GENE:SPDYE21	geoatlas:evidence_missing_for	geoatlas:GAP:G8_direction_unresolved	geoatlas:KnowledgeGapAssociation	infores:geoatlas	logical_entailment	data_analysis_pipeline	UBERON:0002771	CL:0000129	geoatlas:DATASET:SEA-AD	G8_direction_unresolved	detectable severity response, no usable MR instrument — sign unknown, so agonise-vs-antagonise is undecidable	0.20293082404533572				MISSING	unverified
geoatlas:g00197	ENSEMBL:ENSG00000148175	geoatlas:evidence_missing_for	geoatlas:GAP:G8_direction_unresolved	geoatlas:KnowledgeGapAssociation	infores:geoatlas	logical_entailment	data_analysis_pipeline	UBERON:0002771	CL:0000129	geoatlas:DATASET:SEA-AD	G8_direction_unresolved	detectable severity response, no usable MR instrument — sign unknown, so agonise-vs-antagonise is undecidable	0.06980507927773907				MISSING	unverified
geoatlas:g00198	ENSEMBL:ENSG00000092094	geoatlas:evidence_missing_for	geoatlas:GAP:G8_direction_unresolved	geoatlas:KnowledgeGapAssociation	infores:geoatlas	logical_entailment	data_analysis_pipeline	UBERON:0002771	CL:0000129	geoatlas:DATASET:SEA-AD	G8_direction_unresolved	detectable severity response, no usable MR instrument — sign unknown, so agonise-vs-antagonise is undecidable	0.0810516918216151				MISSING	unverified
geoatlas:g00199	ENSEMBL:ENSG00000161547	geoatlas:evidence_missing_for	geoatlas:GAP:G8_direction_unresolved	geoatlas:KnowledgeGapAssociation	infores:geoatlas	logical_entailment	data_analysis_pipeline	UBERON:0002771	CL:0000129	geoatlas:DATASET:SEA-AD	G8_direction_unresolved	detectable severity response, no usable MR instrument — sign unknown, so agonise-vs-antagonise is undecidable	0.0896439224175659				MISSING	unverified
geoatlas:g00200	ENSEMBL:ENSG00000103196	geoatlas:evidence_missing_for	geoatlas:GAP:G8_direction_unresolved	geoatlas:KnowledgeGapAssociation	infores:geoatlas	logical_entailment	data_analysis_pipeline	UBERON:0002771	CL:0000129	geoatlas:DATASET:SEA-AD	G8_direction_unresolved	detectable severity response, no usable MR instrument — sign unknown, so agonise-vs-antagonise is undecidable	0.1961374277758204				MISSING	unverified
geoatlas:g00201	ENSEMBL:ENSG00000143376	geoatlas:evidence_missing_for	geoatlas:GAP:G8_direction_unresolved	geoatlas:KnowledgeGapAssociation	infores:geoatlas	logical_entailment	data_analysis_pipeline	UBERON:0002771	CL:0000129	geoatlas:DATASET:SEA-AD	G8_direction_unresolved	detectable severity response, no usable MR instrument — sign unknown, so agonise-vs-antagonise is undecidable	0.060664075354474205				MISSING	unverified
geoatlas:g00202	ENSEMBL:ENSG00000126804	geoatlas:evidence_missing_for	geoatlas:GAP:G8_direction_unresolved	geoatlas:KnowledgeGapAssociation	infores:geoatlas	logical_entailment	data_analysis_pipeline	UBERON:0002771	CL:0000129	geoatlas:DATASET:SEA-AD	G8_direction_unresolved	detectable severity response, no usable MR instrument — sign unknown, so agonise-vs-antagonise is undecidable	0.07440108676282219				MISSING	unverified
geoatlas:g00203	ENSEMBL:ENSG00000170802	geoatlas:evidence_missing_for	geoatlas:GAP:G8_direction_unresolved	geoatlas:KnowledgeGapAssociation	infores:geoatlas	logical_entailment	data_analysis_pipeline	UBERON:0002771	CL:0000129	geoatlas:DATASET:SEA-AD	G8_direction_unresolved	detectable severity response, no usable MR instrument — sign unknown, so agonise-vs-antagonise is undecidable	0.0660037460776274				MISSING	unverified
geoatlas:g00204	ENSEMBL:ENSG00000168874	geoatlas:evidence_missing_for	geoatlas:GAP:G8_direction_unresolved	geoatlas:KnowledgeGapAssociation	infores:geoatlas	logical_entailment	data_analysis_pipeline	UBERON:0002771	CL:0000129	geoatlas:DATASET:SEA-AD	G8_direction_unresolved	detectable severity response, no usable MR instrument — sign unknown, so agonise-vs-antagonise is undecidable	0.2501031381387668				MISSING	unverified
geoatlas:g00205	ENSEMBL:ENSG00000048405	geoatlas:evidence_missing_for	geoatlas:GAP:G8_direction_unresolved	geoatlas:KnowledgeGapAssociation	infores:geoatlas	logical_entailment	data_analysis_pipeline	UBERON:0002771	CL:0000129	geoatlas:DATASET:SEA-AD	G8_direction_unresolved	detectable severity response, no usable MR instrument — sign unknown, so agonise-vs-antagonise is undecidable	0.05888945731615998				MISSING	unverified
geoatlas:g00206	ENSEMBL:ENSG00000188559	geoatlas:evidence_missing_for	geoatlas:GAP:G8_direction_unresolved	geoatlas:KnowledgeGapAssociation	infores:geoatlas	logical_entailment	data_analysis_pipeline	UBERON:0002771	CL:0000129	geoatlas:DATASET:SEA-AD	G8_direction_unresolved	detectable severity response, no usable MR instrument — sign unknown, so agonise-vs-antagonise is undecidable	0.051581786711916225				MISSING	unverified
geoatlas:g00207	ENSEMBL:ENSG00000198804	geoatlas:evidence_missing_for	geoatlas:GAP:G8_direction_unresolved	geoatlas:KnowledgeGapAssociation	infores:geoatlas	logical_entailment	data_analysis_pipeline	UBERON:0002771	CL:0000129	geoatlas:DATASET:SEA-AD	G8_direction_unresolved	detectable severity response, no usable MR instrument — sign unknown, so agonise-vs-antagonise is undecidable	0.1114825480669744				MISSING	unverified
geoatlas:g00208	ENSEMBL:ENSG00000157625	geoatlas:evidence_missing_for	geoatlas:GAP:G8_direction_unresolved	geoatlas:KnowledgeGapAssociation	infores:geoatlas	logical_entailment	data_analysis_pipeline	UBERON:0002771	CL:0000129	geoatlas:DATASET:SEA-AD	G8_direction_unresolved	detectable severity response, no usable MR instrument — sign unknown, so agonise-vs-antagonise is undecidable	0.06037478250070191				MISSING	unverified
geoatlas:g00209	ENSEMBL:ENSG00000099622	geoatlas:evidence_missing_for	geoatlas:GAP:G8_direction_unresolved	geoatlas:KnowledgeGapAssociation	infores:geoatlas	logical_entailment	data_analysis_pipeline	UBERON:0002771	CL:0000129	geoatlas:DATASET:SEA-AD	G8_direction_unresolved	detectable severity response, no usable MR instrument — sign unknown, so agonise-vs-antagonise is undecidable	0.09356507377319022				MISSING	unverified
geoatlas:g00210	ENSEMBL:ENSG00000085662	geoatlas:evidence_missing_for	geoatlas:GAP:G8_direction_unresolved	geoatlas:KnowledgeGapAssociation	infores:geoatlas	logical_entailment	data_analysis_pipeline	UBERON:0002771	CL:0000129	geoatlas:DATASET:SEA-AD	G8_direction_unresolved	detectable severity response, no usable MR instrument — sign unknown, so agonise-vs-antagonise is undecidable	0.08540811527549269				MISSING	unverified
geoatlas:g00211	ENSEMBL:ENSG00000185278	geoatlas:evidence_missing_for	geoatlas:GAP:G8_direction_unresolved	geoatlas:KnowledgeGapAssociation	infores:geoatlas	logical_entailment	data_analysis_pipeline	UBERON:0002771	CL:0000129	geoatlas:DATASET:SEA-AD	G8_direction_unresolved	detectable severity response, no usable MR instrument — sign unknown, so agonise-vs-antagonise is undecidable	0.05927587040593041				MISSING	unverified
geoatlas:g00212	ENSEMBL:ENSG00000173391	geoatlas:evidence_missing_for	geoatlas:GAP:G8_direction_unresolved	geoatlas:KnowledgeGapAssociation	infores:geoatlas	logical_entailment	data_analysis_pipeline	UBERON:0002771	CL:0000129	geoatlas:DATASET:SEA-AD	G8_direction_unresolved	detectable severity response, no usable MR instrument — sign unknown, so agonise-vs-antagonise is undecidable	0.13734397958074548				MISSING	unverified
geoatlas:g00213	ENSEMBL:ENSG00000262810	geoatlas:evidence_missing_for	geoatlas:GAP:G8_direction_unresolved	geoatlas:KnowledgeGapAssociation	infores:geoatlas	logical_entailment	data_analysis_pipeline	UBERON:0002771	CL:0000129	geoatlas:DATASET:SEA-AD	G8_direction_unresolved	detectable severity response, no usable MR instrument — sign unknown, so agonise-vs-antagonise is undecidable	0.16818983351900993				MISSING	unverified
geoatlas:g00214	ENSEMBL:ENSG00000232895	geoatlas:evidence_missing_for	geoatlas:GAP:G8_direction_unresolved	geoatlas:KnowledgeGapAssociation	infores:geoatlas	logical_entailment	data_analysis_pipeline	UBERON:0002771	CL:0000129	geoatlas:DATASET:SEA-AD	G8_direction_unresolved	detectable severity response, no usable MR instrument — sign unknown, so agonise-vs-antagonise is undecidable	0.34297282685395436				MISSING	unverified
geoatlas:g00215	ENSEMBL:ENSG00000170921	geoatlas:evidence_missing_for	geoatlas:GAP:G8_direction_unresolved	geoatlas:KnowledgeGapAssociation	infores:geoatlas	logical_entailment	data_analysis_pipeline	UBERON:0002771	CL:0000129	geoatlas:DATASET:SEA-AD	G8_direction_unresolved	detectable severity response, no usable MR instrument — sign unknown, so agonise-vs-antagonise is undecidable	0.05177056358780108				MISSING	unverified
geoatlas:g00216	ENSEMBL:ENSG00000274020	geoatlas:evidence_missing_for	geoatlas:GAP:G8_direction_unresolved	geoatlas:KnowledgeGapAssociation	infores:geoatlas	logical_entailment	data_analysis_pipeline	UBERON:0002771	CL:0000129	geoatlas:DATASET:SEA-AD	G8_direction_unresolved	detectable severity response, no usable MR instrument — sign unknown, so agonise-vs-antagonise is undecidable	0.07694422052941345				MISSING	unverified
geoatlas:g00217	ENSEMBL:ENSG00000287335	geoatlas:evidence_missing_for	geoatlas:GAP:G8_direction_unresolved	geoatlas:KnowledgeGapAssociation	infores:geoatlas	logical_entailment	data_analysis_pipeline	UBERON:0002771	CL:0000129	geoatlas:DATASET:SEA-AD	G8_direction_unresolved	detectable severity response, no usable MR instrument — sign unknown, so agonise-vs-antagonise is undecidable	0.3336128644840501				MISSING	unverified
geoatlas:g00218	ENSEMBL:ENSG00000249881	geoatlas:evidence_missing_for	geoatlas:GAP:G8_direction_unresolved	geoatlas:KnowledgeGapAssociation	infores:geoatlas	logical_entailment	data_analysis_pipeline	UBERON:0002771	CL:0000129	geoatlas:DATASET:SEA-AD	G8_direction_unresolved	detectable severity response, no usable MR instrument — sign unknown, so agonise-vs-antagonise is undecidable	0.15439821015938765				MISSING	unverified
geoatlas:g00219	ENSEMBL:ENSG00000245864	geoatlas:evidence_missing_for	geoatlas:GAP:G8_direction_unresolved	geoatlas:KnowledgeGapAssociation	infores:geoatlas	logical_entailment	data_analysis_pipeline	UBERON:0002771	CL:0000129	geoatlas:DATASET:SEA-AD	G8_direction_unresolved	detectable severity response, no usable MR instrument — sign unknown, so agonise-vs-antagonise is undecidable	0.17205286070017572				MISSING	unverified
geoatlas:g00220	ENSEMBL:ENSG00000185621	geoatlas:evidence_missing_for	geoatlas:GAP:G8_direction_unresolved	geoatlas:KnowledgeGapAssociation	infores:geoatlas	logical_entailment	data_analysis_pipeline	UBERON:0002771	CL:0000129	geoatlas:DATASET:SEA-AD	G8_direction_unresolved	detectable severity response, no usable MR instrument — sign unknown, so agonise-vs-antagonise is undecidable	0.08379818882761338				MISSING	unverified
geoatlas:g00221	ENSEMBL:ENSG00000188603	geoatlas:evidence_missing_for	geoatlas:GAP:G8_direction_unresolved	geoatlas:KnowledgeGapAssociation	infores:geoatlas	logical_entailment	data_analysis_pipeline	UBERON:0002771	CL:0000129	geoatlas:DATASET:SEA-AD	G8_direction_unresolved	detectable severity response, no usable MR instrument — sign unknown, so agonise-vs-antagonise is undecidable	0.07813130421543149				MISSING	unverified
geoatlas:g00222	ENSEMBL:ENSG00000027075	geoatlas:evidence_missing_for	geoatlas:GAP:G8_direction_unresolved	geoatlas:KnowledgeGapAssociation	infores:geoatlas	logical_entailment	data_analysis_pipeline	UBERON:0002771	CL:0000129	geoatlas:DATASET:SEA-AD	G8_direction_unresolved	detectable severity response, no usable MR instrument — sign unknown, so agonise-vs-antagonise is undecidable	0.06614785305167038				MISSING	unverified
geoatlas:g00223	ENSEMBL:ENSG00000169193	geoatlas:evidence_missing_for	geoatlas:GAP:G8_direction_unresolved	geoatlas:KnowledgeGapAssociation	infores:geoatlas	logical_entailment	data_analysis_pipeline	UBERON:0002771	CL:0000129	geoatlas:DATASET:SEA-AD	G8_direction_unresolved	detectable severity response, no usable MR instrument — sign unknown, so agonise-vs-antagonise is undecidable	0.07046194257466215				MISSING	unverified
geoatlas:g00224	ENSEMBL:ENSG00000106780	geoatlas:evidence_missing_for	geoatlas:GAP:G8_direction_unresolved	geoatlas:KnowledgeGapAssociation	infores:geoatlas	logical_entailment	data_analysis_pipeline	UBERON:0002771	CL:0000129	geoatlas:DATASET:SEA-AD	G8_direction_unresolved	detectable severity response, no usable MR instrument — sign unknown, so agonise-vs-antagonise is undecidable	0.08080124594929884				MISSING	unverified
geoatlas:g00225	ENSEMBL:ENSG00000102921	geoatlas:evidence_missing_for	geoatlas:GAP:G8_direction_unresolved	geoatlas:KnowledgeGapAssociation	infores:geoatlas	logical_entailment	data_analysis_pipeline	UBERON:0002771	CL:0000129	geoatlas:DATASET:SEA-AD	G8_direction_unresolved	detectable severity response, no usable MR instrument — sign unknown, so agonise-vs-antagonise is undecidable	0.0454214147758525				MISSING	unverified
geoatlas:g00226	ENSEMBL:ENSG00000184068	geoatlas:evidence_missing_for	geoatlas:GAP:G8_direction_unresolved	geoatlas:KnowledgeGapAssociation	infores:geoatlas	logical_entailment	data_analysis_pipeline	UBERON:0002771	CL:0000129	geoatlas:DATASET:SEA-AD	G8_direction_unresolved	detectable severity response, no usable MR instrument — sign unknown, so agonise-vs-antagonise is undecidable	0.1900911016306553				MISSING	unverified
geoatlas:g00227	ENSEMBL:ENSG00000213316	geoatlas:evidence_missing_for	geoatlas:GAP:G8_direction_unresolved	geoatlas:KnowledgeGapAssociation	infores:geoatlas	logical_entailment	data_analysis_pipeline	UBERON:0002771	CL:0000129	geoatlas:DATASET:SEA-AD	G8_direction_unresolved	detectable severity response, no usable MR instrument — sign unknown, so agonise-vs-antagonise is undecidable	0.21007890330005174				MISSING	unverified
geoatlas:g00228	ENSEMBL:ENSG00000234593	geoatlas:evidence_missing_for	geoatlas:GAP:G8_direction_unresolved	geoatlas:KnowledgeGapAssociation	infores:geoatlas	logical_entailment	data_analysis_pipeline	UBERON:0002771	CL:0000129	geoatlas:DATASET:SEA-AD	G8_direction_unresolved	detectable severity response, no usable MR instrument — sign unknown, so agonise-vs-antagonise is undecidable	0.223926788136547				MISSING	unverified
geoatlas:g00229	geoatlas:GENE:ABTB3	geoatlas:evidence_missing_for	geoatlas:GAP:G8_direction_unresolved	geoatlas:KnowledgeGapAssociation	infores:geoatlas	logical_entailment	data_analysis_pipeline	UBERON:0002771	CL:0000129	geoatlas:DATASET:SEA-AD	G8_direction_unresolved	detectable severity response, no usable MR instrument — sign unknown, so agonise-vs-antagonise is undecidable	0.1505134753749543				MISSING	unverified
geoatlas:g00230	ENSEMBL:ENSG00000249867	geoatlas:evidence_missing_for	geoatlas:GAP:G8_direction_unresolved	geoatlas:KnowledgeGapAssociation	infores:geoatlas	logical_entailment	data_analysis_pipeline	UBERON:0002771	CL:0000129	geoatlas:DATASET:SEA-AD	G8_direction_unresolved	detectable severity response, no usable MR instrument — sign unknown, so agonise-vs-antagonise is undecidable	0.17953041920795293				MISSING	unverified
geoatlas:g00231	ENSEMBL:ENSG00000140350	geoatlas:evidence_missing_for	geoatlas:GAP:G8_direction_unresolved	geoatlas:KnowledgeGapAssociation	infores:geoatlas	logical_entailment	data_analysis_pipeline	UBERON:0002771	CL:0000129	geoatlas:DATASET:SEA-AD	G8_direction_unresolved	detectable severity response, no usable MR instrument — sign unknown, so agonise-vs-antagonise is undecidable	0.0551561559177009				MISSING	unverified
geoatlas:g00232	geoatlas:GENE:MYREM	geoatlas:evidence_missing_for	geoatlas:GAP:G8_direction_unresolved	geoatlas:KnowledgeGapAssociation	infores:geoatlas	logical_entailment	data_analysis_pipeline	UBERON:0002771	CL:0000129	geoatlas:DATASET:SEA-AD	G8_direction_unresolved	detectable severity response, no usable MR instrument — sign unknown, so agonise-vs-antagonise is undecidable	0.346391800350387				MISSING	unverified
geoatlas:g00233	ENSEMBL:ENSG00000176974	geoatlas:evidence_missing_for	geoatlas:GAP:G8_direction_unresolved	geoatlas:KnowledgeGapAssociation	infores:geoatlas	logical_entailment	data_analysis_pipeline	UBERON:0002771	CL:0000129	geoatlas:DATASET:SEA-AD	G8_direction_unresolved	detectable severity response, no usable MR instrument — sign unknown, so agonise-vs-antagonise is undecidable	0.09315322757910684				MISSING	unverified
geoatlas:g00234	geoatlas:GENE:LINC03033	geoatlas:evidence_missing_for	geoatlas:GAP:G8_direction_unresolved	geoatlas:KnowledgeGapAssociation	infores:geoatlas	logical_entailment	data_analysis_pipeline	UBERON:0002771	CL:0000129	geoatlas:DATASET:SEA-AD	G8_direction_unresolved	detectable severity response, no usable MR instrument — sign unknown, so agonise-vs-antagonise is undecidable	0.15354853177137812				MISSING	unverified
geoatlas:g00235	ENSEMBL:ENSG00000286512	geoatlas:evidence_missing_for	geoatlas:GAP:G8_direction_unresolved	geoatlas:KnowledgeGapAssociation	infores:geoatlas	logical_entailment	data_analysis_pipeline	UBERON:0002771	CL:0000129	geoatlas:DATASET:SEA-AD	G8_direction_unresolved	detectable severity response, no usable MR instrument — sign unknown, so agonise-vs-antagonise is undecidable	0.19774773118635008				MISSING	unverified
geoatlas:g00236	ENSEMBL:ENSG00000102218	geoatlas:evidence_missing_for	geoatlas:GAP:G8_direction_unresolved	geoatlas:KnowledgeGapAssociation	infores:geoatlas	logical_entailment	data_analysis_pipeline	UBERON:0002771	CL:0000129	geoatlas:DATASET:SEA-AD	G8_direction_unresolved	detectable severity response, no usable MR instrument — sign unknown, so agonise-vs-antagonise is undecidable	0.06617595928946048				MISSING	unverified
geoatlas:g00237	ENSEMBL:ENSG00000275302	geoatlas:evidence_missing_for	geoatlas:GAP:G8_direction_unresolved	geoatlas:KnowledgeGapAssociation	infores:geoatlas	logical_entailment	data_analysis_pipeline	UBERON:0002771	CL:0000129	geoatlas:DATASET:SEA-AD	G8_direction_unresolved	detectable severity response, no usable MR instrument — sign unknown, so agonise-vs-antagonise is undecidable	0.34268242681807315				MISSING	unverified
geoatlas:g00238	ENSEMBL:ENSG00000096060	geoatlas:evidence_missing_for	geoatlas:GAP:G8_direction_unresolved	geoatlas:KnowledgeGapAssociation	infores:geoatlas	logical_entailment	data_analysis_pipeline	UBERON:0002771	CL:0000129	geoatlas:DATASET:SEA-AD	G8_direction_unresolved	detectable severity response, no usable MR instrument — sign unknown, so agonise-vs-antagonise is undecidable	0.09056061314260044				MISSING	unverified
geoatlas:g00239	ENSEMBL:ENSG00000129048	geoatlas:evidence_missing_for	geoatlas:GAP:G8_direction_unresolved	geoatlas:KnowledgeGapAssociation	infores:geoatlas	logical_entailment	data_analysis_pipeline	UBERON:0002771	CL:0000129	geoatlas:DATASET:SEA-AD	G8_direction_unresolved	detectable severity response, no usable MR instrument — sign unknown, so agonise-vs-antagonise is undecidable	0.20614492485128455				MISSING	unverified
geoatlas:g00240	ENSEMBL:ENSG00000096092	geoatlas:evidence_missing_for	geoatlas:GAP:G8_direction_unresolved	geoatlas:KnowledgeGapAssociation	infores:geoatlas	logical_entailment	data_analysis_pipeline	UBERON:0002771	CL:0000129	geoatlas:DATASET:SEA-AD	G8_direction_unresolved	detectable severity response, no usable MR instrument — sign unknown, so agonise-vs-antagonise is undecidable	0.12092139844431174				MISSING	unverified
geoatlas:g00241	ENSEMBL:ENSG00000152689	geoatlas:evidence_missing_for	geoatlas:GAP:G8_direction_unresolved	geoatlas:KnowledgeGapAssociation	infores:geoatlas	logical_entailment	data_analysis_pipeline	UBERON:0002771	CL:0000129	geoatlas:DATASET:SEA-AD	G8_direction_unresolved	detectable severity response, no usable MR instrument — sign unknown, so agonise-vs-antagonise is undecidable	0.13992943558468596				MISSING	unverified
geoatlas:g00242	ENSEMBL:ENSG00000227195	geoatlas:evidence_missing_for	geoatlas:GAP:G8_direction_unresolved	geoatlas:KnowledgeGapAssociation	infores:geoatlas	logical_entailment	data_analysis_pipeline	UBERON:0002771	CL:0000129	geoatlas:DATASET:SEA-AD	G8_direction_unresolved	detectable severity response, no usable MR instrument — sign unknown, so agonise-vs-antagonise is undecidable	0.2785294651647312				MISSING	unverified
geoatlas:g00243	ENSEMBL:ENSG00000250592	geoatlas:evidence_missing_for	geoatlas:GAP:G8_direction_unresolved	geoatlas:KnowledgeGapAssociation	infores:geoatlas	logical_entailment	data_analysis_pipeline	UBERON:0002771	CL:0000129	geoatlas:DATASET:SEA-AD	G8_direction_unresolved	detectable severity response, no usable MR instrument — sign unknown, so agonise-vs-antagonise is undecidable	0.195476752412169				MISSING	unverified
geoatlas:g00244	ENSEMBL:ENSG00000104447	geoatlas:evidence_missing_for	geoatlas:GAP:G8_direction_unresolved	geoatlas:KnowledgeGapAssociation	infores:geoatlas	logical_entailment	data_analysis_pipeline	UBERON:0002771	CL:0000129	geoatlas:DATASET:SEA-AD	G8_direction_unresolved	detectable severity response, no usable MR instrument — sign unknown, so agonise-vs-antagonise is undecidable	0.06461682426080866				MISSING	unverified
geoatlas:g00245	geoatlas:GENE:LINC02937	geoatlas:evidence_missing_for	geoatlas:GAP:G8_direction_unresolved	geoatlas:KnowledgeGapAssociation	infores:geoatlas	logical_entailment	data_analysis_pipeline	UBERON:0002771	CL:0000129	geoatlas:DATASET:SEA-AD	G8_direction_unresolved	detectable severity response, no usable MR instrument — sign unknown, so agonise-vs-antagonise is undecidable	0.1257739676993443				MISSING	unverified
geoatlas:g00246	ENSEMBL:ENSG00000186818	geoatlas:evidence_missing_for	geoatlas:GAP:G8_direction_unresolved	geoatlas:KnowledgeGapAssociation	infores:geoatlas	logical_entailment	data_analysis_pipeline	UBERON:0002771	CL:0000129	geoatlas:DATASET:SEA-AD	G8_direction_unresolved	detectable severity response, no usable MR instrument — sign unknown, so agonise-vs-antagonise is undecidable	0.11084652646885086				MISSING	unverified
geoatlas:g00247	ENSEMBL:ENSG00000102882	geoatlas:evidence_missing_for	geoatlas:GAP:G8_direction_unresolved	geoatlas:KnowledgeGapAssociation	infores:geoatlas	logical_entailment	data_analysis_pipeline	UBERON:0002771	CL:0000129	geoatlas:DATASET:SEA-AD	G8_direction_unresolved	detectable severity response, no usable MR instrument — sign unknown, so agonise-vs-antagonise is undecidable	0.0813093476155439				MISSING	unverified
geoatlas:g00248	geoatlas:GENE:LINC02942	geoatlas:evidence_missing_for	geoatlas:GAP:G8_direction_unresolved	geoatlas:KnowledgeGapAssociation	infores:geoatlas	logical_entailment	data_analysis_pipeline	UBERON:0002771	CL:0000129	geoatlas:DATASET:SEA-AD	G8_direction_unresolved	detectable severity response, no usable MR instrument — sign unknown, so agonise-vs-antagonise is undecidable	0.1960319327214353				MISSING	unverified
geoatlas:g00249	ENSEMBL:ENSG00000157483	geoatlas:evidence_missing_for	geoatlas:GAP:G8_direction_unresolved	geoatlas:KnowledgeGapAssociation	infores:geoatlas	logical_entailment	data_analysis_pipeline	UBERON:0002771	CL:0000129	geoatlas:DATASET:SEA-AD	G8_direction_unresolved	detectable severity response, no usable MR instrument — sign unknown, so agonise-vs-antagonise is undecidable	0.0897552243779183				MISSING	unverified
geoatlas:g00250	ENSEMBL:ENSG00000140199	geoatlas:evidence_missing_for	geoatlas:GAP:G8_direction_unresolved	geoatlas:KnowledgeGapAssociation	infores:geoatlas	logical_entailment	data_analysis_pipeline	UBERON:0002771	CL:0000129	geoatlas:DATASET:SEA-AD	G8_direction_unresolved	detectable severity response, no usable MR instrument — sign unknown, so agonise-vs-antagonise is undecidable	0.0450277595703998				MISSING	unverified
geoatlas:g00251	ENSEMBL:ENSG00000136436	geoatlas:evidence_missing_for	geoatlas:GAP:G8_direction_unresolved	geoatlas:KnowledgeGapAssociation	infores:geoatlas	logical_entailment	data_analysis_pipeline	UBERON:0002771	CL:0000129	geoatlas:DATASET:SEA-AD	G8_direction_unresolved	detectable severity response, no usable MR instrument — sign unknown, so agonise-vs-antagonise is undecidable	0.07781462063830034				MISSING	unverified
geoatlas:g00252	ENSEMBL:ENSG00000108256	geoatlas:evidence_missing_for	geoatlas:GAP:G8_direction_unresolved	geoatlas:KnowledgeGapAssociation	infores:geoatlas	logical_entailment	data_analysis_pipeline	UBERON:0002771	CL:0000129	geoatlas:DATASET:SEA-AD	G8_direction_unresolved	detectable severity response, no usable MR instrument — sign unknown, so agonise-vs-antagonise is undecidable	0.05401967372467324				MISSING	unverified
geoatlas:g00253	ENSEMBL:ENSG00000280441	geoatlas:evidence_missing_for	geoatlas:GAP:G8_direction_unresolved	geoatlas:KnowledgeGapAssociation	infores:geoatlas	logical_entailment	data_analysis_pipeline	UBERON:0002771	CL:0000129	geoatlas:DATASET:SEA-AD	G8_direction_unresolved	detectable severity response, no usable MR instrument — sign unknown, so agonise-vs-antagonise is undecidable	0.26376606106621914				MISSING	unverified
geoatlas:g00254	ENSEMBL:ENSG00000287807	geoatlas:evidence_missing_for	geoatlas:GAP:G8_direction_unresolved	geoatlas:KnowledgeGapAssociation	infores:geoatlas	logical_entailment	data_analysis_pipeline	UBERON:0002771	CL:0000129	geoatlas:DATASET:SEA-AD	G8_direction_unresolved	detectable severity response, no usable MR instrument — sign unknown, so agonise-vs-antagonise is undecidable	0.17481609148208938				MISSING	unverified
geoatlas:g00255	ENSEMBL:ENSG00000287216	geoatlas:evidence_missing_for	geoatlas:GAP:G8_direction_unresolved	geoatlas:KnowledgeGapAssociation	infores:geoatlas	logical_entailment	data_analysis_pipeline	UBERON:0002771	CL:0000129	geoatlas:DATASET:SEA-AD	G8_direction_unresolved	detectable severity response, no usable MR instrument — sign unknown, so agonise-vs-antagonise is undecidable	0.13783637000483775				MISSING	unverified
geoatlas:g00256	ENSEMBL:ENSG00000035403	geoatlas:evidence_missing_for	geoatlas:GAP:G8_direction_unresolved	geoatlas:KnowledgeGapAssociation	infores:geoatlas	logical_entailment	data_analysis_pipeline	UBERON:0002771	CL:0000129	geoatlas:DATASET:SEA-AD	G8_direction_unresolved	detectable severity response, no usable MR instrument — sign unknown, so agonise-vs-antagonise is undecidable	0.060220153168663824				MISSING	unverified
geoatlas:g00257	ENSEMBL:ENSG00000138172	geoatlas:evidence_missing_for	geoatlas:GAP:G8_direction_unresolved	geoatlas:KnowledgeGapAssociation	infores:geoatlas	logical_entailment	data_analysis_pipeline	UBERON:0002771	CL:0000129	geoatlas:DATASET:SEA-AD	G8_direction_unresolved	detectable severity response, no usable MR instrument — sign unknown, so agonise-vs-antagonise is undecidable	0.13141298484167402				MISSING	unverified
geoatlas:g00258	ENSEMBL:ENSG00000152558	geoatlas:evidence_missing_for	geoatlas:GAP:G8_direction_unresolved	geoatlas:KnowledgeGapAssociation	infores:geoatlas	logical_entailment	data_analysis_pipeline	UBERON:0002771	CL:0000129	geoatlas:DATASET:SEA-AD	G8_direction_unresolved	detectable severity response, no usable MR instrument — sign unknown, so agonise-vs-antagonise is undecidable	0.07199513815703754				MISSING	unverified
geoatlas:g00259	ENSEMBL:ENSG00000285588	geoatlas:evidence_missing_for	geoatlas:GAP:G8_direction_unresolved	geoatlas:KnowledgeGapAssociation	infores:geoatlas	logical_entailment	data_analysis_pipeline	UBERON:0002771	CL:0000129	geoatlas:DATASET:SEA-AD	G8_direction_unresolved	detectable severity response, no usable MR instrument — sign unknown, so agonise-vs-antagonise is undecidable	0.22378237426200268				MISSING	unverified
geoatlas:g00260	ENSEMBL:ENSG00000185189	geoatlas:evidence_missing_for	geoatlas:GAP:G8_direction_unresolved	geoatlas:KnowledgeGapAssociation	infores:geoatlas	logical_entailment	data_analysis_pipeline	UBERON:0002771	CL:0000129	geoatlas:DATASET:SEA-AD	G8_direction_unresolved	detectable severity response, no usable MR instrument — sign unknown, so agonise-vs-antagonise is undecidable	0.12019169780425512				MISSING	unverified
geoatlas:g00261	ENSEMBL:ENSG00000135916	geoatlas:evidence_missing_for	geoatlas:GAP:G8_direction_unresolved	geoatlas:KnowledgeGapAssociation	infores:geoatlas	logical_entailment	data_analysis_pipeline	UBERON:0002771	CL:0000129	geoatlas:DATASET:SEA-AD	G8_direction_unresolved	detectable severity response, no usable MR instrument — sign unknown, so agonise-vs-antagonise is undecidable	0.11997996459040008				MISSING	unverified
geoatlas:g00262	ENSEMBL:ENSG00000215252	geoatlas:evidence_missing_for	geoatlas:GAP:G8_direction_unresolved	geoatlas:KnowledgeGapAssociation	infores:geoatlas	logical_entailment	data_analysis_pipeline	UBERON:0002771	CL:0000129	geoatlas:DATASET:SEA-AD	G8_direction_unresolved	detectable severity response, no usable MR instrument — sign unknown, so agonise-vs-antagonise is undecidable	0.1370272194018279				MISSING	unverified
geoatlas:g00263	ENSEMBL:ENSG00000111231	geoatlas:evidence_missing_for	geoatlas:GAP:G8_direction_unresolved	geoatlas:KnowledgeGapAssociation	infores:geoatlas	logical_entailment	data_analysis_pipeline	UBERON:0002771	CL:0000129	geoatlas:DATASET:SEA-AD	G8_direction_unresolved	detectable severity response, no usable MR instrument — sign unknown, so agonise-vs-antagonise is undecidable	0.11414838842693605				MISSING	unverified
geoatlas:g00264	ENSEMBL:ENSG00000226688	geoatlas:evidence_missing_for	geoatlas:GAP:G8_direction_unresolved	geoatlas:KnowledgeGapAssociation	infores:geoatlas	logical_entailment	data_analysis_pipeline	UBERON:0002771	CL:0000129	geoatlas:DATASET:SEA-AD	G8_direction_unresolved	detectable severity response, no usable MR instrument — sign unknown, so agonise-vs-antagonise is undecidable	0.09974910104190059				MISSING	unverified
geoatlas:g00265	ENSEMBL:ENSG00000196187	geoatlas:evidence_missing_for	geoatlas:GAP:G8_direction_unresolved	geoatlas:KnowledgeGapAssociation	infores:geoatlas	logical_entailment	data_analysis_pipeline	UBERON:0002771	CL:0000129	geoatlas:DATASET:SEA-AD	G8_direction_unresolved	detectable severity response, no usable MR instrument — sign unknown, so agonise-vs-antagonise is undecidable	0.050482127775069864				MISSING	unverified
geoatlas:g00266	ENSEMBL:ENSG00000117152	geoatlas:evidence_missing_for	geoatlas:GAP:G8_direction_unresolved	geoatlas:KnowledgeGapAssociation	infores:geoatlas	logical_entailment	data_analysis_pipeline	UBERON:0002771	CL:0000129	geoatlas:DATASET:SEA-AD	G8_direction_unresolved	detectable severity response, no usable MR instrument — sign unknown, so agonise-vs-antagonise is undecidable	0.166302896511962				MISSING	unverified
geoatlas:g00267	ENSEMBL:ENSG00000134030	geoatlas:evidence_missing_for	geoatlas:GAP:G8_direction_unresolved	geoatlas:KnowledgeGapAssociation	infores:geoatlas	logical_entailment	data_analysis_pipeline	UBERON:0002771	CL:0000129	geoatlas:DATASET:SEA-AD	G8_direction_unresolved	detectable severity response, no usable MR instrument — sign unknown, so agonise-vs-antagonise is undecidable	0.06764606008623265				MISSING	unverified
geoatlas:g00268	ENSEMBL:ENSG00000099139	geoatlas:evidence_missing_for	geoatlas:GAP:G8_direction_unresolved	geoatlas:KnowledgeGapAssociation	infores:geoatlas	logical_entailment	data_analysis_pipeline	UBERON:0002771	CL:0000129	geoatlas:DATASET:SEA-AD	G8_direction_unresolved	detectable severity response, no usable MR instrument — sign unknown, so agonise-vs-antagonise is undecidable	0.10457270705524956				MISSING	unverified
geoatlas:g00269	ENSEMBL:ENSG00000172428	geoatlas:evidence_missing_for	geoatlas:GAP:G8_direction_unresolved	geoatlas:KnowledgeGapAssociation	infores:geoatlas	logical_entailment	data_analysis_pipeline	UBERON:0002771	CL:0000129	geoatlas:DATASET:SEA-AD	G8_direction_unresolved	detectable severity response, no usable MR instrument — sign unknown, so agonise-vs-antagonise is undecidable	0.11946141440878806				MISSING	unverified
geoatlas:g00270	ENSEMBL:ENSG00000287256	geoatlas:evidence_missing_for	geoatlas:GAP:G8_direction_unresolved	geoatlas:KnowledgeGapAssociation	infores:geoatlas	logical_entailment	data_analysis_pipeline	UBERON:0002771	CL:0000129	geoatlas:DATASET:SEA-AD	G8_direction_unresolved	detectable severity response, no usable MR instrument — sign unknown, so agonise-vs-antagonise is undecidable	0.20697932502652172				MISSING	unverified
geoatlas:g00271	ENSEMBL:ENSG00000214078	geoatlas:evidence_missing_for	geoatlas:GAP:G8_direction_unresolved	geoatlas:KnowledgeGapAssociation	infores:geoatlas	logical_entailment	data_analysis_pipeline	UBERON:0002771	CL:0000129	geoatlas:DATASET:SEA-AD	G8_direction_unresolved	detectable severity response, no usable MR instrument — sign unknown, so agonise-vs-antagonise is undecidable	0.0513871898566626				MISSING	unverified
geoatlas:g00272	ENSEMBL:ENSG00000197971	geoatlas:evidence_missing_for	geoatlas:GAP:G8_direction_unresolved	geoatlas:KnowledgeGapAssociation	infores:geoatlas	logical_entailment	data_analysis_pipeline	UBERON:0002771	CL:0000129	geoatlas:DATASET:SEA-AD	G8_direction_unresolved	detectable severity response, no usable MR instrument — sign unknown, so agonise-vs-antagonise is undecidable	0.04647221398445553				MISSING	unverified
geoatlas:g00273	ENSEMBL:ENSG00000178951	geoatlas:evidence_missing_for	geoatlas:GAP:G8_direction_unresolved	geoatlas:KnowledgeGapAssociation	infores:geoatlas	logical_entailment	data_analysis_pipeline	UBERON:0002771	CL:0000129	geoatlas:DATASET:SEA-AD	G8_direction_unresolved	detectable severity response, no usable MR instrument — sign unknown, so agonise-vs-antagonise is undecidable	0.07253527234906876				MISSING	unverified
geoatlas:g00274	ENSEMBL:ENSG00000182310	geoatlas:evidence_missing_for	geoatlas:GAP:G8_direction_unresolved	geoatlas:KnowledgeGapAssociation	infores:geoatlas	logical_entailment	data_analysis_pipeline	UBERON:0002771	CL:0000129	geoatlas:DATASET:SEA-AD	G8_direction_unresolved	detectable severity response, no usable MR instrument — sign unknown, so agonise-vs-antagonise is undecidable	0.1404149153450639				MISSING	unverified
geoatlas:g00275	ENSEMBL:ENSG00000264630	geoatlas:evidence_missing_for	geoatlas:GAP:G8_direction_unresolved	geoatlas:KnowledgeGapAssociation	infores:geoatlas	logical_entailment	data_analysis_pipeline	UBERON:0002771	CL:0000129	geoatlas:DATASET:SEA-AD	G8_direction_unresolved	detectable severity response, no usable MR instrument — sign unknown, so agonise-vs-antagonise is undecidable	0.2036049900453524				MISSING	unverified
geoatlas:g00276	ENSEMBL:ENSG00000140455	geoatlas:evidence_missing_for	geoatlas:GAP:G8_direction_unresolved	geoatlas:KnowledgeGapAssociation	infores:geoatlas	logical_entailment	data_analysis_pipeline	UBERON:0002771	CL:0000129	geoatlas:DATASET:SEA-AD	G8_direction_unresolved	detectable severity response, no usable MR instrument — sign unknown, so agonise-vs-antagonise is undecidable	0.0421854530271712				MISSING	unverified
geoatlas:g00277	ENSEMBL:ENSG00000113719	geoatlas:evidence_missing_for	geoatlas:GAP:G8_direction_unresolved	geoatlas:KnowledgeGapAssociation	infores:geoatlas	logical_entailment	data_analysis_pipeline	UBERON:0002771	CL:0000129	geoatlas:DATASET:SEA-AD	G8_direction_unresolved	detectable severity response, no usable MR instrument — sign unknown, so agonise-vs-antagonise is undecidable	0.07561959783156375				MISSING	unverified
geoatlas:g00278	ENSEMBL:ENSG00000228539	geoatlas:evidence_missing_for	geoatlas:GAP:G8_direction_unresolved	geoatlas:KnowledgeGapAssociation	infores:geoatlas	logical_entailment	data_analysis_pipeline	UBERON:0002771	CL:0000129	geoatlas:DATASET:SEA-AD	G8_direction_unresolved	detectable severity response, no usable MR instrument — sign unknown, so agonise-vs-antagonise is undecidable	0.2646497692878443				MISSING	unverified
geoatlas:g00279	ENSEMBL:ENSG00000120963	geoatlas:evidence_missing_for	geoatlas:GAP:G8_direction_unresolved	geoatlas:KnowledgeGapAssociation	infores:geoatlas	logical_entailment	data_analysis_pipeline	UBERON:0002771	CL:0000129	geoatlas:DATASET:SEA-AD	G8_direction_unresolved	detectable severity response, no usable MR instrument — sign unknown, so agonise-vs-antagonise is undecidable	0.07133177583779983				MISSING	unverified
geoatlas:g00280	ENSEMBL:ENSG00000187094	geoatlas:evidence_missing_for	geoatlas:GAP:G8_direction_unresolved	geoatlas:KnowledgeGapAssociation	infores:geoatlas	logical_entailment	data_analysis_pipeline	UBERON:0002771	CL:0000129	geoatlas:DATASET:SEA-AD	G8_direction_unresolved	detectable severity response, no usable MR instrument — sign unknown, so agonise-vs-antagonise is undecidable	0.18680780734499725				MISSING	unverified
geoatlas:g00281	ENSEMBL:ENSG00000182162	geoatlas:evidence_missing_for	geoatlas:GAP:G8_direction_unresolved	geoatlas:KnowledgeGapAssociation	infores:geoatlas	logical_entailment	data_analysis_pipeline	UBERON:0002771	CL:0000129	geoatlas:DATASET:SEA-AD	G8_direction_unresolved	detectable severity response, no usable MR instrument — sign unknown, so agonise-vs-antagonise is undecidable	0.1906394301503935				MISSING	unverified
geoatlas:g00282	ENSEMBL:ENSG00000145414	geoatlas:evidence_missing_for	geoatlas:GAP:G8_direction_unresolved	geoatlas:KnowledgeGapAssociation	infores:geoatlas	logical_entailment	data_analysis_pipeline	UBERON:0002771	CL:0000129	geoatlas:DATASET:SEA-AD	G8_direction_unresolved	detectable severity response, no usable MR instrument — sign unknown, so agonise-vs-antagonise is undecidable	0.06741085389486233				MISSING	unverified
geoatlas:g00283	ENSEMBL:ENSG00000235939	geoatlas:evidence_missing_for	geoatlas:GAP:G8_direction_unresolved	geoatlas:KnowledgeGapAssociation	infores:geoatlas	logical_entailment	data_analysis_pipeline	UBERON:0002771	CL:0000129	geoatlas:DATASET:SEA-AD	G8_direction_unresolved	detectable severity response, no usable MR instrument — sign unknown, so agonise-vs-antagonise is undecidable	0.21886285143104603				MISSING	unverified
geoatlas:g00284	ENSEMBL:ENSG00000197976	geoatlas:evidence_missing_for	geoatlas:GAP:G8_direction_unresolved	geoatlas:KnowledgeGapAssociation	infores:geoatlas	logical_entailment	data_analysis_pipeline	UBERON:0002771	CL:0000129	geoatlas:DATASET:SEA-AD	G8_direction_unresolved	detectable severity response, no usable MR instrument — sign unknown, so agonise-vs-antagonise is undecidable	0.09366874364053296				MISSING	unverified
geoatlas:g00285	ENSEMBL:ENSG00000166136	geoatlas:evidence_missing_for	geoatlas:GAP:G8_direction_unresolved	geoatlas:KnowledgeGapAssociation	infores:geoatlas	logical_entailment	data_analysis_pipeline	UBERON:0002771	CL:0000129	geoatlas:DATASET:SEA-AD	G8_direction_unresolved	detectable severity response, no usable MR instrument — sign unknown, so agonise-vs-antagonise is undecidable	0.08534625117258296				MISSING	unverified
geoatlas:g00286	ENSEMBL:ENSG00000136206	geoatlas:evidence_missing_for	geoatlas:GAP:G8_direction_unresolved	geoatlas:KnowledgeGapAssociation	infores:geoatlas	logical_entailment	data_analysis_pipeline	UBERON:0002771	CL:0000129	geoatlas:DATASET:SEA-AD	G8_direction_unresolved	detectable severity response, no usable MR instrument — sign unknown, so agonise-vs-antagonise is undecidable	0.1686637667103743				MISSING	unverified
geoatlas:g00287	ENSEMBL:ENSG00000138760	geoatlas:evidence_missing_for	geoatlas:GAP:G8_direction_unresolved	geoatlas:KnowledgeGapAssociation	infores:geoatlas	logical_entailment	data_analysis_pipeline	UBERON:0002771	CL:0000129	geoatlas:DATASET:SEA-AD	G8_direction_unresolved	detectable severity response, no usable MR instrument — sign unknown, so agonise-vs-antagonise is undecidable	0.0545331768926385				MISSING	unverified
geoatlas:g00288	ENSEMBL:ENSG00000249593	geoatlas:evidence_missing_for	geoatlas:GAP:G8_direction_unresolved	geoatlas:KnowledgeGapAssociation	infores:geoatlas	logical_entailment	data_analysis_pipeline	UBERON:0002771	CL:0000129	geoatlas:DATASET:SEA-AD	G8_direction_unresolved	detectable severity response, no usable MR instrument — sign unknown, so agonise-vs-antagonise is undecidable	0.1887943195549214				MISSING	unverified
geoatlas:g00289	ENSEMBL:ENSG00000228842	geoatlas:evidence_missing_for	geoatlas:GAP:G8_direction_unresolved	geoatlas:KnowledgeGapAssociation	infores:geoatlas	logical_entailment	data_analysis_pipeline	UBERON:0002771	CL:0000129	geoatlas:DATASET:SEA-AD	G8_direction_unresolved	detectable severity response, no usable MR instrument — sign unknown, so agonise-vs-antagonise is undecidable	0.2212797330026894				MISSING	unverified
geoatlas:g00290	ENSEMBL:ENSG00000180917	geoatlas:evidence_missing_for	geoatlas:GAP:G8_direction_unresolved	geoatlas:KnowledgeGapAssociation	infores:geoatlas	logical_entailment	data_analysis_pipeline	UBERON:0002771	CL:0000129	geoatlas:DATASET:SEA-AD	G8_direction_unresolved	detectable severity response, no usable MR instrument — sign unknown, so agonise-vs-antagonise is undecidable	0.07779670969366667				MISSING	unverified
geoatlas:g00291	ENSEMBL:ENSG00000131981	geoatlas:evidence_missing_for	geoatlas:GAP:G8_direction_unresolved	geoatlas:KnowledgeGapAssociation	infores:geoatlas	logical_entailment	data_analysis_pipeline	UBERON:0002771	CL:0000129	geoatlas:DATASET:SEA-AD	G8_direction_unresolved	detectable severity response, no usable MR instrument — sign unknown, so agonise-vs-antagonise is undecidable	0.20710417591031796				MISSING	unverified
geoatlas:g00292	ENSEMBL:ENSG00000168916	geoatlas:evidence_missing_for	geoatlas:GAP:G8_direction_unresolved	geoatlas:KnowledgeGapAssociation	infores:geoatlas	logical_entailment	data_analysis_pipeline	UBERON:0002771	CL:0000129	geoatlas:DATASET:SEA-AD	G8_direction_unresolved	detectable severity response, no usable MR instrument — sign unknown, so agonise-vs-antagonise is undecidable	0.11559591662121849				MISSING	unverified
geoatlas:g00293	ENSEMBL:ENSG00000175782	geoatlas:evidence_missing_for	geoatlas:GAP:G8_direction_unresolved	geoatlas:KnowledgeGapAssociation	infores:geoatlas	logical_entailment	data_analysis_pipeline	UBERON:0002771	CL:0000129	geoatlas:DATASET:SEA-AD	G8_direction_unresolved	detectable severity response, no usable MR instrument — sign unknown, so agonise-vs-antagonise is undecidable	0.09221963251822174				MISSING	unverified
geoatlas:g00294	ENSEMBL:ENSG00000182087	geoatlas:evidence_missing_for	geoatlas:GAP:G8_direction_unresolved	geoatlas:KnowledgeGapAssociation	infores:geoatlas	logical_entailment	data_analysis_pipeline	UBERON:0002771	CL:0000129	geoatlas:DATASET:SEA-AD	G8_direction_unresolved	detectable severity response, no usable MR instrument — sign unknown, so agonise-vs-antagonise is undecidable	0.09312083130256021				MISSING	unverified
geoatlas:g00295	ENSEMBL:ENSG00000059588	geoatlas:evidence_missing_for	geoatlas:GAP:G8_direction_unresolved	geoatlas:KnowledgeGapAssociation	infores:geoatlas	logical_entailment	data_analysis_pipeline	UBERON:0002771	CL:0000129	geoatlas:DATASET:SEA-AD	G8_direction_unresolved	detectable severity response, no usable MR instrument — sign unknown, so agonise-vs-antagonise is undecidable	0.09435642279957195				MISSING	unverified
geoatlas:g00296	ENSEMBL:ENSG00000141542	geoatlas:evidence_missing_for	geoatlas:GAP:G8_direction_unresolved	geoatlas:KnowledgeGapAssociation	infores:geoatlas	logical_entailment	data_analysis_pipeline	UBERON:0002771	CL:0000129	geoatlas:DATASET:SEA-AD	G8_direction_unresolved	detectable severity response, no usable MR instrument — sign unknown, so agonise-vs-antagonise is undecidable	0.09565700078085075				MISSING	unverified
geoatlas:g00297	ENSEMBL:ENSG00000169184	geoatlas:evidence_missing_for	geoatlas:GAP:G8_direction_unresolved	geoatlas:KnowledgeGapAssociation	infores:geoatlas	logical_entailment	data_analysis_pipeline	UBERON:0002771	CL:0000129	geoatlas:DATASET:SEA-AD	G8_direction_unresolved	detectable severity response, no usable MR instrument — sign unknown, so agonise-vs-antagonise is undecidable	0.1458069587461006				MISSING	unverified
geoatlas:g00298	ENSEMBL:ENSG00000258225	geoatlas:evidence_missing_for	geoatlas:GAP:G8_direction_unresolved	geoatlas:KnowledgeGapAssociation	infores:geoatlas	logical_entailment	data_analysis_pipeline	UBERON:0002771	CL:0000129	geoatlas:DATASET:SEA-AD	G8_direction_unresolved	detectable severity response, no usable MR instrument — sign unknown, so agonise-vs-antagonise is undecidable	0.19947330421908518				MISSING	unverified
geoatlas:g00299	ENSEMBL:ENSG00000133169	geoatlas:evidence_missing_for	geoatlas:GAP:G8_direction_unresolved	geoatlas:KnowledgeGapAssociation	infores:geoatlas	logical_entailment	data_analysis_pipeline	UBERON:0002771	CL:0000129	geoatlas:DATASET:SEA-AD	G8_direction_unresolved	detectable severity response, no usable MR instrument — sign unknown, so agonise-vs-antagonise is undecidable	0.189751906478004				MISSING	unverified
geoatlas:g00300	ENSEMBL:ENSG00000064655	geoatlas:evidence_missing_for	geoatlas:GAP:G8_direction_unresolved	geoatlas:KnowledgeGapAssociation	infores:geoatlas	logical_entailment	data_analysis_pipeline	UBERON:0002771	CL:0000129	geoatlas:DATASET:SEA-AD	G8_direction_unresolved	detectable severity response, no usable MR instrument — sign unknown, so agonise-vs-antagonise is undecidable	0.20055130997938297				MISSING	unverified
geoatlas:g00301	ENSEMBL:ENSG00000188647	geoatlas:evidence_missing_for	geoatlas:GAP:G8_direction_unresolved	geoatlas:KnowledgeGapAssociation	infores:geoatlas	logical_entailment	data_analysis_pipeline	UBERON:0002771	CL:0000129	geoatlas:DATASET:SEA-AD	G8_direction_unresolved	detectable severity response, no usable MR instrument — sign unknown, so agonise-vs-antagonise is undecidable	0.05453243727805706				MISSING	unverified
geoatlas:g00302	ENSEMBL:ENSG00000164105	geoatlas:evidence_missing_for	geoatlas:GAP:G8_direction_unresolved	geoatlas:KnowledgeGapAssociation	infores:geoatlas	logical_entailment	data_analysis_pipeline	UBERON:0002771	CL:0000129	geoatlas:DATASET:SEA-AD	G8_direction_unresolved	detectable severity response, no usable MR instrument — sign unknown, so agonise-vs-antagonise is undecidable	0.15478737571730736				MISSING	unverified
geoatlas:g00303	ENSEMBL:ENSG00000125753	geoatlas:evidence_missing_for	geoatlas:GAP:G8_direction_unresolved	geoatlas:KnowledgeGapAssociation	infores:geoatlas	logical_entailment	data_analysis_pipeline	UBERON:0002771	CL:0000129	geoatlas:DATASET:SEA-AD	G8_direction_unresolved	detectable severity response, no usable MR instrument — sign unknown, so agonise-vs-antagonise is undecidable	0.08983103015429339				MISSING	unverified
geoatlas:g00304	ENSEMBL:ENSG00000102409	geoatlas:evidence_missing_for	geoatlas:GAP:G8_direction_unresolved	geoatlas:KnowledgeGapAssociation	infores:geoatlas	logical_entailment	data_analysis_pipeline	UBERON:0002771	CL:0000129	geoatlas:DATASET:SEA-AD	G8_direction_unresolved	detectable severity response, no usable MR instrument — sign unknown, so agonise-vs-antagonise is undecidable	0.11964078059659079				MISSING	unverified
geoatlas:g00305	ENSEMBL:ENSG00000159202	geoatlas:evidence_missing_for	geoatlas:GAP:G8_direction_unresolved	geoatlas:KnowledgeGapAssociation	infores:geoatlas	logical_entailment	data_analysis_pipeline	UBERON:0002771	CL:0000129	geoatlas:DATASET:SEA-AD	G8_direction_unresolved	detectable severity response, no usable MR instrument — sign unknown, so agonise-vs-antagonise is undecidable	0.06633249282201728				MISSING	unverified
geoatlas:g00306	ENSEMBL:ENSG00000152092	geoatlas:evidence_missing_for	geoatlas:GAP:G8_direction_unresolved	geoatlas:KnowledgeGapAssociation	infores:geoatlas	logical_entailment	data_analysis_pipeline	UBERON:0002771	CL:0000129	geoatlas:DATASET:SEA-AD	G8_direction_unresolved	detectable severity response, no usable MR instrument — sign unknown, so agonise-vs-antagonise is undecidable	0.11772294770003451				MISSING	unverified
geoatlas:g00307	ENSEMBL:ENSG00000162704	geoatlas:evidence_missing_for	geoatlas:GAP:G8_direction_unresolved	geoatlas:KnowledgeGapAssociation	infores:geoatlas	logical_entailment	data_analysis_pipeline	UBERON:0002771	CL:0000129	geoatlas:DATASET:SEA-AD	G8_direction_unresolved	detectable severity response, no usable MR instrument — sign unknown, so agonise-vs-antagonise is undecidable	0.057256651788378014				MISSING	unverified
geoatlas:g00308	ENSEMBL:ENSG00000079277	geoatlas:evidence_missing_for	geoatlas:GAP:G8_direction_unresolved	geoatlas:KnowledgeGapAssociation	infores:geoatlas	logical_entailment	data_analysis_pipeline	UBERON:0002771	CL:0000129	geoatlas:DATASET:SEA-AD	G8_direction_unresolved	detectable severity response, no usable MR instrument — sign unknown, so agonise-vs-antagonise is undecidable	0.05284597407241911				MISSING	unverified
geoatlas:g00309	ENSEMBL:ENSG00000003147	geoatlas:evidence_missing_for	geoatlas:GAP:G8_direction_unresolved	geoatlas:KnowledgeGapAssociation	infores:geoatlas	logical_entailment	data_analysis_pipeline	UBERON:0002771	CL:0000129	geoatlas:DATASET:SEA-AD	G8_direction_unresolved	detectable severity response, no usable MR instrument — sign unknown, so agonise-vs-antagonise is undecidable	0.09291199324523507				MISSING	unverified
geoatlas:g00310	ENSEMBL:ENSG00000245662	geoatlas:evidence_missing_for	geoatlas:GAP:G8_direction_unresolved	geoatlas:KnowledgeGapAssociation	infores:geoatlas	logical_entailment	data_analysis_pipeline	UBERON:0002771	CL:0000129	geoatlas:DATASET:SEA-AD	G8_direction_unresolved	detectable severity response, no usable MR instrument — sign unknown, so agonise-vs-antagonise is undecidable	0.396750029750982				MISSING	unverified
geoatlas:g00311	ENSEMBL:ENSG00000267274	geoatlas:evidence_missing_for	geoatlas:GAP:G8_direction_unresolved	geoatlas:KnowledgeGapAssociation	infores:geoatlas	logical_entailment	data_analysis_pipeline	UBERON:0002771	CL:0000129	geoatlas:DATASET:SEA-AD	G8_direction_unresolved	detectable severity response, no usable MR instrument — sign unknown, so agonise-vs-antagonise is undecidable	0.13223752955509402				MISSING	unverified
geoatlas:g00312	ENSEMBL:ENSG00000089505	geoatlas:evidence_missing_for	geoatlas:GAP:G8_direction_unresolved	geoatlas:KnowledgeGapAssociation	infores:geoatlas	logical_entailment	data_analysis_pipeline	UBERON:0002771	CL:0000129	geoatlas:DATASET:SEA-AD	G8_direction_unresolved	detectable severity response, no usable MR instrument — sign unknown, so agonise-vs-antagonise is undecidable	0.08726473639178355				MISSING	unverified
geoatlas:g00313	ENSEMBL:ENSG00000257925	geoatlas:evidence_missing_for	geoatlas:GAP:G8_direction_unresolved	geoatlas:KnowledgeGapAssociation	infores:geoatlas	logical_entailment	data_analysis_pipeline	UBERON:0002771	CL:0000129	geoatlas:DATASET:SEA-AD	G8_direction_unresolved	detectable severity response, no usable MR instrument — sign unknown, so agonise-vs-antagonise is undecidable	0.2009411335395115				MISSING	unverified
geoatlas:g00314	ENSEMBL:ENSG00000261052	geoatlas:evidence_missing_for	geoatlas:GAP:G8_direction_unresolved	geoatlas:KnowledgeGapAssociation	infores:geoatlas	logical_entailment	data_analysis_pipeline	UBERON:0002771	CL:0000129	geoatlas:DATASET:SEA-AD	G8_direction_unresolved	detectable severity response, no usable MR instrument — sign unknown, so agonise-vs-antagonise is undecidable	0.12988032931247992				MISSING	unverified
geoatlas:g00315	ENSEMBL:ENSG00000163171	geoatlas:evidence_missing_for	geoatlas:GAP:G8_direction_unresolved	geoatlas:KnowledgeGapAssociation	infores:geoatlas	logical_entailment	data_analysis_pipeline	UBERON:0002771	CL:0000129	geoatlas:DATASET:SEA-AD	G8_direction_unresolved	detectable severity response, no usable MR instrument — sign unknown, so agonise-vs-antagonise is undecidable	0.11553718877086654				MISSING	unverified
geoatlas:g00316	ENSEMBL:ENSG00000104872	geoatlas:evidence_missing_for	geoatlas:GAP:G8_direction_unresolved	geoatlas:KnowledgeGapAssociation	infores:geoatlas	logical_entailment	data_analysis_pipeline	UBERON:0002771	CL:0000129	geoatlas:DATASET:SEA-AD	G8_direction_unresolved	detectable severity response, no usable MR instrument — sign unknown, so agonise-vs-antagonise is undecidable	0.09381125477852482				MISSING	unverified
geoatlas:g00317	ENSEMBL:ENSG00000143127	geoatlas:evidence_missing_for	geoatlas:GAP:G8_direction_unresolved	geoatlas:KnowledgeGapAssociation	infores:geoatlas	logical_entailment	data_analysis_pipeline	UBERON:0002771	CL:0000129	geoatlas:DATASET:SEA-AD	G8_direction_unresolved	detectable severity response, no usable MR instrument — sign unknown, so agonise-vs-antagonise is undecidable	0.17206759178142714				MISSING	unverified
geoatlas:g00318	ENSEMBL:ENSG00000136040	geoatlas:evidence_missing_for	geoatlas:GAP:G8_direction_unresolved	geoatlas:KnowledgeGapAssociation	infores:geoatlas	logical_entailment	data_analysis_pipeline	UBERON:0002771	CL:0000129	geoatlas:DATASET:SEA-AD	G8_direction_unresolved	detectable severity response, no usable MR instrument — sign unknown, so agonise-vs-antagonise is undecidable	0.15682430582575724				MISSING	unverified
geoatlas:g00319	geoatlas:GENE:GNA15-DT	geoatlas:evidence_missing_for	geoatlas:GAP:G8_direction_unresolved	geoatlas:KnowledgeGapAssociation	infores:geoatlas	logical_entailment	data_analysis_pipeline	UBERON:0002771	CL:0000129	geoatlas:DATASET:SEA-AD	G8_direction_unresolved	detectable severity response, no usable MR instrument — sign unknown, so agonise-vs-antagonise is undecidable	0.16442289101468588				MISSING	unverified
geoatlas:g00320	ENSEMBL:ENSG00000281026	geoatlas:evidence_missing_for	geoatlas:GAP:G8_direction_unresolved	geoatlas:KnowledgeGapAssociation	infores:geoatlas	logical_entailment	data_analysis_pipeline	UBERON:0002771	CL:0000129	geoatlas:DATASET:SEA-AD	G8_direction_unresolved	detectable severity response, no usable MR instrument — sign unknown, so agonise-vs-antagonise is undecidable	0.10847195557965306				MISSING	unverified
geoatlas:g00321	ENSEMBL:ENSG00000230806	geoatlas:evidence_missing_for	geoatlas:GAP:G8_direction_unresolved	geoatlas:KnowledgeGapAssociation	infores:geoatlas	logical_entailment	data_analysis_pipeline	UBERON:0002771	CL:0000129	geoatlas:DATASET:SEA-AD	G8_direction_unresolved	detectable severity response, no usable MR instrument — sign unknown, so agonise-vs-antagonise is undecidable	0.14415823318718382				MISSING	unverified
geoatlas:g00322	ENSEMBL:ENSG00000047188	geoatlas:evidence_missing_for	geoatlas:GAP:G8_direction_unresolved	geoatlas:KnowledgeGapAssociation	infores:geoatlas	logical_entailment	data_analysis_pipeline	UBERON:0002771	CL:0000129	geoatlas:DATASET:SEA-AD	G8_direction_unresolved	detectable severity response, no usable MR instrument — sign unknown, so agonise-vs-antagonise is undecidable	0.03435742430066854				MISSING	unverified
geoatlas:g00323	ENSEMBL:ENSG00000113658	geoatlas:evidence_missing_for	geoatlas:GAP:G8_direction_unresolved	geoatlas:KnowledgeGapAssociation	infores:geoatlas	logical_entailment	data_analysis_pipeline	UBERON:0002771	CL:0000129	geoatlas:DATASET:SEA-AD	G8_direction_unresolved	detectable severity response, no usable MR instrument — sign unknown, so agonise-vs-antagonise is undecidable	0.04630673640310787				MISSING	unverified
geoatlas:g00324	ENSEMBL:ENSG00000070718	geoatlas:evidence_missing_for	geoatlas:GAP:G8_direction_unresolved	geoatlas:KnowledgeGapAssociation	infores:geoatlas	logical_entailment	data_analysis_pipeline	UBERON:0002771	CL:0000129	geoatlas:DATASET:SEA-AD	G8_direction_unresolved	detectable severity response, no usable MR instrument — sign unknown, so agonise-vs-antagonise is undecidable	0.07559669993958404				MISSING	unverified
geoatlas:g00325	ENSEMBL:ENSG00000287454	geoatlas:evidence_missing_for	geoatlas:GAP:G8_direction_unresolved	geoatlas:KnowledgeGapAssociation	infores:geoatlas	logical_entailment	data_analysis_pipeline	UBERON:0002771	CL:0000129	geoatlas:DATASET:SEA-AD	G8_direction_unresolved	detectable severity response, no usable MR instrument — sign unknown, so agonise-vs-antagonise is undecidable	0.20536781899945844				MISSING	unverified
geoatlas:g00326	geoatlas:GENE:ADAM7-AS1	geoatlas:evidence_missing_for	geoatlas:GAP:G8_direction_unresolved	geoatlas:KnowledgeGapAssociation	infores:geoatlas	logical_entailment	data_analysis_pipeline	UBERON:0002771	CL:0000129	geoatlas:DATASET:SEA-AD	G8_direction_unresolved	detectable severity response, no usable MR instrument — sign unknown, so agonise-vs-antagonise is undecidable	0.16673895162885485				MISSING	unverified
geoatlas:g00327	ENSEMBL:ENSG00000166333	geoatlas:evidence_missing_for	geoatlas:GAP:G8_direction_unresolved	geoatlas:KnowledgeGapAssociation	infores:geoatlas	logical_entailment	data_analysis_pipeline	UBERON:0002771	CL:0000129	geoatlas:DATASET:SEA-AD	G8_direction_unresolved	detectable severity response, no usable MR instrument — sign unknown, so agonise-vs-antagonise is undecidable	0.08271193990712988				MISSING	unverified
geoatlas:g00328	ENSEMBL:ENSG00000261455	geoatlas:evidence_missing_for	geoatlas:GAP:G8_direction_unresolved	geoatlas:KnowledgeGapAssociation	infores:geoatlas	logical_entailment	data_analysis_pipeline	UBERON:0002771	CL:0000129	geoatlas:DATASET:SEA-AD	G8_direction_unresolved	detectable severity response, no usable MR instrument — sign unknown, so agonise-vs-antagonise is undecidable	0.1711358153274424				MISSING	unverified
geoatlas:g00329	ENSEMBL:ENSG00000187229	geoatlas:evidence_missing_for	geoatlas:GAP:G8_direction_unresolved	geoatlas:KnowledgeGapAssociation	infores:geoatlas	logical_entailment	data_analysis_pipeline	UBERON:0002771	CL:0000129	geoatlas:DATASET:SEA-AD	G8_direction_unresolved	detectable severity response, no usable MR instrument — sign unknown, so agonise-vs-antagonise is undecidable	0.2106858668637387				MISSING	unverified
geoatlas:g00330	ENSEMBL:ENSG00000184515	geoatlas:evidence_missing_for	geoatlas:GAP:G8_direction_unresolved	geoatlas:KnowledgeGapAssociation	infores:geoatlas	logical_entailment	data_analysis_pipeline	UBERON:0002771	CL:0000129	geoatlas:DATASET:SEA-AD	G8_direction_unresolved	detectable severity response, no usable MR instrument — sign unknown, so agonise-vs-antagonise is undecidable	0.19567426888485862				MISSING	unverified
geoatlas:g00331	ENSEMBL:ENSG00000106537	geoatlas:evidence_missing_for	geoatlas:GAP:G8_direction_unresolved	geoatlas:KnowledgeGapAssociation	infores:geoatlas	logical_entailment	data_analysis_pipeline	UBERON:0002771	CL:0000129	geoatlas:DATASET:SEA-AD	G8_direction_unresolved	detectable severity response, no usable MR instrument — sign unknown, so agonise-vs-antagonise is undecidable	0.130800310672603				MISSING	unverified
geoatlas:g00332	ENSEMBL:ENSG00000138182	geoatlas:evidence_missing_for	geoatlas:GAP:G8_direction_unresolved	geoatlas:KnowledgeGapAssociation	infores:geoatlas	logical_entailment	data_analysis_pipeline	UBERON:0002771	CL:0000129	geoatlas:DATASET:SEA-AD	G8_direction_unresolved	detectable severity response, no usable MR instrument — sign unknown, so agonise-vs-antagonise is undecidable	0.08988241733570089				MISSING	unverified
geoatlas:g00333	ENSEMBL:ENSG00000187855	geoatlas:evidence_missing_for	geoatlas:GAP:G8_direction_unresolved	geoatlas:KnowledgeGapAssociation	infores:geoatlas	logical_entailment	data_analysis_pipeline	UBERON:0002771	CL:0000129	geoatlas:DATASET:SEA-AD	G8_direction_unresolved	detectable severity response, no usable MR instrument — sign unknown, so agonise-vs-antagonise is undecidable	0.25649214661033354				MISSING	unverified
geoatlas:g00334	ENSEMBL:ENSG00000286746	geoatlas:evidence_missing_for	geoatlas:GAP:G8_direction_unresolved	geoatlas:KnowledgeGapAssociation	infores:geoatlas	logical_entailment	data_analysis_pipeline	UBERON:0002771	CL:0000129	geoatlas:DATASET:SEA-AD	G8_direction_unresolved	detectable severity response, no usable MR instrument — sign unknown, so agonise-vs-antagonise is undecidable	0.18742238920109436				MISSING	unverified
geoatlas:g00335	ENSEMBL:ENSG00000114353	geoatlas:evidence_missing_for	geoatlas:GAP:G8_direction_unresolved	geoatlas:KnowledgeGapAssociation	infores:geoatlas	logical_entailment	data_analysis_pipeline	UBERON:0002771	CL:0000129	geoatlas:DATASET:SEA-AD	G8_direction_unresolved	detectable severity response, no usable MR instrument — sign unknown, so agonise-vs-antagonise is undecidable	0.046578420712271154				MISSING	unverified
geoatlas:g00336	ENSEMBL:ENSG00000270871	geoatlas:evidence_missing_for	geoatlas:GAP:G8_direction_unresolved	geoatlas:KnowledgeGapAssociation	infores:geoatlas	logical_entailment	data_analysis_pipeline	UBERON:0002771	CL:0000129	geoatlas:DATASET:SEA-AD	G8_direction_unresolved	detectable severity response, no usable MR instrument — sign unknown, so agonise-vs-antagonise is undecidable	0.1676699643711994				MISSING	unverified
geoatlas:g00337	ENSEMBL:ENSG00000173436	geoatlas:evidence_missing_for	geoatlas:GAP:G8_direction_unresolved	geoatlas:KnowledgeGapAssociation	infores:geoatlas	logical_entailment	data_analysis_pipeline	UBERON:0002771	CL:0000129	geoatlas:DATASET:SEA-AD	G8_direction_unresolved	detectable severity response, no usable MR instrument — sign unknown, so agonise-vs-antagonise is undecidable	0.14991506976584545				MISSING	unverified
geoatlas:g00338	ENSEMBL:ENSG00000070087	geoatlas:evidence_missing_for	geoatlas:GAP:G8_direction_unresolved	geoatlas:KnowledgeGapAssociation	infores:geoatlas	logical_entailment	data_analysis_pipeline	UBERON:0002771	CL:0000129	geoatlas:DATASET:SEA-AD	G8_direction_unresolved	detectable severity response, no usable MR instrument — sign unknown, so agonise-vs-antagonise is undecidable	0.12876138431515963				MISSING	unverified
geoatlas:g00339	ENSEMBL:ENSG00000020426	geoatlas:evidence_missing_for	geoatlas:GAP:G8_direction_unresolved	geoatlas:KnowledgeGapAssociation	infores:geoatlas	logical_entailment	data_analysis_pipeline	UBERON:0002771	CL:0000129	geoatlas:DATASET:SEA-AD	G8_direction_unresolved	detectable severity response, no usable MR instrument — sign unknown, so agonise-vs-antagonise is undecidable	0.04784313852621781				MISSING	unverified
geoatlas:g00340	geoatlas:GENE:DNAJC6-AS1	geoatlas:evidence_missing_for	geoatlas:GAP:G8_direction_unresolved	geoatlas:KnowledgeGapAssociation	infores:geoatlas	logical_entailment	data_analysis_pipeline	UBERON:0002771	CL:0000129	geoatlas:DATASET:SEA-AD	G8_direction_unresolved	detectable severity response, no usable MR instrument — sign unknown, so agonise-vs-antagonise is undecidable	0.23843918175238127				MISSING	unverified
geoatlas:g00341	ENSEMBL:ENSG00000285639	geoatlas:evidence_missing_for	geoatlas:GAP:G8_direction_unresolved	geoatlas:KnowledgeGapAssociation	infores:geoatlas	logical_entailment	data_analysis_pipeline	UBERON:0002771	CL:0000129	geoatlas:DATASET:SEA-AD	G8_direction_unresolved	detectable severity response, no usable MR instrument — sign unknown, so agonise-vs-antagonise is undecidable	0.3068565599386585				MISSING	unverified
geoatlas:g00342	ENSEMBL:ENSG00000286018	geoatlas:evidence_missing_for	geoatlas:GAP:G8_direction_unresolved	geoatlas:KnowledgeGapAssociation	infores:geoatlas	logical_entailment	data_analysis_pipeline	UBERON:0002771	CL:0000129	geoatlas:DATASET:SEA-AD	G8_direction_unresolved	detectable severity response, no usable MR instrument — sign unknown, so agonise-vs-antagonise is undecidable	0.17949930767170247				MISSING	unverified
geoatlas:g00343	ENSEMBL:ENSG00000260370	geoatlas:evidence_missing_for	geoatlas:GAP:G8_direction_unresolved	geoatlas:KnowledgeGapAssociation	infores:geoatlas	logical_entailment	data_analysis_pipeline	UBERON:0002771	CL:0000129	geoatlas:DATASET:SEA-AD	G8_direction_unresolved	detectable severity response, no usable MR instrument — sign unknown, so agonise-vs-antagonise is undecidable	0.2646740106695379				MISSING	unverified
geoatlas:g00344	ENSEMBL:ENSG00000150627	geoatlas:evidence_missing_for	geoatlas:GAP:G8_direction_unresolved	geoatlas:KnowledgeGapAssociation	infores:geoatlas	logical_entailment	data_analysis_pipeline	UBERON:0002771	CL:0000129	geoatlas:DATASET:SEA-AD	G8_direction_unresolved	detectable severity response, no usable MR instrument — sign unknown, so agonise-vs-antagonise is undecidable	0.09944979127800745				MISSING	unverified
geoatlas:g00345	ENSEMBL:ENSG00000250802	geoatlas:evidence_missing_for	geoatlas:GAP:G8_direction_unresolved	geoatlas:KnowledgeGapAssociation	infores:geoatlas	logical_entailment	data_analysis_pipeline	UBERON:0002771	CL:0000129	geoatlas:DATASET:SEA-AD	G8_direction_unresolved	detectable severity response, no usable MR instrument — sign unknown, so agonise-vs-antagonise is undecidable	0.11252444762332008				MISSING	unverified
geoatlas:g00346	ENSEMBL:ENSG00000147789	geoatlas:evidence_missing_for	geoatlas:GAP:G8_direction_unresolved	geoatlas:KnowledgeGapAssociation	infores:geoatlas	logical_entailment	data_analysis_pipeline	UBERON:0002771	CL:0000129	geoatlas:DATASET:SEA-AD	G8_direction_unresolved	detectable severity response, no usable MR instrument — sign unknown, so agonise-vs-antagonise is undecidable	0.08571374424159241				MISSING	unverified
geoatlas:g00347	ENSEMBL:ENSG00000169926	geoatlas:evidence_missing_for	geoatlas:GAP:G8_direction_unresolved	geoatlas:KnowledgeGapAssociation	infores:geoatlas	logical_entailment	data_analysis_pipeline	UBERON:0002771	CL:0000129	geoatlas:DATASET:SEA-AD	G8_direction_unresolved	detectable severity response, no usable MR instrument — sign unknown, so agonise-vs-antagonise is undecidable	0.07716916644947573				MISSING	unverified
geoatlas:g00348	ENSEMBL:ENSG00000131116	geoatlas:evidence_missing_for	geoatlas:GAP:G8_direction_unresolved	geoatlas:KnowledgeGapAssociation	infores:geoatlas	logical_entailment	data_analysis_pipeline	UBERON:0002771	CL:0000129	geoatlas:DATASET:SEA-AD	G8_direction_unresolved	detectable severity response, no usable MR instrument — sign unknown, so agonise-vs-antagonise is undecidable	0.12145948861273488				MISSING	unverified
geoatlas:g00349	ENSEMBL:ENSG00000185291	geoatlas:evidence_missing_for	geoatlas:GAP:G8_direction_unresolved	geoatlas:KnowledgeGapAssociation	infores:geoatlas	logical_entailment	data_analysis_pipeline	UBERON:0002771	CL:0000129	geoatlas:DATASET:SEA-AD	G8_direction_unresolved	detectable severity response, no usable MR instrument — sign unknown, so agonise-vs-antagonise is undecidable	0.14175197290556404				MISSING	unverified
geoatlas:g00350	ENSEMBL:ENSG00000050030	geoatlas:evidence_missing_for	geoatlas:GAP:G8_direction_unresolved	geoatlas:KnowledgeGapAssociation	infores:geoatlas	logical_entailment	data_analysis_pipeline	UBERON:0002771	CL:0000129	geoatlas:DATASET:SEA-AD	G8_direction_unresolved	detectable severity response, no usable MR instrument — sign unknown, so agonise-vs-antagonise is undecidable	0.09984211156235737				MISSING	unverified
geoatlas:g00351	geoatlas:GENE:GASK1B-AS1	geoatlas:evidence_missing_for	geoatlas:GAP:G8_direction_unresolved	geoatlas:KnowledgeGapAssociation	infores:geoatlas	logical_entailment	data_analysis_pipeline	UBERON:0002771	CL:0000129	geoatlas:DATASET:SEA-AD	G8_direction_unresolved	detectable severity response, no usable MR instrument — sign unknown, so agonise-vs-antagonise is undecidable	0.14032619815858707				MISSING	unverified
geoatlas:g00352	ENSEMBL:ENSG00000136478	geoatlas:evidence_missing_for	geoatlas:GAP:G8_direction_unresolved	geoatlas:KnowledgeGapAssociation	infores:geoatlas	logical_entailment	data_analysis_pipeline	UBERON:0002771	CL:0000129	geoatlas:DATASET:SEA-AD	G8_direction_unresolved	detectable severity response, no usable MR instrument — sign unknown, so agonise-vs-antagonise is undecidable	0.06509231542557802				MISSING	unverified
geoatlas:g00353	ENSEMBL:ENSG00000047644	geoatlas:evidence_missing_for	geoatlas:GAP:G8_direction_unresolved	geoatlas:KnowledgeGapAssociation	infores:geoatlas	logical_entailment	data_analysis_pipeline	UBERON:0002771	CL:0000129	geoatlas:DATASET:SEA-AD	G8_direction_unresolved	detectable severity response, no usable MR instrument — sign unknown, so agonise-vs-antagonise is undecidable	0.06930112770493756				MISSING	unverified
geoatlas:g00354	ENSEMBL:ENSG00000286458	geoatlas:evidence_missing_for	geoatlas:GAP:G8_direction_unresolved	geoatlas:KnowledgeGapAssociation	infores:geoatlas	logical_entailment	data_analysis_pipeline	UBERON:0002771	CL:0000129	geoatlas:DATASET:SEA-AD	G8_direction_unresolved	detectable severity response, no usable MR instrument — sign unknown, so agonise-vs-antagonise is undecidable	0.13025530792061865				MISSING	unverified
geoatlas:g00355	ENSEMBL:ENSG00000163563	geoatlas:evidence_missing_for	geoatlas:GAP:G8_direction_unresolved	geoatlas:KnowledgeGapAssociation	infores:geoatlas	logical_entailment	data_analysis_pipeline	UBERON:0002771	CL:0000129	geoatlas:DATASET:SEA-AD	G8_direction_unresolved	detectable severity response, no usable MR instrument — sign unknown, so agonise-vs-antagonise is undecidable	0.09313668872670396				MISSING	unverified
geoatlas:g00356	ENSEMBL:ENSG00000126821	geoatlas:evidence_missing_for	geoatlas:GAP:G8_direction_unresolved	geoatlas:KnowledgeGapAssociation	infores:geoatlas	logical_entailment	data_analysis_pipeline	UBERON:0002771	CL:0000129	geoatlas:DATASET:SEA-AD	G8_direction_unresolved	detectable severity response, no usable MR instrument — sign unknown, so agonise-vs-antagonise is undecidable	0.06071394403313171				MISSING	unverified
geoatlas:g00357	ENSEMBL:ENSG00000140750	geoatlas:evidence_missing_for	geoatlas:GAP:G8_direction_unresolved	geoatlas:KnowledgeGapAssociation	infores:geoatlas	logical_entailment	data_analysis_pipeline	UBERON:0002771	CL:0000129	geoatlas:DATASET:SEA-AD	G8_direction_unresolved	detectable severity response, no usable MR instrument — sign unknown, so agonise-vs-antagonise is undecidable	0.07653628826225842				MISSING	unverified
geoatlas:g00358	ENSEMBL:ENSG00000166979	geoatlas:evidence_missing_for	geoatlas:GAP:G8_direction_unresolved	geoatlas:KnowledgeGapAssociation	infores:geoatlas	logical_entailment	data_analysis_pipeline	UBERON:0002771	CL:0000129	geoatlas:DATASET:SEA-AD	G8_direction_unresolved	detectable severity response, no usable MR instrument — sign unknown, so agonise-vs-antagonise is undecidable	0.10749619370235194				MISSING	unverified
geoatlas:g00359	ENSEMBL:ENSG00000152332	geoatlas:evidence_missing_for	geoatlas:GAP:G8_direction_unresolved	geoatlas:KnowledgeGapAssociation	infores:geoatlas	logical_entailment	data_analysis_pipeline	UBERON:0002771	CL:0000129	geoatlas:DATASET:SEA-AD	G8_direction_unresolved	detectable severity response, no usable MR instrument — sign unknown, so agonise-vs-antagonise is undecidable	0.0594960258017584				MISSING	unverified
geoatlas:g00360	ENSEMBL:ENSG00000130175	geoatlas:evidence_missing_for	geoatlas:GAP:G8_direction_unresolved	geoatlas:KnowledgeGapAssociation	infores:geoatlas	logical_entailment	data_analysis_pipeline	UBERON:0002771	CL:0000129	geoatlas:DATASET:SEA-AD	G8_direction_unresolved	detectable severity response, no usable MR instrument — sign unknown, so agonise-vs-antagonise is undecidable	0.07463241781238662				MISSING	unverified
geoatlas:g00361	ENSEMBL:ENSG00000139679	geoatlas:evidence_missing_for	geoatlas:GAP:G8_direction_unresolved	geoatlas:KnowledgeGapAssociation	infores:geoatlas	logical_entailment	data_analysis_pipeline	UBERON:0002771	CL:0000129	geoatlas:DATASET:SEA-AD	G8_direction_unresolved	detectable severity response, no usable MR instrument — sign unknown, so agonise-vs-antagonise is undecidable	0.061719869365731476				MISSING	unverified
geoatlas:g00362	ENSEMBL:ENSG00000270419	geoatlas:evidence_missing_for	geoatlas:GAP:G8_direction_unresolved	geoatlas:KnowledgeGapAssociation	infores:geoatlas	logical_entailment	data_analysis_pipeline	UBERON:0002771	CL:0000129	geoatlas:DATASET:SEA-AD	G8_direction_unresolved	detectable severity response, no usable MR instrument — sign unknown, so agonise-vs-antagonise is undecidable	0.14640946564185797				MISSING	unverified
geoatlas:g00363	geoatlas:GENE:SLC28A2-AS1	geoatlas:evidence_missing_for	geoatlas:GAP:G8_direction_unresolved	geoatlas:KnowledgeGapAssociation	infores:geoatlas	logical_entailment	data_analysis_pipeline	UBERON:0002771	CL:0000129	geoatlas:DATASET:SEA-AD	G8_direction_unresolved	detectable severity response, no usable MR instrument — sign unknown, so agonise-vs-antagonise is undecidable	0.1952556936922186				MISSING	unverified
geoatlas:g00364	ENSEMBL:ENSG00000175215	geoatlas:evidence_missing_for	geoatlas:GAP:G8_direction_unresolved	geoatlas:KnowledgeGapAssociation	infores:geoatlas	logical_entailment	data_analysis_pipeline	UBERON:0002771	CL:0000129	geoatlas:DATASET:SEA-AD	G8_direction_unresolved	detectable severity response, no usable MR instrument — sign unknown, so agonise-vs-antagonise is undecidable	0.054267159316404905				MISSING	unverified
geoatlas:g00365	ENSEMBL:ENSG00000180509	geoatlas:evidence_missing_for	geoatlas:GAP:G8_direction_unresolved	geoatlas:KnowledgeGapAssociation	infores:geoatlas	logical_entailment	data_analysis_pipeline	UBERON:0002771	CL:0000129	geoatlas:DATASET:SEA-AD	G8_direction_unresolved	detectable severity response, no usable MR instrument — sign unknown, so agonise-vs-antagonise is undecidable	0.2564696664283355				MISSING	unverified
geoatlas:g00366	ENSEMBL:ENSG00000127990	geoatlas:evidence_missing_for	geoatlas:GAP:G8_direction_unresolved	geoatlas:KnowledgeGapAssociation	infores:geoatlas	logical_entailment	data_analysis_pipeline	UBERON:0002771	CL:0000129	geoatlas:DATASET:SEA-AD	G8_direction_unresolved	detectable severity response, no usable MR instrument — sign unknown, so agonise-vs-antagonise is undecidable	0.12798410531431711				MISSING	unverified
geoatlas:g00367	ENSEMBL:ENSG00000163659	geoatlas:evidence_missing_for	geoatlas:GAP:G8_direction_unresolved	geoatlas:KnowledgeGapAssociation	infores:geoatlas	logical_entailment	data_analysis_pipeline	UBERON:0002771	CL:0000129	geoatlas:DATASET:SEA-AD	G8_direction_unresolved	detectable severity response, no usable MR instrument — sign unknown, so agonise-vs-antagonise is undecidable	0.07972022546994756				MISSING	unverified
geoatlas:g00368	ENSEMBL:ENSG00000171606	geoatlas:evidence_missing_for	geoatlas:GAP:G8_direction_unresolved	geoatlas:KnowledgeGapAssociation	infores:geoatlas	logical_entailment	data_analysis_pipeline	UBERON:0002771	CL:0000129	geoatlas:DATASET:SEA-AD	G8_direction_unresolved	detectable severity response, no usable MR instrument — sign unknown, so agonise-vs-antagonise is undecidable	0.0757849668889302				MISSING	unverified
geoatlas:g00369	ENSEMBL:ENSG00000066336	geoatlas:evidence_missing_for	geoatlas:GAP:G8_direction_unresolved	geoatlas:KnowledgeGapAssociation	infores:geoatlas	logical_entailment	data_analysis_pipeline	UBERON:0002771	CL:0000129	geoatlas:DATASET:SEA-AD	G8_direction_unresolved	detectable severity response, no usable MR instrument — sign unknown, so agonise-vs-antagonise is undecidable	0.04878263163158691				MISSING	unverified
geoatlas:g00370	ENSEMBL:ENSG00000122477	geoatlas:evidence_missing_for	geoatlas:GAP:G8_direction_unresolved	geoatlas:KnowledgeGapAssociation	infores:geoatlas	logical_entailment	data_analysis_pipeline	UBERON:0002771	CL:0000129	geoatlas:DATASET:SEA-AD	G8_direction_unresolved	detectable severity response, no usable MR instrument — sign unknown, so agonise-vs-antagonise is undecidable	0.1270777513622354				MISSING	unverified
geoatlas:g00371	ENSEMBL:ENSG00000125347	geoatlas:evidence_missing_for	geoatlas:GAP:G8_direction_unresolved	geoatlas:KnowledgeGapAssociation	infores:geoatlas	logical_entailment	data_analysis_pipeline	UBERON:0002771	CL:0000129	geoatlas:DATASET:SEA-AD	G8_direction_unresolved	detectable severity response, no usable MR instrument — sign unknown, so agonise-vs-antagonise is undecidable	0.1283105720801158				MISSING	unverified
geoatlas:g00372	ENSEMBL:ENSG00000172000	geoatlas:evidence_missing_for	geoatlas:GAP:G8_direction_unresolved	geoatlas:KnowledgeGapAssociation	infores:geoatlas	logical_entailment	data_analysis_pipeline	UBERON:0002771	CL:0000129	geoatlas:DATASET:SEA-AD	G8_direction_unresolved	detectable severity response, no usable MR instrument — sign unknown, so agonise-vs-antagonise is undecidable	0.1795397054481501				MISSING	unverified
geoatlas:g00373	ENSEMBL:ENSG00000240303	geoatlas:evidence_missing_for	geoatlas:GAP:G8_direction_unresolved	geoatlas:KnowledgeGapAssociation	infores:geoatlas	logical_entailment	data_analysis_pipeline	UBERON:0002771	CL:0000129	geoatlas:DATASET:SEA-AD	G8_direction_unresolved	detectable severity response, no usable MR instrument — sign unknown, so agonise-vs-antagonise is undecidable	0.06069009134218892				MISSING	unverified
geoatlas:g00374	ENSEMBL:ENSG00000058272	geoatlas:evidence_missing_for	geoatlas:GAP:G8_direction_unresolved	geoatlas:KnowledgeGapAssociation	infores:geoatlas	logical_entailment	data_analysis_pipeline	UBERON:0002771	CL:0000129	geoatlas:DATASET:SEA-AD	G8_direction_unresolved	detectable severity response, no usable MR instrument — sign unknown, so agonise-vs-antagonise is undecidable	0.04111862151201267				MISSING	unverified
geoatlas:g00375	ENSEMBL:ENSG00000141574	geoatlas:evidence_missing_for	geoatlas:GAP:G8_direction_unresolved	geoatlas:KnowledgeGapAssociation	infores:geoatlas	logical_entailment	data_analysis_pipeline	UBERON:0002771	CL:0000129	geoatlas:DATASET:SEA-AD	G8_direction_unresolved	detectable severity response, no usable MR instrument — sign unknown, so agonise-vs-antagonise is undecidable	0.24142651164209528				MISSING	unverified
geoatlas:g00376	ENSEMBL:ENSG00000243646	geoatlas:evidence_missing_for	geoatlas:GAP:G8_direction_unresolved	geoatlas:KnowledgeGapAssociation	infores:geoatlas	logical_entailment	data_analysis_pipeline	UBERON:0002771	CL:0000129	geoatlas:DATASET:SEA-AD	G8_direction_unresolved	detectable severity response, no usable MR instrument — sign unknown, so agonise-vs-antagonise is undecidable	0.05903559227239822				MISSING	unverified
geoatlas:g00377	ENSEMBL:ENSG00000258380	geoatlas:evidence_missing_for	geoatlas:GAP:G8_direction_unresolved	geoatlas:KnowledgeGapAssociation	infores:geoatlas	logical_entailment	data_analysis_pipeline	UBERON:0002771	CL:0000129	geoatlas:DATASET:SEA-AD	G8_direction_unresolved	detectable severity response, no usable MR instrument — sign unknown, so agonise-vs-antagonise is undecidable	0.20087852134450868				MISSING	unverified
geoatlas:g00378	ENSEMBL:ENSG00000287180	geoatlas:evidence_missing_for	geoatlas:GAP:G8_direction_unresolved	geoatlas:KnowledgeGapAssociation	infores:geoatlas	logical_entailment	data_analysis_pipeline	UBERON:0002771	CL:0000129	geoatlas:DATASET:SEA-AD	G8_direction_unresolved	detectable severity response, no usable MR instrument — sign unknown, so agonise-vs-antagonise is undecidable	0.16464379237559137				MISSING	unverified
geoatlas:g00379	ENSEMBL:ENSG00000110934	geoatlas:evidence_missing_for	geoatlas:GAP:G8_direction_unresolved	geoatlas:KnowledgeGapAssociation	infores:geoatlas	logical_entailment	data_analysis_pipeline	UBERON:0002771	CL:0000129	geoatlas:DATASET:SEA-AD	G8_direction_unresolved	detectable severity response, no usable MR instrument — sign unknown, so agonise-vs-antagonise is undecidable	0.07759731701301131				MISSING	unverified
geoatlas:g00380	ENSEMBL:ENSG00000119421	geoatlas:evidence_missing_for	geoatlas:GAP:G8_direction_unresolved	geoatlas:KnowledgeGapAssociation	infores:geoatlas	logical_entailment	data_analysis_pipeline	UBERON:0002771	CL:0000129	geoatlas:DATASET:SEA-AD	G8_direction_unresolved	detectable severity response, no usable MR instrument — sign unknown, so agonise-vs-antagonise is undecidable	0.07928454641765438				MISSING	unverified
geoatlas:g00381	ENSEMBL:ENSG00000139117	geoatlas:evidence_missing_for	geoatlas:GAP:G8_direction_unresolved	geoatlas:KnowledgeGapAssociation	infores:geoatlas	logical_entailment	data_analysis_pipeline	UBERON:0002771	CL:0000129	geoatlas:DATASET:SEA-AD	G8_direction_unresolved	detectable severity response, no usable MR instrument — sign unknown, so agonise-vs-antagonise is undecidable	0.10186927338014586				MISSING	unverified
geoatlas:g00382	ENSEMBL:ENSG00000197471	geoatlas:evidence_missing_for	geoatlas:GAP:G8_direction_unresolved	geoatlas:KnowledgeGapAssociation	infores:geoatlas	logical_entailment	data_analysis_pipeline	UBERON:0002771	CL:0000129	geoatlas:DATASET:SEA-AD	G8_direction_unresolved	detectable severity response, no usable MR instrument — sign unknown, so agonise-vs-antagonise is undecidable	0.09670299787854025				MISSING	unverified
geoatlas:g00383	ENSEMBL:ENSG00000204237	geoatlas:evidence_missing_for	geoatlas:GAP:G8_direction_unresolved	geoatlas:KnowledgeGapAssociation	infores:geoatlas	logical_entailment	data_analysis_pipeline	UBERON:0002771	CL:0000129	geoatlas:DATASET:SEA-AD	G8_direction_unresolved	detectable severity response, no usable MR instrument — sign unknown, so agonise-vs-antagonise is undecidable	0.11343002348410554				MISSING	unverified
geoatlas:g00384	ENSEMBL:ENSG00000188906	geoatlas:evidence_missing_for	geoatlas:GAP:G8_direction_unresolved	geoatlas:KnowledgeGapAssociation	infores:geoatlas	logical_entailment	data_analysis_pipeline	UBERON:0002771	CL:0000129	geoatlas:DATASET:SEA-AD	G8_direction_unresolved	detectable severity response, no usable MR instrument — sign unknown, so agonise-vs-antagonise is undecidable	0.10107816630246522				MISSING	unverified
geoatlas:g00385	ENSEMBL:ENSG00000131389	geoatlas:evidence_missing_for	geoatlas:GAP:G8_direction_unresolved	geoatlas:KnowledgeGapAssociation	infores:geoatlas	logical_entailment	data_analysis_pipeline	UBERON:0002771	CL:0000129	geoatlas:DATASET:SEA-AD	G8_direction_unresolved	detectable severity response, no usable MR instrument — sign unknown, so agonise-vs-antagonise is undecidable	0.10713159346851996				MISSING	unverified
geoatlas:g00386	ENSEMBL:ENSG00000161921	geoatlas:evidence_missing_for	geoatlas:GAP:G8_direction_unresolved	geoatlas:KnowledgeGapAssociation	infores:geoatlas	logical_entailment	data_analysis_pipeline	UBERON:0002771	CL:0000129	geoatlas:DATASET:SEA-AD	G8_direction_unresolved	detectable severity response, no usable MR instrument — sign unknown, so agonise-vs-antagonise is undecidable	0.09276908119298756				MISSING	unverified
geoatlas:g00387	ENSEMBL:ENSG00000269956	geoatlas:evidence_missing_for	geoatlas:GAP:G8_direction_unresolved	geoatlas:KnowledgeGapAssociation	infores:geoatlas	logical_entailment	data_analysis_pipeline	UBERON:0002771	CL:0000129	geoatlas:DATASET:SEA-AD	G8_direction_unresolved	detectable severity response, no usable MR instrument — sign unknown, so agonise-vs-antagonise is undecidable	0.16667357057402668				MISSING	unverified
geoatlas:g00388	ENSEMBL:ENSG00000158987	geoatlas:evidence_missing_for	geoatlas:GAP:G8_direction_unresolved	geoatlas:KnowledgeGapAssociation	infores:geoatlas	logical_entailment	data_analysis_pipeline	UBERON:0002771	CL:0000129	geoatlas:DATASET:SEA-AD	G8_direction_unresolved	detectable severity response, no usable MR instrument — sign unknown, so agonise-vs-antagonise is undecidable	0.04461476174569447				MISSING	unverified
geoatlas:g00389	ENSEMBL:ENSG00000168917	geoatlas:evidence_missing_for	geoatlas:GAP:G8_direction_unresolved	geoatlas:KnowledgeGapAssociation	infores:geoatlas	logical_entailment	data_analysis_pipeline	UBERON:0002771	CL:0000129	geoatlas:DATASET:SEA-AD	G8_direction_unresolved	detectable severity response, no usable MR instrument — sign unknown, so agonise-vs-antagonise is undecidable	0.15665839752950408				MISSING	unverified
geoatlas:g00390	ENSEMBL:ENSG00000117592	geoatlas:evidence_missing_for	geoatlas:GAP:G8_direction_unresolved	geoatlas:KnowledgeGapAssociation	infores:geoatlas	logical_entailment	data_analysis_pipeline	UBERON:0002771	CL:0000129	geoatlas:DATASET:SEA-AD	G8_direction_unresolved	detectable severity response, no usable MR instrument — sign unknown, so agonise-vs-antagonise is undecidable	0.08907662295410203				MISSING	unverified
geoatlas:g00391	ENSEMBL:ENSG00000127947	geoatlas:evidence_missing_for	geoatlas:GAP:G8_direction_unresolved	geoatlas:KnowledgeGapAssociation	infores:geoatlas	logical_entailment	data_analysis_pipeline	UBERON:0002771	CL:0000129	geoatlas:DATASET:SEA-AD	G8_direction_unresolved	detectable severity response, no usable MR instrument — sign unknown, so agonise-vs-antagonise is undecidable	0.045162152621051325				MISSING	unverified
geoatlas:g00392	ENSEMBL:ENSG00000249236	geoatlas:evidence_missing_for	geoatlas:GAP:G8_direction_unresolved	geoatlas:KnowledgeGapAssociation	infores:geoatlas	logical_entailment	data_analysis_pipeline	UBERON:0002771	CL:0000129	geoatlas:DATASET:SEA-AD	G8_direction_unresolved	detectable severity response, no usable MR instrument — sign unknown, so agonise-vs-antagonise is undecidable	0.18526306458770453				MISSING	unverified
geoatlas:g00393	ENSEMBL:ENSG00000249309	geoatlas:evidence_missing_for	geoatlas:GAP:G8_direction_unresolved	geoatlas:KnowledgeGapAssociation	infores:geoatlas	logical_entailment	data_analysis_pipeline	UBERON:0002771	CL:0000129	geoatlas:DATASET:SEA-AD	G8_direction_unresolved	detectable severity response, no usable MR instrument — sign unknown, so agonise-vs-antagonise is undecidable	0.2005047613624063				MISSING	unverified
geoatlas:g00394	ENSEMBL:ENSG00000249207	geoatlas:evidence_missing_for	geoatlas:GAP:G8_direction_unresolved	geoatlas:KnowledgeGapAssociation	infores:geoatlas	logical_entailment	data_analysis_pipeline	UBERON:0002771	CL:0000129	geoatlas:DATASET:SEA-AD	G8_direction_unresolved	detectable severity response, no usable MR instrument — sign unknown, so agonise-vs-antagonise is undecidable	0.17776689504883963				MISSING	unverified
geoatlas:g00395	ENSEMBL:ENSG00000256717	geoatlas:evidence_missing_for	geoatlas:GAP:G8_direction_unresolved	geoatlas:KnowledgeGapAssociation	infores:geoatlas	logical_entailment	data_analysis_pipeline	UBERON:0002771	CL:0000129	geoatlas:DATASET:SEA-AD	G8_direction_unresolved	detectable severity response, no usable MR instrument — sign unknown, so agonise-vs-antagonise is undecidable	0.279240800843199				MISSING	unverified
geoatlas:g00396	ENSEMBL:ENSG00000232160	geoatlas:evidence_missing_for	geoatlas:GAP:G8_direction_unresolved	geoatlas:KnowledgeGapAssociation	infores:geoatlas	logical_entailment	data_analysis_pipeline	UBERON:0002771	CL:0000129	geoatlas:DATASET:SEA-AD	G8_direction_unresolved	detectable severity response, no usable MR instrument — sign unknown, so agonise-vs-antagonise is undecidable	0.1177102327988735				MISSING	unverified
geoatlas:g00397	ENSEMBL:ENSG00000119396	geoatlas:evidence_missing_for	geoatlas:GAP:G8_direction_unresolved	geoatlas:KnowledgeGapAssociation	infores:geoatlas	logical_entailment	data_analysis_pipeline	UBERON:0002771	CL:0000129	geoatlas:DATASET:SEA-AD	G8_direction_unresolved	detectable severity response, no usable MR instrument — sign unknown, so agonise-vs-antagonise is undecidable	0.047498195561960395				MISSING	unverified
geoatlas:g00398	ENSEMBL:ENSG00000250764	geoatlas:evidence_missing_for	geoatlas:GAP:G8_direction_unresolved	geoatlas:KnowledgeGapAssociation	infores:geoatlas	logical_entailment	data_analysis_pipeline	UBERON:0002771	CL:0000129	geoatlas:DATASET:SEA-AD	G8_direction_unresolved	detectable severity response, no usable MR instrument — sign unknown, so agonise-vs-antagonise is undecidable	0.15326531490831855				MISSING	unverified
geoatlas:g00399	ENSEMBL:ENSG00000007237	geoatlas:evidence_missing_for	geoatlas:GAP:G8_direction_unresolved	geoatlas:KnowledgeGapAssociation	infores:geoatlas	logical_entailment	data_analysis_pipeline	UBERON:0002771	CL:0000129	geoatlas:DATASET:SEA-AD	G8_direction_unresolved	detectable severity response, no usable MR instrument — sign unknown, so agonise-vs-antagonise is undecidable	0.08381087328271773				MISSING	unverified
geoatlas:g00400	ENSEMBL:ENSG00000136235	geoatlas:evidence_missing_for	geoatlas:GAP:G8_direction_unresolved	geoatlas:KnowledgeGapAssociation	infores:geoatlas	logical_entailment	data_analysis_pipeline	UBERON:0002771	CL:0000129	geoatlas:DATASET:SEA-AD	G8_direction_unresolved	detectable severity response, no usable MR instrument — sign unknown, so agonise-vs-antagonise is undecidable	0.1947520823983267				MISSING	unverified
geoatlas:g00401	ENSEMBL:ENSG00000164136	geoatlas:evidence_missing_for	geoatlas:GAP:G8_direction_unresolved	geoatlas:KnowledgeGapAssociation	infores:geoatlas	logical_entailment	data_analysis_pipeline	UBERON:0002771	CL:0000129	geoatlas:DATASET:SEA-AD	G8_direction_unresolved	detectable severity response, no usable MR instrument — sign unknown, so agonise-vs-antagonise is undecidable	0.18248322082728127				MISSING	unverified
geoatlas:g00402	ENSEMBL:ENSG00000160791	geoatlas:evidence_missing_for	geoatlas:GAP:G8_direction_unresolved	geoatlas:KnowledgeGapAssociation	infores:geoatlas	logical_entailment	data_analysis_pipeline	UBERON:0002771	CL:0000129	geoatlas:DATASET:SEA-AD	G8_direction_unresolved	detectable severity response, no usable MR instrument — sign unknown, so agonise-vs-antagonise is undecidable	0.17490860279772227				MISSING	unverified
geoatlas:g00403	ENSEMBL:ENSG00000115232	geoatlas:evidence_missing_for	geoatlas:GAP:G8_direction_unresolved	geoatlas:KnowledgeGapAssociation	infores:geoatlas	logical_entailment	data_analysis_pipeline	UBERON:0002771	CL:0000129	geoatlas:DATASET:SEA-AD	G8_direction_unresolved	detectable severity response, no usable MR instrument — sign unknown, so agonise-vs-antagonise is undecidable	0.2211480811895636				MISSING	unverified
geoatlas:g00404	ENSEMBL:ENSG00000170266	geoatlas:evidence_missing_for	geoatlas:GAP:G8_direction_unresolved	geoatlas:KnowledgeGapAssociation	infores:geoatlas	logical_entailment	data_analysis_pipeline	UBERON:0002771	CL:0000129	geoatlas:DATASET:SEA-AD	G8_direction_unresolved	detectable severity response, no usable MR instrument — sign unknown, so agonise-vs-antagonise is undecidable	0.03669678721196408				MISSING	unverified
geoatlas:g00405	ENSEMBL:ENSG00000169313	geoatlas:evidence_missing_for	geoatlas:GAP:G8_direction_unresolved	geoatlas:KnowledgeGapAssociation	infores:geoatlas	logical_entailment	data_analysis_pipeline	UBERON:0002771	CL:0000129	geoatlas:DATASET:SEA-AD	G8_direction_unresolved	detectable severity response, no usable MR instrument — sign unknown, so agonise-vs-antagonise is undecidable	0.13261806624424133				MISSING	unverified
geoatlas:g00406	ENSEMBL:ENSG00000147889	geoatlas:evidence_missing_for	geoatlas:GAP:G8_direction_unresolved	geoatlas:KnowledgeGapAssociation	infores:geoatlas	logical_entailment	data_analysis_pipeline	UBERON:0002771	CL:0000129	geoatlas:DATASET:SEA-AD	G8_direction_unresolved	detectable severity response, no usable MR instrument — sign unknown, so agonise-vs-antagonise is undecidable	0.10935188167487456				MISSING	unverified
geoatlas:g00407	ENSEMBL:ENSG00000146648	geoatlas:evidence_missing_for	geoatlas:GAP:G8_direction_unresolved	geoatlas:KnowledgeGapAssociation	infores:geoatlas	logical_entailment	data_analysis_pipeline	UBERON:0002771	CL:0000129	geoatlas:DATASET:SEA-AD	G8_direction_unresolved	detectable severity response, no usable MR instrument — sign unknown, so agonise-vs-antagonise is undecidable	0.15954056633748312				MISSING	unverified
geoatlas:g00408	ENSEMBL:ENSG00000187037	geoatlas:evidence_missing_for	geoatlas:GAP:G7_power_limit	geoatlas:KnowledgeGapAssociation	infores:geoatlas	logical_entailment	data_analysis_pipeline	UBERON:0002771	CL:0000129	geoatlas:DATASET:SEA-AD	G7_power_limit	|effect| does not clear its detection floor, so no RESPONDS_TO assertion is exported; the effect is bounded, not shown absent	0.242278362208983			biolink:correlated_with	RESPONDS_TO	unverified
geoatlas:g00409	ENSEMBL:ENSG00000187037	geoatlas:evidence_missing_for	geoatlas:GAP:G7_power_limit	geoatlas:KnowledgeGapAssociation	infores:geoatlas	logical_entailment	data_analysis_pipeline	UBERON:0002771	CL:0000129	geoatlas:DATASET:SEA-AD	G7_power_limit	severity response under its own detection floor — not measured, not shown flat; sign unusable until powered	0.242278362208983				MISSING	unverified
geoatlas:g00410	ENSEMBL:ENSG00000110079	geoatlas:evidence_missing_for	geoatlas:GAP:G7_power_limit	geoatlas:KnowledgeGapAssociation	infores:geoatlas	logical_entailment	data_analysis_pipeline	UBERON:0002771	CL:0000129	geoatlas:DATASET:SEA-AD	G7_power_limit	|effect| does not clear its detection floor, so no RESPONDS_TO assertion is exported; the effect is bounded, not shown absent	0.12350221720725628			biolink:correlated_with	RESPONDS_TO	unverified
geoatlas:g00411	ENSEMBL:ENSG00000110079	geoatlas:evidence_missing_for	geoatlas:GAP:G7_power_limit	geoatlas:KnowledgeGapAssociation	infores:geoatlas	logical_entailment	data_analysis_pipeline	UBERON:0002771	CL:0000129	geoatlas:DATASET:SEA-AD	G7_power_limit	severity response under its own detection floor — not measured, not shown flat; sign unusable until powered	0.12350221720725628				MISSING	unverified
geoatlas:g00412	ENSEMBL:ENSG00000134470	geoatlas:evidence_missing_for	geoatlas:GAP:G7_power_limit	geoatlas:KnowledgeGapAssociation	infores:geoatlas	logical_entailment	data_analysis_pipeline	UBERON:0002771	CL:0000129	geoatlas:DATASET:SEA-AD	G7_power_limit	|effect| does not clear its detection floor, so no RESPONDS_TO assertion is exported; the effect is bounded, not shown absent	0.09861838249317209			biolink:correlated_with	RESPONDS_TO	unverified
geoatlas:g00413	ENSEMBL:ENSG00000134470	geoatlas:evidence_missing_for	geoatlas:GAP:G7_power_limit	geoatlas:KnowledgeGapAssociation	infores:geoatlas	logical_entailment	data_analysis_pipeline	UBERON:0002771	CL:0000129	geoatlas:DATASET:SEA-AD	G7_power_limit	severity response under its own detection floor — not measured, not shown flat; sign unusable until powered	0.09861838249317209				MISSING	unverified
geoatlas:g00414	ENSEMBL:ENSG00000167601	geoatlas:evidence_missing_for	geoatlas:GAP:G7_power_limit	geoatlas:KnowledgeGapAssociation	infores:geoatlas	logical_entailment	data_analysis_pipeline	UBERON:0002771	CL:0000129	geoatlas:DATASET:SEA-AD	G7_power_limit	|effect| does not clear its detection floor, so no RESPONDS_TO assertion is exported; the effect is bounded, not shown absent	0.07849688898853835			biolink:correlated_with	RESPONDS_TO	unverified
geoatlas:g00415	ENSEMBL:ENSG00000167601	geoatlas:evidence_missing_for	geoatlas:GAP:G7_power_limit	geoatlas:KnowledgeGapAssociation	infores:geoatlas	logical_entailment	data_analysis_pipeline	UBERON:0002771	CL:0000129	geoatlas:DATASET:SEA-AD	G7_power_limit	severity response under its own detection floor — not measured, not shown flat; sign unusable until powered	0.07849688898853835				MISSING	unverified
geoatlas:g00416	ENSEMBL:ENSG00000153208	geoatlas:evidence_missing_for	geoatlas:GAP:G7_power_limit	geoatlas:KnowledgeGapAssociation	infores:geoatlas	logical_entailment	data_analysis_pipeline	UBERON:0002771	CL:0000129	geoatlas:DATASET:SEA-AD	G7_power_limit	|effect| does not clear its detection floor, so no RESPONDS_TO assertion is exported; the effect is bounded, not shown absent	0.0665201368181684			biolink:correlated_with	RESPONDS_TO	unverified
geoatlas:g00417	ENSEMBL:ENSG00000153208	geoatlas:evidence_missing_for	geoatlas:GAP:G7_power_limit	geoatlas:KnowledgeGapAssociation	infores:geoatlas	logical_entailment	data_analysis_pipeline	UBERON:0002771	CL:0000129	geoatlas:DATASET:SEA-AD	G7_power_limit	severity response under its own detection floor — not measured, not shown flat; sign unusable until powered	0.0665201368181684				MISSING	unverified
geoatlas:g00418	ENSEMBL:ENSG00000073921	geoatlas:evidence_missing_for	geoatlas:GAP:G4_context_gap	geoatlas:KnowledgeGapAssociation	infores:geoatlas	logical_entailment	data_analysis_pipeline	UBERON:0000955			G4_context_gap	no eQTL in any brain dataset			context-matched eQTL/sQTL panel (microglia: MiGA; bulk brain: MetaBrain/ROSMAP)		MISSING	unverified
geoatlas:g00419	ENSEMBL:ENSG00000073712	geoatlas:evidence_missing_for	geoatlas:GAP:G4_context_gap	geoatlas:KnowledgeGapAssociation	infores:geoatlas	logical_entailment	data_analysis_pipeline	UBERON:0000955			G4_context_gap	no eQTL in any brain dataset			context-matched eQTL/sQTL panel (microglia: MiGA; bulk brain: MetaBrain/ROSMAP)		MISSING	unverified
geoatlas:g00420	ENSEMBL:ENSG00000029725	geoatlas:evidence_missing_for	geoatlas:GAP:G7_power_limit	geoatlas:KnowledgeGapAssociation	infores:geoatlas	logical_entailment	data_analysis_pipeline				G7_power_limit	|effect| does not clear its detection floor, so no GENETIC_SUPPORT assertion is exported; the effect is bounded, not shown absent	0.5291005291005291			biolink:gene_associated_with_condition	GENETIC_SUPPORT	unverified
geoatlas:g00421	ENSEMBL:ENSG00000033327	geoatlas:evidence_missing_for	geoatlas:GAP:G4_context_gap	geoatlas:KnowledgeGapAssociation	infores:geoatlas	logical_entailment	data_analysis_pipeline	UBERON:0000955			G4_context_gap	no eQTL in any brain dataset			context-matched eQTL/sQTL panel (microglia: MiGA; bulk brain: MetaBrain/ROSMAP)		MISSING	unverified
geoatlas:g00422	ENSEMBL:ENSG00000073060	geoatlas:evidence_missing_for	geoatlas:GAP:G7_power_limit	geoatlas:KnowledgeGapAssociation	infores:geoatlas	logical_entailment	data_analysis_pipeline				G7_power_limit	|effect| does not clear its detection floor, so no GENETIC_SUPPORT assertion is exported; the effect is bounded, not shown absent	1.0			biolink:gene_associated_with_condition	GENETIC_SUPPORT	unverified
geoatlas:g00423	ENSEMBL:ENSG00000073060	geoatlas:evidence_missing_for	geoatlas:GAP:G7_power_limit	geoatlas:KnowledgeGapAssociation	infores:geoatlas	logical_entailment	data_analysis_pipeline	UBERON:0000955			G7_power_limit	coloc discrimination PP3+PP4 = 0.084 < 0.8 — the test could not distinguish shared from distinct causal variants at ANY PP4; a low PP4 here is no evidence, not evidence against	1.0		better-powered eQTL in the relevant cell type, or a larger GWAS at this locus		MISSING	unverified
geoatlas:g00424	ENSEMBL:ENSG00000001617	geoatlas:evidence_missing_for	geoatlas:GAP:G7_power_limit	geoatlas:KnowledgeGapAssociation	infores:geoatlas	logical_entailment	data_analysis_pipeline				G7_power_limit	|effect| does not clear its detection floor, so no GENETIC_SUPPORT assertion is exported; the effect is bounded, not shown absent	1.0			biolink:gene_associated_with_condition	GENETIC_SUPPORT	unverified
geoatlas:g00425	ENSEMBL:ENSG00000001617	geoatlas:evidence_missing_for	geoatlas:GAP:G7_power_limit	geoatlas:KnowledgeGapAssociation	infores:geoatlas	logical_entailment	data_analysis_pipeline	UBERON:0000955			G7_power_limit	coloc discrimination PP3+PP4 = 0.024 < 0.8 — the test could not distinguish shared from distinct causal variants at ANY PP4; a low PP4 here is no evidence, not evidence against	1.0		better-powered eQTL in the relevant cell type, or a larger GWAS at this locus		MISSING	unverified
geoatlas:g00426	ENSEMBL:ENSG00000030582	geoatlas:evidence_missing_for	geoatlas:GAP:G7_power_limit	geoatlas:KnowledgeGapAssociation	infores:geoatlas	logical_entailment	data_analysis_pipeline				G7_power_limit	|effect| does not clear its detection floor, so no GENETIC_SUPPORT assertion is exported; the effect is bounded, not shown absent	1.0			biolink:gene_associated_with_condition	GENETIC_SUPPORT	unverified
geoatlas:g00427	ENSEMBL:ENSG00000030582	geoatlas:evidence_missing_for	geoatlas:GAP:G7_power_limit	geoatlas:KnowledgeGapAssociation	infores:geoatlas	logical_entailment	data_analysis_pipeline	UBERON:0000955			G7_power_limit	coloc discrimination PP3+PP4 = 0.035 < 0.8 — the test could not distinguish shared from distinct causal variants at ANY PP4; a low PP4 here is no evidence, not evidence against	1.0		better-powered eQTL in the relevant cell type, or a larger GWAS at this locus		MISSING	unverified
geoatlas:g00428	ENSEMBL:ENSG00000030582	geoatlas:evidence_missing_for	geoatlas:GAP:G7_power_limit	geoatlas:KnowledgeGapAssociation	infores:geoatlas	logical_entailment	data_analysis_pipeline				G7_power_limit	|effect| does not clear its detection floor, so no GENETIC_SUPPORT assertion is exported; the effect is bounded, not shown absent	1.0			biolink:gene_associated_with_condition	GENETIC_SUPPORT	unverified
geoatlas:g00429	ENSEMBL:ENSG00000030582	geoatlas:evidence_missing_for	geoatlas:GAP:G7_power_limit	geoatlas:KnowledgeGapAssociation	infores:geoatlas	logical_entailment	data_analysis_pipeline	UBERON:0000955			G7_power_limit	coloc discrimination PP3+PP4 = 0.012 < 0.8 — the test could not distinguish shared from distinct causal variants at ANY PP4; a low PP4 here is no evidence, not evidence against	1.0		better-powered eQTL in the relevant cell type, or a larger GWAS at this locus		MISSING	unverified
geoatlas:g00430	ENSEMBL:ENSG00000021645	geoatlas:evidence_missing_for	geoatlas:GAP:G4_context_gap	geoatlas:KnowledgeGapAssociation	infores:geoatlas	logical_entailment	data_analysis_pipeline	UBERON:0000955			G4_context_gap	no eQTL in any brain dataset			context-matched eQTL/sQTL panel (microglia: MiGA; bulk brain: MetaBrain/ROSMAP)		MISSING	unverified
geoatlas:g00431	ENSEMBL:ENSG00000036257	geoatlas:evidence_missing_for	geoatlas:GAP:G4_context_gap	geoatlas:KnowledgeGapAssociation	infores:geoatlas	logical_entailment	data_analysis_pipeline	UBERON:0000955			G4_context_gap	no eQTL in any brain dataset			context-matched eQTL/sQTL panel (microglia: MiGA; bulk brain: MetaBrain/ROSMAP)		MISSING	unverified
geoatlas:g00432	ENSEMBL:ENSG00000067141	geoatlas:evidence_missing_for	geoatlas:GAP:G7_power_limit	geoatlas:KnowledgeGapAssociation	infores:geoatlas	logical_entailment	data_analysis_pipeline				G7_power_limit	|effect| does not clear its detection floor, so no GENETIC_SUPPORT assertion is exported; the effect is bounded, not shown absent	1.0			biolink:gene_associated_with_condition	GENETIC_SUPPORT	unverified
geoatlas:g00433	ENSEMBL:ENSG00000067141	geoatlas:evidence_missing_for	geoatlas:GAP:G7_power_limit	geoatlas:KnowledgeGapAssociation	infores:geoatlas	logical_entailment	data_analysis_pipeline	UBERON:0000955			G7_power_limit	coloc discrimination PP3+PP4 = 0.039 < 0.8 — the test could not distinguish shared from distinct causal variants at ANY PP4; a low PP4 here is no evidence, not evidence against	1.0		better-powered eQTL in the relevant cell type, or a larger GWAS at this locus		MISSING	unverified
geoatlas:g00434	ENSEMBL:ENSG00000066777	geoatlas:evidence_missing_for	geoatlas:GAP:G4_context_gap	geoatlas:KnowledgeGapAssociation	infores:geoatlas	logical_entailment	data_analysis_pipeline	UBERON:0000955			G4_context_gap	no eQTL in any brain dataset			context-matched eQTL/sQTL panel (microglia: MiGA; bulk brain: MetaBrain/ROSMAP)		MISSING	unverified
geoatlas:g00435	ENSEMBL:ENSG00000070778	geoatlas:evidence_missing_for	geoatlas:GAP:G7_power_limit	geoatlas:KnowledgeGapAssociation	infores:geoatlas	logical_entailment	data_analysis_pipeline				G7_power_limit	|effect| does not clear its detection floor, so no GENETIC_SUPPORT assertion is exported; the effect is bounded, not shown absent	1.0			biolink:gene_associated_with_condition	GENETIC_SUPPORT	unverified
geoatlas:g00436	ENSEMBL:ENSG00000070778	geoatlas:evidence_missing_for	geoatlas:GAP:G7_power_limit	geoatlas:KnowledgeGapAssociation	infores:geoatlas	logical_entailment	data_analysis_pipeline	UBERON:0000955			G7_power_limit	coloc discrimination PP3+PP4 = 0.075 < 0.8 — the test could not distinguish shared from distinct causal variants at ANY PP4; a low PP4 here is no evidence, not evidence against	1.0		better-powered eQTL in the relevant cell type, or a larger GWAS at this locus		MISSING	unverified
geoatlas:g00437	ENSEMBL:ENSG00000000971	geoatlas:evidence_missing_for	geoatlas:GAP:G7_power_limit	geoatlas:KnowledgeGapAssociation	infores:geoatlas	logical_entailment	data_analysis_pipeline				G7_power_limit	|effect| does not clear its detection floor, so no GENETIC_SUPPORT assertion is exported; the effect is bounded, not shown absent	1.0			biolink:gene_associated_with_condition	GENETIC_SUPPORT	unverified
geoatlas:g00438	ENSEMBL:ENSG00000000971	geoatlas:evidence_missing_for	geoatlas:GAP:G7_power_limit	geoatlas:KnowledgeGapAssociation	infores:geoatlas	logical_entailment	data_analysis_pipeline	UBERON:0000955			G7_power_limit	coloc discrimination PP3+PP4 = 0.021 < 0.8 — the test could not distinguish shared from distinct causal variants at ANY PP4; a low PP4 here is no evidence, not evidence against	1.0		better-powered eQTL in the relevant cell type, or a larger GWAS at this locus		MISSING	unverified
geoatlas:g00439	ENSEMBL:ENSG00000001631	geoatlas:evidence_missing_for	geoatlas:GAP:G4_context_gap	geoatlas:KnowledgeGapAssociation	infores:geoatlas	logical_entailment	data_analysis_pipeline	UBERON:0000955			G4_context_gap	no eQTL in any brain dataset			context-matched eQTL/sQTL panel (microglia: MiGA; bulk brain: MetaBrain/ROSMAP)		MISSING	unverified
geoatlas:g00440	ENSEMBL:ENSG00000003436	geoatlas:evidence_missing_for	geoatlas:GAP:G4_context_gap	geoatlas:KnowledgeGapAssociation	infores:geoatlas	logical_entailment	data_analysis_pipeline	UBERON:0000955			G4_context_gap	no eQTL in any brain dataset			context-matched eQTL/sQTL panel (microglia: MiGA; bulk brain: MetaBrain/ROSMAP)		MISSING	unverified
geoatlas:g00441	ENSEMBL:ENSG00000004399	geoatlas:evidence_missing_for	geoatlas:GAP:G7_power_limit	geoatlas:KnowledgeGapAssociation	infores:geoatlas	logical_entailment	data_analysis_pipeline				G7_power_limit	|effect| does not clear its detection floor, so no GENETIC_SUPPORT assertion is exported; the effect is bounded, not shown absent	1.0			biolink:gene_associated_with_condition	GENETIC_SUPPORT	unverified
geoatlas:g00442	ENSEMBL:ENSG00000004399	geoatlas:evidence_missing_for	geoatlas:GAP:G7_power_limit	geoatlas:KnowledgeGapAssociation	infores:geoatlas	logical_entailment	data_analysis_pipeline	UBERON:0000955			G7_power_limit	coloc discrimination PP3+PP4 = 0.064 < 0.8 — the test could not distinguish shared from distinct causal variants at ANY PP4; a low PP4 here is no evidence, not evidence against	1.0		better-powered eQTL in the relevant cell type, or a larger GWAS at this locus		MISSING	unverified
geoatlas:g00443	ENSEMBL:ENSG00000038427	geoatlas:evidence_missing_for	geoatlas:GAP:G7_power_limit	geoatlas:KnowledgeGapAssociation	infores:geoatlas	logical_entailment	data_analysis_pipeline				G7_power_limit	|effect| does not clear its detection floor, so no GENETIC_SUPPORT assertion is exported; the effect is bounded, not shown absent	1.0			biolink:gene_associated_with_condition	GENETIC_SUPPORT	unverified
geoatlas:g00444	ENSEMBL:ENSG00000038427	geoatlas:evidence_missing_for	geoatlas:GAP:G7_power_limit	geoatlas:KnowledgeGapAssociation	infores:geoatlas	logical_entailment	data_analysis_pipeline	UBERON:0000955			G7_power_limit	coloc discrimination PP3+PP4 = 0.002 < 0.8 — the test could not distinguish shared from distinct causal variants at ANY PP4; a low PP4 here is no evidence, not evidence against	1.0		better-powered eQTL in the relevant cell type, or a larger GWAS at this locus		MISSING	unverified
geoatlas:g00445	ENSEMBL:ENSG00000001084	geoatlas:evidence_missing_for	geoatlas:GAP:G7_power_limit	geoatlas:KnowledgeGapAssociation	infores:geoatlas	logical_entailment	data_analysis_pipeline				G7_power_limit	|effect| does not clear its detection floor, so no GENETIC_SUPPORT assertion is exported; the effect is bounded, not shown absent	1.0			biolink:gene_associated_with_condition	GENETIC_SUPPORT	unverified
geoatlas:g00446	ENSEMBL:ENSG00000001084	geoatlas:evidence_missing_for	geoatlas:GAP:G7_power_limit	geoatlas:KnowledgeGapAssociation	infores:geoatlas	logical_entailment	data_analysis_pipeline	UBERON:0000955			G7_power_limit	coloc discrimination PP3+PP4 = 0.086 < 0.8 — the test could not distinguish shared from distinct causal variants at ANY PP4; a low PP4 here is no evidence, not evidence against	1.0		better-powered eQTL in the relevant cell type, or a larger GWAS at this locus		MISSING	unverified
geoatlas:g00447	ENSEMBL:ENSG00000001084	geoatlas:evidence_missing_for	geoatlas:GAP:G7_power_limit	geoatlas:KnowledgeGapAssociation	infores:geoatlas	logical_entailment	data_analysis_pipeline				G7_power_limit	|effect| does not clear its detection floor, so no GENETIC_SUPPORT assertion is exported; the effect is bounded, not shown absent	1.0			biolink:gene_associated_with_condition	GENETIC_SUPPORT	unverified
geoatlas:g00448	ENSEMBL:ENSG00000001084	geoatlas:evidence_missing_for	geoatlas:GAP:G7_power_limit	geoatlas:KnowledgeGapAssociation	infores:geoatlas	logical_entailment	data_analysis_pipeline	UBERON:0000955			G7_power_limit	coloc discrimination PP3+PP4 = 0.082 < 0.8 — the test could not distinguish shared from distinct causal variants at ANY PP4; a low PP4 here is no evidence, not evidence against	1.0		better-powered eQTL in the relevant cell type, or a larger GWAS at this locus		MISSING	unverified
geoatlas:g00449	ENSEMBL:ENSG00000001084	geoatlas:evidence_missing_for	geoatlas:GAP:G7_power_limit	geoatlas:KnowledgeGapAssociation	infores:geoatlas	logical_entailment	data_analysis_pipeline				G7_power_limit	|effect| does not clear its detection floor, so no GENETIC_SUPPORT assertion is exported; the effect is bounded, not shown absent	1.0			biolink:gene_associated_with_condition	GENETIC_SUPPORT	unverified
geoatlas:g00450	ENSEMBL:ENSG00000001084	geoatlas:evidence_missing_for	geoatlas:GAP:G7_power_limit	geoatlas:KnowledgeGapAssociation	infores:geoatlas	logical_entailment	data_analysis_pipeline	UBERON:0000955			G7_power_limit	coloc discrimination PP3+PP4 = 0.082 < 0.8 — the test could not distinguish shared from distinct causal variants at ANY PP4; a low PP4 here is no evidence, not evidence against	1.0		better-powered eQTL in the relevant cell type, or a larger GWAS at this locus		MISSING	unverified
geoatlas:g00451	ENSEMBL:ENSG00000001084	geoatlas:evidence_missing_for	geoatlas:GAP:G7_power_limit	geoatlas:KnowledgeGapAssociation	infores:geoatlas	logical_entailment	data_analysis_pipeline				G7_power_limit	|effect| does not clear its detection floor, so no GENETIC_SUPPORT assertion is exported; the effect is bounded, not shown absent	1.0			biolink:gene_associated_with_condition	GENETIC_SUPPORT	unverified
geoatlas:g00452	ENSEMBL:ENSG00000001084	geoatlas:evidence_missing_for	geoatlas:GAP:G7_power_limit	geoatlas:KnowledgeGapAssociation	infores:geoatlas	logical_entailment	data_analysis_pipeline	UBERON:0000955			G7_power_limit	coloc discrimination PP3+PP4 = 0.080 < 0.8 — the test could not distinguish shared from distinct causal variants at ANY PP4; a low PP4 here is no evidence, not evidence against	1.0		better-powered eQTL in the relevant cell type, or a larger GWAS at this locus		MISSING	unverified
geoatlas:g00453	ENSEMBL:ENSG00000080815	geoatlas:evidence_missing_for	geoatlas:GAP:G4_context_gap	geoatlas:KnowledgeGapAssociation	infores:geoatlas	logical_entailment	data_analysis_pipeline	UBERON:0000955			G4_context_gap	no eQTL in any brain dataset			context-matched eQTL/sQTL panel (microglia: MiGA; bulk brain: MetaBrain/ROSMAP)		MISSING	unverified
geoatlas:g00454	ENSEMBL:ENSG00000086015	geoatlas:evidence_missing_for	geoatlas:GAP:G4_context_gap	geoatlas:KnowledgeGapAssociation	infores:geoatlas	logical_entailment	data_analysis_pipeline	UBERON:0000955			G4_context_gap	no eQTL in any brain dataset			context-matched eQTL/sQTL panel (microglia: MiGA; bulk brain: MetaBrain/ROSMAP)		MISSING	unverified
geoatlas:g00455	ENSEMBL:ENSG00000068383	geoatlas:evidence_missing_for	geoatlas:GAP:G4_context_gap	geoatlas:KnowledgeGapAssociation	infores:geoatlas	logical_entailment	data_analysis_pipeline	UBERON:0000955			G4_context_gap	no eQTL in any brain dataset			context-matched eQTL/sQTL panel (microglia: MiGA; bulk brain: MetaBrain/ROSMAP)		MISSING	unverified
geoatlas:g00456	ENSEMBL:ENSG00000153208	geoatlas:evidence_missing_for	geoatlas:GAP:G7_power_limit	geoatlas:KnowledgeGapAssociation	infores:geoatlas	logical_entailment	data_analysis_pipeline		CL:0000576	geoatlas:DATASET:BLUEPRINT	G7_power_limit	|effect| does not clear its detection floor, so no QTL assertion is exported; the effect is bounded, not shown absent	0.034807943661971825			biolink:affects	QTL	unverified
geoatlas:g00457	ENSEMBL:ENSG00000153208	geoatlas:evidence_missing_for	geoatlas:GAP:G7_power_limit	geoatlas:KnowledgeGapAssociation	infores:geoatlas	logical_entailment	data_analysis_pipeline	UBERON:0009834		geoatlas:DATASET:ROSMAP	G7_power_limit	|effect| does not clear its detection floor, so no QTL assertion is exported; the effect is bounded, not shown absent	0.06864899999999984			biolink:affects	QTL	unverified
geoatlas:g00458	ENSEMBL:ENSG00000153208	geoatlas:evidence_missing_for	geoatlas:GAP:G7_power_limit	geoatlas:KnowledgeGapAssociation	infores:geoatlas	logical_entailment	data_analysis_pipeline	UBERON:0009834		geoatlas:DATASET:BrainSeq	G7_power_limit	|effect| does not clear its detection floor, so no QTL assertion is exported; the effect is bounded, not shown absent	0.13729799999999967			biolink:affects	QTL	unverified
geoatlas:g00459	ENSEMBL:ENSG00000153208	geoatlas:evidence_missing_for	geoatlas:GAP:G7_power_limit	geoatlas:KnowledgeGapAssociation	infores:geoatlas	logical_entailment	data_analysis_pipeline	UBERON:0009834		geoatlas:DATASET:CommonMind	G7_power_limit	|effect| does not clear its detection floor, so no QTL assertion is exported; the effect is bounded, not shown absent	0.06864899999999984			biolink:affects	QTL	unverified
geoatlas:g00460	ENSEMBL:ENSG00000115232	geoatlas:evidence_missing_for	geoatlas:GAP:G7_power_limit	geoatlas:KnowledgeGapAssociation	infores:geoatlas	logical_entailment	data_analysis_pipeline		CL:0000576	geoatlas:DATASET:OneK1K	G7_power_limit	|effect| does not clear its detection floor, so no QTL assertion is exported; the effect is bounded, not shown absent	0.08041740000000003			biolink:affects	QTL	unverified
geoatlas:g00461	ENSEMBL:ENSG00000115232	geoatlas:evidence_missing_for	geoatlas:GAP:G7_power_limit	geoatlas:KnowledgeGapAssociation	infores:geoatlas	logical_entailment	data_analysis_pipeline		CL:0000576	geoatlas:DATASET:Perez	G7_power_limit	|effect| does not clear its detection floor, so no QTL assertion is exported; the effect is bounded, not shown absent	0.05744100000000002			biolink:affects	QTL	unverified
geoatlas:g00462	ENSEMBL:ENSG00000115232	geoatlas:evidence_missing_for	geoatlas:GAP:G7_power_limit	geoatlas:KnowledgeGapAssociation	infores:geoatlas	logical_entailment	data_analysis_pipeline		CL:0000576	geoatlas:DATASET:Quach	G7_power_limit	|effect| does not clear its detection floor, so no QTL assertion is exported; the effect is bounded, not shown absent	0.03876099999999991			biolink:affects	QTL	unverified
geoatlas:g00463	ENSEMBL:ENSG00000115232	geoatlas:evidence_missing_for	geoatlas:GAP:G7_power_limit	geoatlas:KnowledgeGapAssociation	infores:geoatlas	logical_entailment	data_analysis_pipeline		CL:0000576	geoatlas:DATASET:BLUEPRINT	G7_power_limit	|effect| does not clear its detection floor, so no QTL assertion is exported; the effect is bounded, not shown absent	0.022976400000000008			biolink:affects	QTL	unverified
geoatlas:g00464	ENSEMBL:ENSG00000170266	geoatlas:evidence_missing_for	geoatlas:GAP:G7_power_limit	geoatlas:KnowledgeGapAssociation	infores:geoatlas	logical_entailment	data_analysis_pipeline		CL:0000576	geoatlas:DATASET:Quach	G7_power_limit	|effect| does not clear its detection floor, so no QTL assertion is exported; the effect is bounded, not shown absent	0.06783789473684212			biolink:affects	QTL	unverified
geoatlas:g00465	ENSEMBL:ENSG00000170266	geoatlas:evidence_missing_for	geoatlas:GAP:G7_power_limit	geoatlas:KnowledgeGapAssociation	infores:geoatlas	logical_entailment	data_analysis_pipeline		CL:0000576	geoatlas:DATASET:BLUEPRINT	G7_power_limit	|effect| does not clear its detection floor, so no QTL assertion is exported; the effect is bounded, not shown absent	0.04845811764705882			biolink:affects	QTL	unverified
geoatlas:g00466	ENSEMBL:ENSG00000170266	geoatlas:evidence_missing_for	geoatlas:GAP:G7_power_limit	geoatlas:KnowledgeGapAssociation	infores:geoatlas	logical_entailment	data_analysis_pipeline	UBERON:0009834		geoatlas:DATASET:ROSMAP	G7_power_limit	|effect| does not clear its detection floor, so no QTL assertion is exported; the effect is bounded, not shown absent	0.09477352941176474			biolink:affects	QTL	unverified
geoatlas:g00467	ENSEMBL:ENSG00000160791	geoatlas:evidence_missing_for	geoatlas:GAP:G7_power_limit	geoatlas:KnowledgeGapAssociation	infores:geoatlas	logical_entailment	data_analysis_pipeline		CL:0000576	geoatlas:DATASET:Quach	G7_power_limit	|effect| does not clear its detection floor, so no QTL assertion is exported; the effect is bounded, not shown absent	0.0413833846153846			biolink:affects	QTL	unverified
geoatlas:g00468	ENSEMBL:ENSG00000160791	geoatlas:evidence_missing_for	geoatlas:GAP:G7_power_limit	geoatlas:KnowledgeGapAssociation	infores:geoatlas	logical_entailment	data_analysis_pipeline		CL:0000576	geoatlas:DATASET:BLUEPRINT	G7_power_limit	|effect| does not clear its detection floor, so no QTL assertion is exported; the effect is bounded, not shown absent	0.03680238805970148			biolink:affects	QTL	unverified
geoatlas:g00469	ENSEMBL:ENSG00000169313	geoatlas:evidence_missing_for	geoatlas:GAP:G7_power_limit	geoatlas:KnowledgeGapAssociation	infores:geoatlas	logical_entailment	data_analysis_pipeline		CL:0000576	geoatlas:DATASET:BLUEPRINT	G7_power_limit	|effect| does not clear its detection floor, so no QTL assertion is exported; the effect is bounded, not shown absent	0.03242314285714286			biolink:affects	QTL	unverified
geoatlas:g00470	ENSEMBL:ENSG00000164136	geoatlas:evidence_missing_for	geoatlas:GAP:G7_power_limit	geoatlas:KnowledgeGapAssociation	infores:geoatlas	logical_entailment	data_analysis_pipeline	UBERON:0009834		geoatlas:DATASET:CommonMind	G7_power_limit	|effect| does not clear its detection floor, so no QTL assertion is exported; the effect is bounded, not shown absent	0.09863040000000002			biolink:affects	QTL	unverified
geoatlas:g00471	ENSEMBL:ENSG00000136235	geoatlas:evidence_missing_for	geoatlas:GAP:G7_power_limit	geoatlas:KnowledgeGapAssociation	infores:geoatlas	logical_entailment	data_analysis_pipeline		CL:0000576	geoatlas:DATASET:BLUEPRINT	G7_power_limit	|effect| does not clear its detection floor, so no QTL assertion is exported; the effect is bounded, not shown absent	0.025218000000000004			biolink:affects	QTL	unverified
geoatlas:g00472	ENSEMBL:ENSG00000136235	geoatlas:evidence_missing_for	geoatlas:GAP:G7_power_limit	geoatlas:KnowledgeGapAssociation	infores:geoatlas	logical_entailment	data_analysis_pipeline	UBERON:0000956		geoatlas:DATASET:GTEx	G7_power_limit	|effect| does not clear its detection floor, so no QTL assertion is exported; the effect is bounded, not shown absent	0.03725902702702703			biolink:affects	QTL	unverified
geoatlas:g00473	ENSEMBL:ENSG00000136235	geoatlas:evidence_missing_for	geoatlas:GAP:G7_power_limit	geoatlas:KnowledgeGapAssociation	infores:geoatlas	logical_entailment	data_analysis_pipeline	UBERON:0009834		geoatlas:DATASET:ROSMAP	G7_power_limit	|effect| does not clear its detection floor, so no QTL assertion is exported; the effect is bounded, not shown absent	0.03013298360655737			biolink:affects	QTL	unverified
geoatlas:g00474	ENSEMBL:ENSG00000136235	geoatlas:evidence_missing_for	geoatlas:GAP:G7_power_limit	geoatlas:KnowledgeGapAssociation	infores:geoatlas	logical_entailment	data_analysis_pipeline	UBERON:0009834		geoatlas:DATASET:BrainSeq	G7_power_limit	|effect| does not clear its detection floor, so no QTL assertion is exported; the effect is bounded, not shown absent	0.043468864864864856			biolink:affects	QTL	unverified
geoatlas:g00475	ENSEMBL:ENSG00000136235	geoatlas:evidence_missing_for	geoatlas:GAP:G7_power_limit	geoatlas:KnowledgeGapAssociation	infores:geoatlas	logical_entailment	data_analysis_pipeline	UBERON:0009834		geoatlas:DATASET:CommonMind	G7_power_limit	|effect| does not clear its detection floor, so no QTL assertion is exported; the effect is bounded, not shown absent	0.024839351351351353			biolink:affects	QTL	unverified
geoatlas:g00476	ENSEMBL:ENSG00000147889	geoatlas:evidence_missing_for	geoatlas:GAP:G7_power_limit	geoatlas:KnowledgeGapAssociation	infores:geoatlas	logical_entailment	data_analysis_pipeline	UBERON:0009834		geoatlas:DATASET:ROSMAP	G7_power_limit	|effect| does not clear its detection floor, so no QTL assertion is exported; the effect is bounded, not shown absent	0.09273876106194694			biolink:affects	QTL	unverified
geoatlas:g00477	ENSEMBL:ENSG00000134470	geoatlas:evidence_missing_for	geoatlas:GAP:G7_power_limit	geoatlas:KnowledgeGapAssociation	infores:geoatlas	logical_entailment	data_analysis_pipeline		CL:0000576	geoatlas:DATASET:BLUEPRINT	G7_power_limit	|effect| does not clear its detection floor, so no QTL assertion is exported; the effect is bounded, not shown absent	0.052304			biolink:affects	QTL	unverified
geoatlas:g00478	ENSEMBL:ENSG00000167601	geoatlas:evidence_missing_for	geoatlas:GAP:G7_power_limit	geoatlas:KnowledgeGapAssociation	infores:geoatlas	logical_entailment	data_analysis_pipeline		CL:0000576	geoatlas:DATASET:BLUEPRINT	G7_power_limit	|effect| does not clear its detection floor, so no QTL assertion is exported; the effect is bounded, not shown absent	0.038796923076923076			biolink:affects	QTL	unverified
